"DataExtractDate","ReportPeriod","Terminal","Arrival_Departure","Domestic_International","Passenger_Count"
"2021 May 10 06:01:09 AM","2021 Apr 01 12:00:00 AM","T1","Departure","Domestic","160,413"
"2021 May 03 03:08:02 PM","2021 Mar 01 12:00:00 AM","T5","Departure","Domestic","223,866"
"2021 May 27 03:16:34 PM","2021 Apr 01 12:00:00 AM","T5","Departure","Domestic","266,035"
"2021 Jul 10 06:01:27 AM","2021 Jun 01 12:00:00 AM","T6","Arrival","International","6,195"
"2021 May 10 06:01:09 AM","2021 Apr 01 12:00:00 AM","T8","Arrival","Domestic","54,925"
"2021 Aug 01 12:00:23 AM","2021 Jun 01 12:00:00 AM","T5","Arrival","Domestic","365,255"
"2021 May 27 03:16:34 PM","2021 Apr 01 12:00:00 AM","Miscellaneous Terminal","Arrival","Domestic","20,394"
"2021 May 03 03:08:02 PM","2021 Mar 01 12:00:00 AM","T6","Arrival","Domestic","110,785"
"2021 Apr 10 06:01:03 AM","2021 Mar 01 12:00:00 AM","T7","Departure","International","15,251"
"2021 May 10 06:01:09 AM","2021 Apr 01 12:00:00 AM","T1","Arrival","Domestic","162,770"
"2021 May 27 03:16:34 PM","2021 Apr 01 12:00:00 AM","T4","Departure","Domestic","242,919"
"2021 May 27 03:16:34 PM","2021 Apr 01 12:00:00 AM","Miscellaneous Terminal","Arrival","International","199"
"2021 Apr 10 06:01:03 AM","2021 Mar 01 12:00:00 AM","T4","Arrival","Domestic","207,905"
"2021 May 27 03:16:34 PM","2021 Apr 01 12:00:00 AM","T4","Departure","International","17,142"
"2021 May 03 03:08:02 PM","2021 Mar 01 12:00:00 AM","T5","Arrival","Domestic","220,456"
"2021 Apr 09 10:34:29 AM","2021 Mar 01 12:00:00 AM","T6","Arrival","International","7,495"
"2021 May 10 06:01:09 AM","2021 Apr 01 12:00:00 AM","T2","Departure","Domestic","258,987"
"2021 Apr 10 06:01:03 AM","2021 Mar 01 12:00:00 AM","Miscellaneous Terminal","Arrival","Domestic","244"
"2021 May 10 06:01:09 AM","2021 Apr 01 12:00:00 AM","T2","Departure","International","19,161"
"2021 May 27 03:16:34 PM","2021 Apr 01 12:00:00 AM","Miscellaneous Terminal","Departure","Domestic","19,884"
"2021 Aug 01 12:00:23 AM","2021 Jun 01 12:00:00 AM","Miscellaneous Terminal","Arrival","Domestic","65,705"
"2021 Apr 10 06:01:03 AM","2021 Mar 01 12:00:00 AM","T8","Departure","Domestic","47,627"
"2021 May 10 06:01:09 AM","2021 Apr 01 12:00:00 AM","T7","Arrival","Domestic","141,457"
"2021 May 10 06:01:09 AM","2021 Apr 01 12:00:00 AM","T8","Departure","International","2,953"
"2021 May 10 06:01:09 AM","2021 Apr 01 12:00:00 AM","T8","Departure","Domestic","49,034"
"2021 May 27 03:16:34 PM","2021 Apr 01 12:00:00 AM","T5","Arrival","International","49"
"2021 Apr 10 06:01:03 AM","2021 Mar 01 12:00:00 AM","T4","Arrival","International","2,351"
"2021 Apr 10 06:01:03 AM","2021 Mar 01 12:00:00 AM","T8","Departure","International","1,255"
"2021 May 03 03:08:02 PM","2021 Mar 01 12:00:00 AM","T6","Departure","Domestic","111,915"
"2021 Apr 10 06:01:03 AM","2021 Mar 01 12:00:00 AM","Miscellaneous Terminal","Departure","Domestic","393"
"2021 May 03 03:08:02 PM","2021 Mar 01 12:00:00 AM","T5","Departure","International","1,471"
"2021 May 27 03:16:34 PM","2021 Apr 01 12:00:00 AM","T4","Arrival","International","3,691"
"2021 Apr 10 06:01:03 AM","2021 Mar 01 12:00:00 AM","TBIT","Departure","Domestic","45,065"
"2021 Apr 10 06:01:03 AM","2021 Mar 01 12:00:00 AM","T8","Arrival","Domestic","51,251"
"2021 Apr 10 06:01:03 AM","2021 Mar 01 12:00:00 AM","T7","Arrival","International","37,998"
"2021 May 10 06:01:09 AM","2021 Apr 01 12:00:00 AM","T7","Departure","International","17,475"
"2021 Apr 10 06:01:03 AM","2021 Mar 01 12:00:00 AM","T7","Departure","Domestic","138,132"
"2021 Apr 10 06:01:03 AM","2021 Mar 01 12:00:00 AM","T2","Departure","Domestic","221,008"
"2021 Apr 10 06:01:03 AM","2021 Mar 01 12:00:00 AM","T5","Arrival","International","185"
"2021 Apr 09 10:34:29 AM","2021 Mar 01 12:00:00 AM","T1","Arrival","Domestic","141,929"
"2021 Apr 10 06:01:03 AM","2021 Mar 01 12:00:00 AM","T7","Arrival","Domestic","133,224"
"2021 Apr 10 06:01:03 AM","2021 Mar 01 12:00:00 AM","T4","Departure","International","11,622"
"2021 May 27 03:16:34 PM","2021 Apr 01 12:00:00 AM","T5","Departure","International","1,671"
"2021 May 10 06:01:09 AM","2021 Apr 01 12:00:00 AM","T7","Departure","Domestic","149,482"
"2021 Apr 10 06:01:03 AM","2021 Mar 01 12:00:00 AM","T2","Arrival","Domestic","258,613"
"2021 May 27 03:16:34 PM","2021 Apr 01 12:00:00 AM","TBIT","Departure","Domestic","43,593"
"2021 Apr 10 06:01:03 AM","2021 Mar 01 12:00:00 AM","T4","Departure","Domestic","209,389"
"2021 May 27 03:16:34 PM","2021 Apr 01 12:00:00 AM","T6","Departure","International","38,619"
"2021 May 10 06:01:09 AM","2021 Apr 01 12:00:00 AM","T2","Arrival","Domestic","294,362"
"2021 May 27 03:16:34 PM","2021 Apr 01 12:00:00 AM","T6","Arrival","International","10,637"
"2021 May 27 03:16:34 PM","2021 Apr 01 12:00:00 AM","T7","Arrival","International","47,269"
"2021 Apr 09 10:34:29 AM","2021 Mar 01 12:00:00 AM","T1","Departure","Domestic","140,186"
"2021 May 27 03:16:34 PM","2021 Apr 01 12:00:00 AM","T6","Arrival","Domestic","134,906"
"2021 Aug 01 12:00:23 AM","2021 Jun 01 12:00:00 AM","T4","Departure","Domestic","351,074"
"2021 Apr 10 06:01:03 AM","2021 Mar 01 12:00:00 AM","T2","Departure","International","18,479"
"2021 May 27 03:16:34 PM","2021 Apr 01 12:00:00 AM","T6","Departure","Domestic","133,773"
"2021 Apr 10 06:01:03 AM","2021 Mar 01 12:00:00 AM","TBIT","Arrival","Domestic","4,399"
"2021 May 27 03:16:34 PM","2021 Apr 01 12:00:00 AM","T4","Arrival","Domestic","242,914"
"2021 May 27 03:16:34 PM","2021 Apr 01 12:00:00 AM","Miscellaneous Terminal","Departure","International","178"
"2021 May 27 03:16:34 PM","2021 Apr 01 12:00:00 AM","T5","Arrival","Domestic","271,545"
"2021 May 27 03:16:34 PM","2021 Apr 01 12:00:00 AM","TBIT","Arrival","Domestic","3,322"
"2021 Apr 09 10:34:29 AM","2021 Mar 01 12:00:00 AM","T6","Departure","International","35,582"
"2021 Jun 11 12:35:47 PM","2020 Dec 01 12:00:00 AM","TBIT","Departure","International","130,832"
"2021 Jun 11 12:35:47 PM","2021 May 01 12:00:00 AM","Miscellaneous Terminal","Departure","International","306"
"2021 Nov 10 06:01:08 AM","2021 Oct 01 12:00:00 AM","T7","Departure","Domestic","269,242"
"2021 Jun 11 12:35:47 PM","2020 Nov 01 12:00:00 AM","TBIT","Arrival","International","114,917"
"2021 Jun 11 12:35:47 PM","2020 Jul 01 12:00:00 AM","TBIT","Arrival","International","59,897"
"2021 Dec 01 12:00:21 AM","2021 Oct 01 12:00:00 AM","T6","Arrival","Domestic","158,090"
"2021 Jun 29 10:06:21 AM","2021 May 01 12:00:00 AM","T8","Arrival","International","56"
"2021 Jun 09 09:21:54 AM","2021 May 01 12:00:00 AM","T6","Arrival","Domestic","146,268"
"2021 Jun 11 12:35:47 PM","2021 Mar 01 12:00:00 AM","TBIT","Departure","International","92,878"
"2021 Jun 11 12:35:47 PM","2021 May 01 12:00:00 AM","TBIT","Arrival","Domestic","3,855"
"2021 Jul 10 06:01:27 AM","2021 Jun 01 12:00:00 AM","T7","Arrival","Domestic","222,540"
"2021 Jun 11 12:35:47 PM","2021 May 01 12:00:00 AM","T7","Departure","Domestic","169,616"
"2021 Jun 11 12:35:47 PM","2020 Jul 01 12:00:00 AM","TBIT","Departure","International","72,626"
"2021 Jun 11 12:35:47 PM","2021 Jan 01 12:00:00 AM","TBIT","Departure","International","90,663"
"2021 Jun 11 12:35:47 PM","2021 May 01 12:00:00 AM","T4","Arrival","Domestic","303,360"
"2021 Jun 11 12:35:47 PM","2020 Oct 01 12:00:00 AM","TBIT","Arrival","International","109,224"
"2021 Jun 11 12:35:47 PM","2021 May 01 12:00:00 AM","T6","Arrival","International","2,867"
"2021 Jun 11 12:35:47 PM","2020 Sep 01 12:00:00 AM","TBIT","Arrival","International","88,979"
"2021 Jun 11 12:35:47 PM","2020 Aug 01 12:00:00 AM","TBIT","Departure","International","76,953"
"2021 Jun 11 12:35:47 PM","2021 Feb 01 12:00:00 AM","TBIT","Arrival","International","83,971"
"2021 Jun 09 09:21:54 AM","2021 May 01 12:00:00 AM","T1","Departure","Domestic","184,294"
"2021 Jun 11 12:35:47 PM","2021 May 01 12:00:00 AM","T8","Departure","Domestic","58,683"
"2021 Jun 29 10:06:21 AM","2021 May 01 12:00:00 AM","T5","Departure","Domestic","340,719"
"2021 Jun 11 12:35:47 PM","2020 Sep 01 12:00:00 AM","TBIT","Departure","International","82,096"
"2021 Nov 10 06:01:08 AM","2021 Oct 01 12:00:00 AM","T7","Arrival","Domestic","277,464"
"2021 Jun 11 12:35:47 PM","2021 Apr 01 12:00:00 AM","TBIT","Departure","International","110,476"
"2021 Jun 29 10:06:21 AM","2021 May 01 12:00:00 AM","TBIT","Arrival","International","208,353"
"2021 Jun 11 12:35:47 PM","2020 Oct 01 12:00:00 AM","TBIT","Departure","International","92,717"
"2021 Jun 11 12:35:47 PM","2021 Feb 01 12:00:00 AM","TBIT","Departure","International","68,791"
"2021 Nov 10 06:01:08 AM","2021 Oct 01 12:00:00 AM","T8","Departure","Domestic","106,034"
"2021 Jun 11 12:35:47 PM","2021 May 01 12:00:00 AM","T4","Departure","Domestic","306,640"
"2021 Jun 11 12:35:47 PM","2021 May 01 12:00:00 AM","Miscellaneous Terminal","Departure","Domestic","28,784"
"2021 Jun 09 09:21:54 AM","2021 May 01 12:00:00 AM","T6","Departure","Domestic","148,770"
"2021 Jun 11 12:35:47 PM","2020 Aug 01 12:00:00 AM","TBIT","Arrival","International","76,923"
"2021 Jun 11 12:35:47 PM","2021 May 01 12:00:00 AM","T6","Departure","International","35,662"
"2021 Jun 09 09:21:54 AM","2021 May 01 12:00:00 AM","T1","Arrival","Domestic","188,164"
"2021 Jun 11 12:35:47 PM","2021 May 01 12:00:00 AM","T8","Arrival","Domestic","57,833"
"2021 Jun 11 12:35:47 PM","2021 May 01 12:00:00 AM","T8","Departure","International","6,351"
"2021 Jun 11 12:35:47 PM","2021 May 01 12:00:00 AM","Miscellaneous Terminal","Arrival","International","320"
"2021 Jun 11 12:35:47 PM","2020 Dec 01 12:00:00 AM","TBIT","Arrival","International","120,988"
"2021 Jun 29 10:06:21 AM","2021 May 01 12:00:00 AM","T5","Arrival","Domestic","349,982"
"2021 Jun 11 12:35:47 PM","2021 May 01 12:00:00 AM","T4","Departure","International","11,960"
"2021 Jun 11 12:35:47 PM","2021 Apr 01 12:00:00 AM","TBIT","Arrival","International","154,701"
"2021 Jun 11 12:35:47 PM","2020 Nov 01 12:00:00 AM","TBIT","Departure","International","98,776"
"2021 Jun 11 12:35:47 PM","2021 Jan 01 12:00:00 AM","TBIT","Arrival","International","142,313"
"2021 Jun 11 12:35:47 PM","2021 May 01 12:00:00 AM","Miscellaneous Terminal","Arrival","Domestic","30,574"
"2021 Jun 29 10:06:21 AM","2021 May 01 12:00:00 AM","T2","Arrival","Domestic","461,734"
"2021 Jun 11 12:35:47 PM","2021 May 01 12:00:00 AM","T7","Departure","International","26,862"
"2021 Jun 11 12:35:47 PM","2021 May 01 12:00:00 AM","T7","Arrival","Domestic","167,366"
"2021 Jun 29 10:06:21 AM","2021 May 01 12:00:00 AM","T5","Departure","International","7,026"
"2021 Jun 29 10:06:21 AM","2021 May 01 12:00:00 AM","TBIT","Departure","Domestic","73,267"
"2021 Jun 29 10:06:21 AM","2021 May 01 12:00:00 AM","T2","Departure","International","29,119"
"2021 Jun 29 10:06:21 AM","2021 May 01 12:00:00 AM","T2","Departure","Domestic","395,010"
"2021 Jun 11 12:35:47 PM","2021 May 01 12:00:00 AM","T7","Arrival","International","50,595"
"2021 Jun 11 12:35:47 PM","2021 Mar 01 12:00:00 AM","TBIT","Arrival","International","121,931"
"2021 Jun 11 12:35:47 PM","2021 May 01 12:00:00 AM","T4","Arrival","International","2,118"
"2021 Nov 10 06:01:08 AM","2021 Oct 01 12:00:00 AM","T2","Arrival","International","10,405"
"2021 Aug 01 12:00:23 AM","2021 Jun 01 12:00:00 AM","T7","Arrival","International","47,471"
"2021 Dec 01 12:00:21 AM","2021 Oct 01 12:00:00 AM","T2","Departure","International","23,863"
"2021 Aug 01 12:00:23 AM","2021 May 01 12:00:00 AM","TBIT","Departure","International","153,421"
"2021 Aug 01 12:00:23 AM","2021 Jun 01 12:00:00 AM","T6","Departure","International","41,344"
"2021 Jul 10 06:01:27 AM","2021 Jun 01 12:00:00 AM","T8","Arrival","Domestic","69,782"
"2021 Aug 01 12:00:23 AM","2021 Jun 01 12:00:00 AM","T4","Arrival","Domestic","355,446"
"2021 Aug 01 12:00:23 AM","2021 Jun 01 12:00:00 AM","T5","Departure","International","13,522"
"2021 Dec 01 12:00:21 AM","2021 Oct 01 12:00:00 AM","TBIT","Arrival","International","229,869"
"2021 Jul 10 06:01:27 AM","2021 Jun 01 12:00:00 AM","T1","Departure","Domestic","226,122"
"2021 Nov 10 06:01:08 AM","2021 Oct 01 12:00:00 AM","Miscellaneous Terminal","Arrival","International","9"
"2021 Aug 01 12:00:23 AM","2021 Jun 01 12:00:00 AM","Miscellaneous Terminal","Arrival","International","268"
"2021 Jul 10 06:01:27 AM","2021 Jun 01 12:00:00 AM","T8","Departure","International","11,204"
"2021 Aug 01 12:00:23 AM","2021 Jun 01 12:00:00 AM","T2","Departure","Domestic","412,607"
"2021 Aug 01 12:00:23 AM","2021 Jun 01 12:00:00 AM","T4","Departure","International","13,271"
"2021 Aug 01 12:00:23 AM","2021 Jun 01 12:00:00 AM","TBIT","Departure","International","155,227"
"2021 Aug 01 12:00:23 AM","2021 Jun 01 12:00:00 AM","TBIT","Arrival","International","232,472"
"2021 Aug 01 12:00:23 AM","2021 Jun 01 12:00:00 AM","T5","Departure","Domestic","380,047"
"2021 Jul 10 06:01:27 AM","2021 Jun 01 12:00:00 AM","T7","Departure","Domestic","222,638"
"2021 Aug 01 12:00:23 AM","2021 Jun 01 12:00:00 AM","T2","Arrival","Domestic","488,718"
"2021 Jul 10 06:01:27 AM","2021 Jun 01 12:00:00 AM","T1","Arrival","Domestic","226,637"
"2021 Jul 10 06:01:27 AM","2021 Jun 01 12:00:00 AM","T8","Arrival","International","2,582"
"2021 Aug 01 12:00:23 AM","2021 Jun 01 12:00:00 AM","Miscellaneous Terminal","Departure","Domestic","67,443"
"2021 Dec 01 12:00:21 AM","2021 Oct 01 12:00:00 AM","T4","Arrival","International","70"
"2021 Aug 01 12:00:23 AM","2021 Jun 01 12:00:00 AM","T4","Arrival","International","5,010"
"2021 Aug 01 12:00:23 AM","2021 Jun 01 12:00:00 AM","TBIT","Arrival","Domestic","9,244"
"2021 Jul 10 06:01:27 AM","2021 Jun 01 12:00:00 AM","T7","Departure","International","41,579"
"2021 Aug 01 12:00:23 AM","2021 Jun 01 12:00:00 AM","Miscellaneous Terminal","Departure","International","232"
"2021 Aug 01 12:00:23 AM","2021 Jun 01 12:00:00 AM","TBIT","Departure","Domestic","103,734"
"2021 Aug 01 12:00:23 AM","2021 Jun 01 12:00:00 AM","T2","Departure","International","36,418"
"2021 Aug 01 12:00:23 AM","2021 Jun 01 12:00:00 AM","T6","Departure","Domestic","173,414"
"2021 Jul 10 06:01:27 AM","2021 Jun 01 12:00:00 AM","T8","Departure","Domestic","79,154"
"2021 Aug 01 12:00:23 AM","2021 Jun 01 12:00:00 AM","T6","Arrival","Domestic","168,948"
"2021 Dec 01 12:00:21 AM","2021 Oct 01 12:00:00 AM","T4","Departure","International","16,205"
"2021 Dec 01 12:00:21 AM","2021 Oct 01 12:00:00 AM","TBIT","Arrival","Domestic","23,064"
"2021 Nov 10 06:01:08 AM","2021 Oct 01 12:00:00 AM","T8","Departure","International","7,613"
"2021 Dec 01 12:00:21 AM","2021 Oct 01 12:00:00 AM","T6","Departure","International","56,406"
"2021 Dec 01 12:00:21 AM","2021 Oct 01 12:00:00 AM","TBIT West Gates","Departure","International","78,607"
"2021 Dec 01 12:00:21 AM","2021 Oct 01 12:00:00 AM","T4","Arrival","Domestic","305,702"
"2021 Nov 10 06:01:08 AM","2021 Oct 01 12:00:00 AM","TBIT West Gates","Arrival","Domestic","41,966"
"2021 Dec 01 12:00:21 AM","2021 Oct 01 12:00:00 AM","T6","Departure","Domestic","153,846"
"2021 Dec 01 12:00:21 AM","2021 Oct 01 12:00:00 AM","T5","Departure","Domestic","324,390"
"2022 Jun 01 12:00:23 AM","2022 Apr 01 12:00:00 AM","Miscellaneous Terminal","Departure","International","98"
"2021 Dec 01 12:00:21 AM","2021 Oct 01 12:00:00 AM","T2","Departure","Domestic","409,055"
"2021 Nov 10 06:01:08 AM","2021 Oct 01 12:00:00 AM","T6","Arrival","International","26,968"
"2021 Nov 10 06:01:08 AM","2021 Oct 01 12:00:00 AM","T1","Arrival","Domestic","257,390"
"2021 Nov 10 06:01:08 AM","2021 Oct 01 12:00:00 AM","T7","Departure","International","22,202"
"2021 Nov 10 06:01:08 AM","2021 Oct 01 12:00:00 AM","T8","Arrival","Domestic","102,251"
"2021 Dec 01 12:00:21 AM","2021 Oct 01 12:00:00 AM","T2","Arrival","Domestic","486,249"
"2022 May 10 06:01:09 AM","2022 Apr 01 12:00:00 AM","T8","Departure","International","9,832"
"2021 Dec 01 12:00:21 AM","2021 Oct 01 12:00:00 AM","TBIT","Departure","International","155,882"
"2021 Dec 01 12:00:21 AM","2021 Oct 01 12:00:00 AM","T5","Departure","International","11,822"
"2021 Nov 10 06:01:08 AM","2021 Oct 01 12:00:00 AM","T1","Departure","Domestic","256,173"
"2021 Nov 10 06:01:08 AM","2021 Oct 01 12:00:00 AM","TBIT West Gates","Departure","Domestic","41,620"
"2021 Dec 01 12:00:21 AM","2021 Oct 01 12:00:00 AM","TBIT","Departure","Domestic","112,401"
"2021 Nov 10 06:01:08 AM","2021 Oct 01 12:00:00 AM","T7","Arrival","International","31,361"
"2021 Dec 01 12:00:21 AM","2021 Oct 01 12:00:00 AM","TBIT West Gates","Arrival","International","94,469"
"2021 Dec 01 12:00:21 AM","2021 Oct 01 12:00:00 AM","T4","Departure","Domestic","289,360"
"2021 Dec 01 12:00:21 AM","2021 Oct 01 12:00:00 AM","T5","Arrival","Domestic","328,861"
"2022 Mar 01 12:00:19 AM","2022 Jan 01 12:00:00 AM","T8","Arrival","International","1,125"
"2022 Mar 01 12:00:19 AM","2022 Jan 01 12:00:00 AM","T5","Departure","International","8,831"
"2022 Jun 01 12:00:23 AM","2022 Apr 01 12:00:00 AM","T6","Departure","International","72,269"
"2022 Mar 01 12:00:19 AM","2022 Jan 01 12:00:00 AM","T4","Arrival","Domestic","218,336"
"2022 Feb 07 03:24:29 PM","2022 Jan 01 12:00:00 AM","T2","Arrival","Domestic","376,030"
"2022 Mar 01 12:00:19 AM","2022 Jan 01 12:00:00 AM","TBIT","Departure","International","208,377"
"2022 Mar 01 12:00:19 AM","2022 Jan 01 12:00:00 AM","Miscellaneous Terminal","Arrival","International","184"
"2022 Mar 01 12:00:19 AM","2022 Jan 01 12:00:00 AM","T4","Departure","Domestic","196,678"
"2022 Feb 04 08:32:57 AM","2022 Jan 01 12:00:00 AM","T2","Arrival","International","6,382"
"2022 Mar 01 12:00:19 AM","2022 Jan 01 12:00:00 AM","T7","Arrival","Domestic","217,386"
"2023 Apr 01 12:01:02 AM","2023 Feb 01 12:00:00 AM","Miscellaneous Terminal","Arrival","Domestic","42,911"
"2022 Feb 07 03:24:29 PM","2022 Jan 01 12:00:00 AM","T6","Arrival","International","16,391"
"2022 Feb 07 03:24:29 PM","2022 Jan 01 12:00:00 AM","T1","Arrival","Domestic","189,825"
"2022 Mar 01 12:00:19 AM","2022 Jan 01 12:00:00 AM","TBIT","Departure","Domestic","98,313"
"2022 Mar 01 12:00:19 AM","2022 Jan 01 12:00:00 AM","T8","Departure","International","5,700"
"2022 Mar 01 12:00:19 AM","2022 Jan 01 12:00:00 AM","T4","Departure","International","13,405"
"2022 Feb 07 03:24:29 PM","2022 Jan 01 12:00:00 AM","T2","Departure","Domestic","320,957"
"2022 Mar 01 12:00:19 AM","2022 Jan 01 12:00:00 AM","T8","Arrival","Domestic","82,488"
"2022 Feb 07 03:24:29 PM","2022 Jan 01 12:00:00 AM","T1","Departure","Domestic","185,211"
"2022 Jun 01 12:00:23 AM","2022 Apr 01 12:00:00 AM","T4","Departure","Domestic","245,871"
"2022 Mar 01 12:00:19 AM","2022 Jan 01 12:00:00 AM","Miscellaneous Terminal","Departure","International","138"
"2022 Mar 01 12:00:19 AM","2022 Jan 01 12:00:00 AM","TBIT West Gates","Arrival","International","96,404"
"2022 Mar 01 12:00:19 AM","2022 Jan 01 12:00:00 AM","TBIT","Arrival","Domestic","21,372"
"2022 May 10 06:01:09 AM","2022 Apr 01 12:00:00 AM","T1","Arrival","Domestic","298,086"
"2022 Mar 01 12:00:19 AM","2022 Jan 01 12:00:00 AM","T7","Departure","International","27,678"
"2022 Feb 07 03:24:29 PM","2022 Jan 01 12:00:00 AM","TBIT West Gates","Arrival","Domestic","47,284"
"2022 Feb 07 03:24:29 PM","2022 Jan 01 12:00:00 AM","T2","Departure","International","25,280"
"2022 May 10 06:01:09 AM","2022 Apr 01 12:00:00 AM","T1","Departure","Domestic","291,554"
"2022 Feb 07 03:24:29 PM","2022 Jan 01 12:00:00 AM","T6","Departure","International","43,942"
"2022 Mar 01 12:00:19 AM","2022 Jan 01 12:00:00 AM","T7","Departure","Domestic","208,298"
"2022 Mar 01 12:00:19 AM","2022 Jan 01 12:00:00 AM","TBIT West Gates","Departure","International","78,991"
"2022 Mar 01 12:00:19 AM","2022 Jan 01 12:00:00 AM","T4","Arrival","International","122"
"2022 Mar 01 12:00:19 AM","2022 Jan 01 12:00:00 AM","T8","Departure","Domestic","80,323"
"2022 Jun 01 12:00:23 AM","2022 Apr 01 12:00:00 AM","T6","Arrival","International","34,804"
"2022 May 10 06:01:09 AM","2022 Apr 01 12:00:00 AM","T7","Arrival","Domestic","296,991"
"2022 Feb 07 03:24:29 PM","2022 Jan 01 12:00:00 AM","TBIT West Gates","Departure","Domestic","44,754"
"2022 Mar 01 12:00:19 AM","2022 Jan 01 12:00:00 AM","T7","Arrival","International","33,939"
"2022 Jun 01 12:00:23 AM","2022 Apr 01 12:00:00 AM","T4","Arrival","Domestic","270,232"
"2022 Apr 01 12:00:18 AM","2022 Feb 01 12:00:00 AM","T5","Departure","Domestic","256,746"
"2022 Mar 10 06:01:10 AM","2022 Feb 01 12:00:00 AM","T7","Arrival","Domestic","233,936"
"2021 Aug 30 11:09:52 AM","2021 Jul 01 12:00:00 AM","T6","Departure","Domestic","184,175"
"2021 Aug 30 11:09:52 AM","2021 Jul 01 12:00:00 AM","TBIT","Arrival","International","295,595"
"2021 Dec 10 06:01:09 AM","2021 Nov 01 12:00:00 AM","T8","Departure","International","7,114"
"2021 Aug 30 11:09:52 AM","2021 Jul 01 12:00:00 AM","TBIT","Departure","Domestic","118,136"
"2022 Jan 01 12:00:11 AM","2021 Nov 01 12:00:00 AM","Miscellaneous Terminal","Arrival","International","241"
"2021 Aug 30 11:09:52 AM","2021 Jul 01 12:00:00 AM","T4","Departure","International","12,339"
"2021 Aug 30 11:09:52 AM","2021 Jul 01 12:00:00 AM","T7","Departure","Domestic","272,513"
"2021 Aug 10 06:01:10 AM","2021 Jul 01 12:00:00 AM","T2","Departure","Domestic","437,922"
"2021 Aug 30 11:09:52 AM","2021 Jul 01 12:00:00 AM","TBIT","Departure","International","176,665"
"2021 Aug 30 11:09:52 AM","2021 Jul 01 12:00:00 AM","T7","Arrival","Domestic","278,658"
"2021 Aug 30 11:09:52 AM","2021 Jul 01 12:00:00 AM","T4","Arrival","International","3,148"
"2021 Aug 30 11:09:52 AM","2021 Jul 01 12:00:00 AM","T4","Departure","Domestic","362,831"
"2022 Jan 01 12:00:11 AM","2021 Nov 01 12:00:00 AM","TBIT","Arrival","International","279,513"
"2021 Aug 30 11:09:52 AM","2021 Jul 01 12:00:00 AM","T4","Arrival","Domestic","358,797"
"2021 Aug 10 06:01:10 AM","2021 Jul 01 12:00:00 AM","T2","Arrival","International","1,611"
"2021 Aug 30 11:09:52 AM","2021 Jul 01 12:00:00 AM","Miscellaneous Terminal","Departure","Domestic","75,326"
"2021 Aug 30 11:09:52 AM","2021 Jul 01 12:00:00 AM","T5","Departure","Domestic","443,946"
"2021 Aug 06 09:46:34 AM","2021 Jul 01 12:00:00 AM","T1","Departure","Domestic","258,962"
"2021 Aug 30 11:09:52 AM","2021 Jul 01 12:00:00 AM","T5","Arrival","Domestic","441,360"
"2021 Aug 30 11:09:52 AM","2021 Jul 01 12:00:00 AM","T8","Departure","Domestic","94,555"
"2021 Aug 30 11:09:52 AM","2021 Jul 01 12:00:00 AM","T8","Departure","International","8,587"
"2021 Aug 10 06:01:10 AM","2021 Jul 01 12:00:00 AM","T2","Departure","International","35,349"
"2021 Aug 30 11:09:52 AM","2021 Jul 01 12:00:00 AM","T8","Arrival","International","2,330"
"2021 Aug 30 11:09:52 AM","2021 Jul 01 12:00:00 AM","T7","Departure","International","46,031"
"2021 Aug 30 11:09:52 AM","2021 Jul 01 12:00:00 AM","T6","Arrival","Domestic","181,192"
"2021 Aug 30 11:09:52 AM","2021 Jul 01 12:00:00 AM","T6","Departure","International","53,213"
"2021 Aug 10 06:01:10 AM","2021 Jul 01 12:00:00 AM","T2","Arrival","Domestic","536,511"
"2021 Aug 30 11:09:52 AM","2021 Jul 01 12:00:00 AM","Miscellaneous Terminal","Arrival","Domestic","74,125"
"2021 Aug 30 11:09:52 AM","2021 Jul 01 12:00:00 AM","Miscellaneous Terminal","Departure","International","242"
"2021 Dec 10 06:01:09 AM","2021 Nov 01 12:00:00 AM","T1","Arrival","Domestic","260,424"
"2021 Aug 30 11:09:52 AM","2021 Jul 01 12:00:00 AM","TBIT","Arrival","Domestic","29,208"
"2021 Aug 30 11:09:52 AM","2021 Jul 01 12:00:00 AM","Miscellaneous Terminal","Arrival","International","321"
"2021 Aug 10 12:12:41 PM","2021 Jul 01 12:00:00 AM","T6","Arrival","International","18,712"
"2021 Aug 30 11:09:52 AM","2021 Jul 01 12:00:00 AM","T5","Departure","International","21,310"
"2021 Aug 30 11:09:52 AM","2021 Jul 01 12:00:00 AM","T7","Arrival","International","52,960"
"2021 Aug 30 11:09:52 AM","2021 Jul 01 12:00:00 AM","T8","Arrival","Domestic","87,089"
"2021 Aug 06 09:46:34 AM","2021 Jul 01 12:00:00 AM","T1","Arrival","Domestic","259,587"
"2021 Sep 29 09:09:13 AM","2021 Aug 01 12:00:00 AM","Miscellaneous Terminal","Departure","Domestic","65,756"
"2021 Sep 29 09:09:13 AM","2021 Aug 01 12:00:00 AM","T6","Arrival","Domestic","171,317"
"2022 Jan 01 12:00:11 AM","2021 Nov 01 12:00:00 AM","T4","Arrival","International","301"
"2021 Aug 01 12:00:23 AM","2021 Jun 01 12:00:00 AM","TBIT West Gates","Departure","International","82,289"
"2021 Sep 10 06:01:13 AM","2021 Aug 01 12:00:00 AM","T2","Arrival","Domestic","503,272"
"2021 Sep 29 09:09:13 AM","2021 Aug 01 12:00:00 AM","TBIT West Gates","Departure","Domestic","43,473"
"2021 Jun 29 10:06:21 AM","2021 May 01 12:00:00 AM","TBIT West Gates","Arrival","International","33,048"
"2021 Sep 29 09:09:13 AM","2021 Aug 01 12:00:00 AM","T5","Departure","International","12,352"
"2021 Aug 01 12:00:23 AM","2021 Jun 01 12:00:00 AM","TBIT West Gates","Arrival","International","72,405"
"2021 Sep 29 09:09:13 AM","2021 Aug 01 12:00:00 AM","T8","Departure","International","4,032"
"2021 Sep 29 09:09:13 AM","2021 Aug 01 12:00:00 AM","TBIT","Departure","Domestic","118,467"
"2021 Jun 29 10:06:21 AM","2021 May 01 12:00:00 AM","TBIT West Gates","Departure","Domestic","20,561"
"2021 Sep 29 09:09:13 AM","2021 Aug 01 12:00:00 AM","T7","Departure","International","35,531"
"2021 Sep 29 09:09:13 AM","2021 Aug 01 12:00:00 AM","T4","Departure","Domestic","294,097"
"2021 Sep 29 09:09:13 AM","2021 Aug 01 12:00:00 AM","TBIT West Gates","Arrival","Domestic","43,267"
"2021 Jun 29 10:06:21 AM","2021 May 01 12:00:00 AM","TBIT West Gates","Arrival","Domestic","21,566"
"2021 Aug 01 12:00:23 AM","2021 Jun 01 12:00:00 AM","TBIT West Gates","Arrival","Domestic","68,035"
"2021 Sep 10 06:01:13 AM","2021 Aug 01 12:00:00 AM","T8","Arrival","International","385"
"2021 Sep 29 09:09:13 AM","2021 Aug 01 12:00:00 AM","T7","Arrival","International","58,865"
"2021 Sep 29 09:09:13 AM","2021 Aug 01 12:00:00 AM","T5","Arrival","Domestic","399,884"
"2021 Sep 29 09:09:13 AM","2021 Aug 01 12:00:00 AM","T5","Departure","Domestic","402,640"
"2021 Sep 10 06:01:13 AM","2021 Aug 01 12:00:00 AM","T2","Departure","Domestic","414,991"
"2021 Sep 10 06:01:13 AM","2021 Aug 01 12:00:00 AM","T2","Departure","International","30,545"
"2021 Jun 29 10:06:21 AM","2021 May 01 12:00:00 AM","TBIT West Gates","Departure","International","28,952"
"2021 Sep 10 06:01:13 AM","2021 Aug 01 12:00:00 AM","T2","Arrival","International","6,739"
"2021 Sep 29 09:09:13 AM","2021 Aug 01 12:00:00 AM","T7","Departure","Domestic","271,219"
"2021 Sep 29 09:09:13 AM","2021 Aug 01 12:00:00 AM","T6","Departure","International","56,081"
"2021 Sep 29 09:09:13 AM","2021 Aug 01 12:00:00 AM","TBIT West Gates","Departure","International","74,098"
"2021 Aug 30 11:09:52 AM","2021 Jul 01 12:00:00 AM","TBIT West Gates","Arrival","International","99,892"
"2021 Sep 10 06:01:13 AM","2021 Aug 01 12:00:00 AM","T1","Departure","Domestic","241,004"
"2021 Sep 29 09:09:13 AM","2021 Aug 01 12:00:00 AM","T6","Departure","Domestic","171,777"
"2021 Sep 29 09:09:13 AM","2021 Aug 01 12:00:00 AM","TBIT","Arrival","Domestic","25,173"
"2021 Sep 29 09:09:13 AM","2021 Aug 01 12:00:00 AM","T7","Arrival","Domestic","278,621"
"2021 Dec 10 06:01:09 AM","2021 Nov 01 12:00:00 AM","T2","Arrival","Domestic","471,098"
"2021 Sep 29 09:09:13 AM","2021 Aug 01 12:00:00 AM","T8","Arrival","Domestic","79,388"
"2021 Aug 10 12:12:41 PM","2021 Jul 01 12:00:00 AM","TBIT West Gates","Arrival","Domestic","71,981"
"2021 Sep 29 09:09:13 AM","2021 Aug 01 12:00:00 AM","T4","Departure","International","11,604"
"2021 Sep 10 06:01:13 AM","2021 Aug 01 12:00:00 AM","T1","Arrival","Domestic","241,308"
"2021 Aug 30 11:09:52 AM","2021 Jul 01 12:00:00 AM","TBIT West Gates","Departure","International","95,568"
"2021 Sep 29 09:09:13 AM","2021 Aug 01 12:00:00 AM","Miscellaneous Terminal","Arrival","International","262"
"2021 Sep 29 09:09:13 AM","2021 Aug 01 12:00:00 AM","T8","Departure","Domestic","89,724"
"2022 Jan 01 12:00:11 AM","2021 Nov 01 12:00:00 AM","Miscellaneous Terminal","Departure","International","260"
"2021 Sep 29 09:09:13 AM","2021 Aug 01 12:00:00 AM","Miscellaneous Terminal","Departure","International","164"
"2021 Sep 10 06:01:13 AM","2021 Aug 01 12:00:00 AM","T6","Arrival","International","28,289"
"2021 Dec 10 06:01:09 AM","2021 Nov 01 12:00:00 AM","T1","Departure","Domestic","258,568"
"2021 Aug 01 12:00:23 AM","2021 Jun 01 12:00:00 AM","TBIT West Gates","Departure","Domestic","69,662"
"2021 Aug 10 12:12:41 PM","2021 Jul 01 12:00:00 AM","TBIT West Gates","Departure","Domestic","70,992"
"2021 Sep 29 09:09:13 AM","2021 Aug 01 12:00:00 AM","T4","Arrival","Domestic","295,386"
"2021 Dec 10 06:01:09 AM","2021 Nov 01 12:00:00 AM","T7","Arrival","International","32,921"
"2022 May 10 06:01:09 AM","2022 Apr 01 12:00:00 AM","T2","Departure","Domestic","444,778"
"2022 Jan 01 12:00:11 AM","2021 Nov 01 12:00:00 AM","T4","Departure","International","19,375"
"2021 Dec 10 06:01:09 AM","2021 Nov 01 12:00:00 AM","T8","Arrival","Domestic","98,709"
"2022 Jan 01 12:00:11 AM","2021 Nov 01 12:00:00 AM","T4","Arrival","Domestic","306,871"
"2022 Jan 01 12:00:11 AM","2021 Nov 01 12:00:00 AM","T6","Arrival","International","24,028"
"2022 Jan 01 12:00:11 AM","2021 Nov 01 12:00:00 AM","TBIT West Gates","Departure","International","85,756"
"2022 Jan 01 12:00:11 AM","2021 Nov 01 12:00:00 AM","T5","Departure","International","15,348"
"2022 Jan 01 12:00:11 AM","2021 Nov 01 12:00:00 AM","T4","Departure","Domestic","294,223"
"2021 Dec 10 06:01:09 AM","2021 Nov 01 12:00:00 AM","T2","Departure","Domestic","413,186"
"2022 Jan 01 12:00:11 AM","2021 Nov 01 12:00:00 AM","TBIT","Departure","Domestic","95,747"
"2022 Jan 01 12:00:11 AM","2021 Nov 01 12:00:00 AM","T2","Arrival","International","10,585"
"2021 Dec 10 06:01:09 AM","2021 Nov 01 12:00:00 AM","T7","Arrival","Domestic","257,347"
"2021 Dec 10 06:01:09 AM","2021 Nov 01 12:00:00 AM","T8","Departure","Domestic","99,957"
"2022 Jan 01 12:00:11 AM","2021 Nov 01 12:00:00 AM","T5","Departure","Domestic","327,399"
"2021 Dec 10 06:01:09 AM","2021 Nov 01 12:00:00 AM","T7","Departure","International","28,096"
"2021 Dec 10 06:01:09 AM","2021 Nov 01 12:00:00 AM","T7","Departure","Domestic","256,571"
"2022 Jun 01 12:00:23 AM","2022 Apr 01 12:00:00 AM","T5","Arrival","Domestic","329,134"
"2022 Jan 01 12:00:11 AM","2021 Nov 01 12:00:00 AM","T6","Departure","International","57,937"
"2022 Jan 01 12:00:11 AM","2021 Nov 01 12:00:00 AM","T5","Arrival","Domestic","324,750"
"2022 Jan 01 12:00:11 AM","2021 Nov 01 12:00:00 AM","T6","Departure","Domestic","162,541"
"2022 Jan 01 12:00:11 AM","2021 Nov 01 12:00:00 AM","TBIT","Departure","International","196,044"
"2022 Jan 01 12:00:11 AM","2021 Nov 01 12:00:00 AM","T2","Departure","International","26,293"
"2022 Jan 01 12:00:11 AM","2021 Nov 01 12:00:00 AM","T6","Arrival","Domestic","162,537"
"2022 Jan 01 12:00:11 AM","2021 Nov 01 12:00:00 AM","TBIT West Gates","Arrival","International","93,469"
"2021 Dec 10 06:01:09 AM","2021 Nov 01 12:00:00 AM","TBIT West Gates","Departure","Domestic","60,385"
"2022 Jan 01 12:00:11 AM","2021 Nov 01 12:00:00 AM","TBIT","Arrival","Domestic","20,459"
"2021 Dec 10 06:01:09 AM","2021 Nov 01 12:00:00 AM","TBIT West Gates","Arrival","Domestic","59,723"
"2022 Apr 01 12:00:18 AM","2022 Jan 01 12:00:00 AM","T6","Arrival","Domestic","122,486"
"2022 Apr 01 12:00:18 AM","2022 Feb 01 12:00:00 AM","T5","Arrival","Domestic","268,922"
"2022 Mar 10 06:01:10 AM","2022 Feb 01 12:00:00 AM","T2","Departure","Domestic","333,000"
"2022 Mar 10 06:01:10 AM","2022 Feb 01 12:00:00 AM","T2","Arrival","International","7,456"
"2022 Apr 01 12:00:18 AM","2022 Feb 01 12:00:00 AM","TBIT","Departure","Domestic","115,690"
"2022 Apr 01 12:00:18 AM","2021 Dec 01 12:00:00 AM","TBIT","Arrival","International","326,225"
"2022 Mar 10 06:01:10 AM","2022 Feb 01 12:00:00 AM","T8","Departure","Domestic","80,518"
"2022 Mar 10 06:01:10 AM","2022 Feb 01 12:00:00 AM","T1","Departure","Domestic","205,315"
"2022 Mar 10 06:01:10 AM","2022 Feb 01 12:00:00 AM","T7","Departure","International","24,602"
"2022 Mar 10 06:01:10 AM","2022 Feb 01 12:00:00 AM","T7","Departure","Domestic","231,989"
"2022 Mar 10 06:01:10 AM","2022 Feb 01 12:00:00 AM","T2","Arrival","Domestic","468,719"
"2022 Apr 01 12:00:18 AM","2022 Feb 01 12:00:00 AM","Miscellaneous Terminal","Departure","International","211"
"2022 Mar 10 06:01:10 AM","2022 Feb 01 12:00:00 AM","T1","Arrival","Domestic","206,318"
"2022 Mar 10 06:01:10 AM","2022 Feb 01 12:00:00 AM","T6","Arrival","International","17,819"
"2022 Apr 01 12:00:18 AM","2021 Dec 01 12:00:00 AM","TBIT","Departure","International","260,007"
"2022 Mar 10 06:01:10 AM","2022 Feb 01 12:00:00 AM","T8","Arrival","Domestic","81,788"
"2022 Apr 01 12:00:18 AM","2022 Feb 01 12:00:00 AM","TBIT","Arrival","Domestic","30,581"
"2022 Mar 10 06:01:10 AM","2022 Feb 01 12:00:00 AM","T2","Departure","International","24,891"
"2022 Apr 01 12:00:18 AM","2022 Feb 01 12:00:00 AM","T4","Departure","Domestic","198,119"
"2022 Apr 01 12:00:18 AM","2022 Jan 01 12:00:00 AM","T5","Departure","Domestic","231,654"
"2022 Jun 01 12:00:23 AM","2022 Apr 01 12:00:00 AM","TBIT","Departure","International","313,327"
"2022 Apr 01 12:00:18 AM","2022 Feb 01 12:00:00 AM","T4","Departure","International","15,321"
"2022 Apr 01 12:00:18 AM","2022 Feb 01 12:00:00 AM","T6","Arrival","Domestic","127,021"
"2022 Apr 01 12:00:18 AM","2022 Feb 01 12:00:00 AM","TBIT West Gates","Arrival","International","73,794"
"2022 Mar 10 06:01:10 AM","2022 Feb 01 12:00:00 AM","T6","Departure","International","45,813"
"2022 Apr 01 12:00:18 AM","2022 Feb 01 12:00:00 AM","TBIT","Departure","International","176,064"
"2022 Mar 10 06:01:10 AM","2022 Feb 01 12:00:00 AM","TBIT West Gates","Departure","Domestic","44,888"
"2022 Apr 01 12:00:18 AM","2022 Jan 01 12:00:00 AM","T5","Arrival","Domestic","247,862"
"2022 Apr 01 12:00:18 AM","2022 Feb 01 12:00:00 AM","T5","Departure","International","11,551"
"2021 Nov 01 12:00:16 AM","2021 Sep 01 12:00:00 AM","T8","Arrival","Domestic","80,259"
"2021 Oct 10 06:01:09 AM","2021 Sep 01 12:00:00 AM","T6","Arrival","International","24,862"
"2021 Nov 01 12:00:16 AM","2021 Sep 01 12:00:00 AM","T7","Arrival","Domestic","231,280"
"2021 Oct 10 06:01:09 AM","2021 Sep 01 12:00:00 AM","T1","Arrival","Domestic","228,058"
"2021 Nov 01 12:00:16 AM","2021 Sep 01 12:00:00 AM","T7","Departure","Domestic","227,529"
"2021 Nov 01 12:00:16 AM","2021 Sep 01 12:00:00 AM","T7","Departure","International","22,492"
"2021 Nov 01 12:00:16 AM","2021 Sep 01 12:00:00 AM","T5","Arrival","Domestic","338,284"
"2021 Oct 10 06:01:09 AM","2021 Sep 01 12:00:00 AM","T2","Arrival","International","8,637"
"2021 Nov 01 12:00:16 AM","2021 Sep 01 12:00:00 AM","T5","Departure","Domestic","343,149"
"2021 Nov 01 12:00:16 AM","2021 Sep 01 12:00:00 AM","T4","Arrival","Domestic","252,351"
"2021 Nov 01 12:00:16 AM","2021 Sep 01 12:00:00 AM","T4","Departure","Domestic","248,770"
"2021 Nov 01 12:00:16 AM","2021 Sep 01 12:00:00 AM","T7","Arrival","International","28,496"
"2021 Nov 01 12:00:16 AM","2021 Sep 01 12:00:00 AM","TBIT West Gates","Arrival","International","88,769"
"2021 Nov 01 12:00:16 AM","2021 Sep 01 12:00:00 AM","TBIT","Arrival","Domestic","18,536"
"2021 Nov 01 12:00:16 AM","2021 Sep 01 12:00:00 AM","TBIT West Gates","Departure","Domestic","17,359"
"2021 Oct 10 06:01:09 AM","2021 Sep 01 12:00:00 AM","T2","Arrival","Domestic","440,732"
"2021 Nov 01 12:00:16 AM","2021 Sep 01 12:00:00 AM","T8","Departure","Domestic","88,588"
"2021 Nov 01 12:00:16 AM","2021 Aug 01 12:00:00 AM","Miscellaneous Terminal","Arrival","Domestic","65,737"
"2021 Nov 01 12:00:16 AM","2021 Sep 01 12:00:00 AM","TBIT","Arrival","International","230,409"
"2021 Oct 10 06:01:09 AM","2021 Sep 01 12:00:00 AM","T1","Departure","Domestic","226,656"
"2021 Nov 01 12:00:16 AM","2021 Sep 01 12:00:00 AM","Miscellaneous Terminal","Arrival","Domestic","57,590"
"2021 Oct 10 06:01:09 AM","2021 Sep 01 12:00:00 AM","T2","Departure","International","23,103"
"2021 Nov 01 12:00:16 AM","2021 Sep 01 12:00:00 AM","T5","Departure","International","10,672"
"2021 Nov 01 12:00:16 AM","2021 Sep 01 12:00:00 AM","Miscellaneous Terminal","Departure","Domestic","56,875"
"2021 Oct 10 06:01:09 AM","2021 Sep 01 12:00:00 AM","T8","Arrival","International","50"
"2021 Nov 01 12:00:16 AM","2021 Aug 01 12:00:00 AM","TBIT West Gates","Arrival","International","110,010"
"2021 Nov 01 12:00:16 AM","2021 Sep 01 12:00:00 AM","TBIT","Departure","International","154,368"
"2021 Nov 01 12:00:16 AM","2021 Sep 01 12:00:00 AM","TBIT West Gates","Departure","International","72,674"
"2021 Nov 01 12:00:16 AM","2021 Sep 01 12:00:00 AM","T6","Arrival","Domestic","150,138"
"2021 Nov 01 12:00:16 AM","2021 Sep 01 12:00:00 AM","TBIT West Gates","Arrival","Domestic","18,092"
"2021 Nov 01 12:00:16 AM","2021 Sep 01 12:00:00 AM","T4","Departure","International","11,760"
"2021 Nov 01 12:00:16 AM","2021 Sep 01 12:00:00 AM","T8","Departure","International","5,626"
"2021 Nov 01 12:00:16 AM","2021 Sep 01 12:00:00 AM","TBIT","Departure","Domestic","97,788"
"2021 Nov 01 12:00:16 AM","2021 Sep 01 12:00:00 AM","T6","Departure","Domestic","148,632"
"2021 Oct 10 06:01:09 AM","2021 Sep 01 12:00:00 AM","T6","Departure","International","49,269"
"2021 Oct 10 06:01:09 AM","2021 Sep 01 12:00:00 AM","T2","Departure","Domestic","370,224"
"2022 Jun 01 12:00:23 AM","2022 Apr 01 12:00:00 AM","TBIT West Gates","Arrival","International","126,059"
"2022 Jan 31 03:01:29 PM","2021 Dec 01 12:00:00 AM","T5","Arrival","Domestic","324,396"
"2022 Jan 31 03:01:29 PM","2021 Dec 01 12:00:00 AM","T2","Departure","Domestic","405,746"
"2022 Jan 31 03:01:29 PM","2021 Dec 01 12:00:00 AM","T7","Arrival","Domestic","284,612"
"2022 Jan 31 03:01:29 PM","2021 Dec 01 12:00:00 AM","TBIT West Gates","Departure","Domestic","63,451"
"2022 Jan 31 03:01:29 PM","2021 Dec 01 12:00:00 AM","T4","Arrival","Domestic","310,301"
"2022 May 10 06:01:09 AM","2022 Apr 01 12:00:00 AM","T2","Departure","International","39,744"
"2022 Jan 31 03:01:29 PM","2021 Dec 01 12:00:00 AM","T8","Departure","International","6,748"
"2022 Jan 31 03:01:29 PM","2021 Dec 01 12:00:00 AM","T6","Departure","Domestic","170,570"
"2022 Jan 10 06:01:08 AM","2021 Dec 01 12:00:00 AM","T1","Arrival","Domestic","260,752"
"2022 Jan 31 03:01:29 PM","2021 Dec 01 12:00:00 AM","T8","Arrival","Domestic","96,650"
"2022 Jan 31 03:01:29 PM","2021 Dec 01 12:00:00 AM","T5","Departure","International","19,058"
"2022 Jan 31 03:01:29 PM","2021 Dec 01 12:00:00 AM","TBIT West Gates","Arrival","International","96,587"
"2022 Jan 31 03:01:29 PM","2021 Dec 01 12:00:00 AM","Miscellaneous Terminal","Departure","International","160"
"2022 Jan 31 03:01:29 PM","2021 Dec 01 12:00:00 AM","T6","Arrival","Domestic","172,980"
"2022 Jan 31 03:01:29 PM","2021 Dec 01 12:00:00 AM","T2","Arrival","Domestic","474,296"
"2022 Jan 31 03:01:29 PM","2021 Dec 01 12:00:00 AM","T7","Arrival","International","37,942"
"2022 Jan 31 03:01:29 PM","2021 Dec 01 12:00:00 AM","T4","Departure","International","19,959"
"2022 Jan 31 03:01:29 PM","2021 Dec 01 12:00:00 AM","T6","Arrival","International","24,868"
"2022 Jan 31 03:01:29 PM","2021 Dec 01 12:00:00 AM","TBIT West Gates","Departure","International","104,874"
"2022 Jan 10 06:01:08 AM","2021 Dec 01 12:00:00 AM","T2","Arrival","International","12,324"
"2022 Jan 31 03:01:29 PM","2021 Dec 01 12:00:00 AM","T7","Departure","Domestic","282,827"
"2022 Jan 31 03:01:29 PM","2021 Dec 01 12:00:00 AM","T2","Departure","International","34,703"
"2022 Jan 31 03:01:29 PM","2021 Dec 01 12:00:00 AM","TBIT","Departure","Domestic","123,332"
"2022 Jan 31 03:01:29 PM","2021 Dec 01 12:00:00 AM","TBIT West Gates","Arrival","Domestic","62,744"
"2022 Jan 31 03:01:29 PM","2021 Dec 01 12:00:00 AM","TBIT","Arrival","Domestic","32,218"
"2022 Jan 31 03:01:29 PM","2021 Dec 01 12:00:00 AM","Miscellaneous Terminal","Arrival","International","76"
"2022 Jan 31 03:01:29 PM","2021 Dec 01 12:00:00 AM","T8","Departure","Domestic","100,596"
"2022 Jan 31 03:01:29 PM","2021 Dec 01 12:00:00 AM","T4","Departure","Domestic","287,448"
"2022 Jan 10 06:01:08 AM","2021 Dec 01 12:00:00 AM","T8","Arrival","International","881"
"2022 Jan 31 03:01:29 PM","2021 Dec 01 12:00:00 AM","T7","Departure","International","39,442"
"2022 May 10 06:01:09 AM","2022 Apr 01 12:00:00 AM","T7","Departure","International","34,317"
"2022 May 10 06:01:09 AM","2022 Apr 01 12:00:00 AM","TBIT West Gates","Departure","Domestic","64,296"
"2022 Jan 31 03:01:29 PM","2021 Dec 01 12:00:00 AM","T5","Departure","Domestic","317,827"
"2022 Jan 31 03:01:29 PM","2021 Dec 01 12:00:00 AM","T6","Departure","International","69,933"
"2022 Jan 10 06:01:08 AM","2021 Dec 01 12:00:00 AM","T1","Departure","Domestic","260,604"
"2022 Mar 10 06:01:10 AM","2022 Feb 01 12:00:00 AM","TBIT West Gates","Arrival","Domestic","44,297"
"2023 Apr 01 12:01:02 AM","2023 Feb 01 12:00:00 AM","T2","Departure","International","41,050"
"2022 Mar 10 06:01:10 AM","2022 Feb 01 12:00:00 AM","T7","Arrival","International","24,288"
"2022 Apr 01 12:00:18 AM","2022 Jan 01 12:00:00 AM","T6","Departure","Domestic","117,510"
"2022 Mar 10 06:01:10 AM","2022 Feb 01 12:00:00 AM","T8","Departure","International","3,947"
"2022 Apr 01 12:00:18 AM","2022 Feb 01 12:00:00 AM","T4","Arrival","Domestic","213,736"
"2022 Apr 01 12:00:18 AM","2022 Feb 01 12:00:00 AM","Miscellaneous Terminal","Arrival","International","162"
"2022 Apr 01 12:00:18 AM","2022 Feb 01 12:00:00 AM","T6","Departure","Domestic","124,338"
"2022 Mar 10 06:01:10 AM","2022 Feb 01 12:00:00 AM","T8","Arrival","International","1,563"
"2022 Mar 10 06:01:10 AM","2022 Feb 01 12:00:00 AM","TBIT West Gates","Departure","International","73,889"
"2022 Jun 01 12:00:23 AM","2022 Apr 01 12:00:00 AM","T5","Departure","Domestic","327,903"
"2022 Jun 01 12:00:23 AM","2022 Apr 01 12:00:00 AM","TBIT","Arrival","Domestic","11,143"
"2022 Jun 01 12:00:23 AM","2022 Apr 01 12:00:00 AM","TBIT","Departure","Domestic","105,930"
"2022 Jun 01 12:00:23 AM","2022 Apr 01 12:00:00 AM","T4","Departure","International","21,743"
"2022 Jun 01 12:00:23 AM","2022 Apr 01 12:00:00 AM","Miscellaneous Terminal","Arrival","Domestic","48,913"
"2022 May 10 06:01:09 AM","2022 Apr 01 12:00:00 AM","TBIT West Gates","Arrival","Domestic","65,950"
"2022 May 10 06:01:09 AM","2022 Apr 01 12:00:00 AM","T2","Arrival","International","16,950"
"2022 Jun 01 12:00:23 AM","2022 Apr 01 12:00:00 AM","T5","Departure","International","20,064"
"2022 Jun 01 12:00:23 AM","2022 Apr 01 12:00:00 AM","T5","Arrival","International","203"
"2022 Jun 01 12:00:23 AM","2022 Apr 01 12:00:00 AM","Miscellaneous Terminal","Arrival","International","101"
"2022 May 10 06:01:09 AM","2022 Apr 01 12:00:00 AM","T7","Arrival","International","40,067"
"2022 May 10 06:01:09 AM","2022 Apr 01 12:00:00 AM","T8","Arrival","Domestic","108,998"
"2022 May 10 06:01:09 AM","2022 Apr 01 12:00:00 AM","T7","Departure","Domestic","301,724"
"2022 Jun 01 12:00:23 AM","2022 Apr 01 12:00:00 AM","TBIT West Gates","Departure","International","113,365"
"2022 May 10 06:01:09 AM","2022 Apr 01 12:00:00 AM","T8","Arrival","International","1,855"
"2022 Jun 01 12:00:23 AM","2022 Apr 01 12:00:00 AM","T4","Arrival","International","2,368"
"2022 Jun 01 12:00:23 AM","2022 Apr 01 12:00:00 AM","Miscellaneous Terminal","Departure","Domestic","47,681"
"2022 May 10 06:01:09 AM","2022 Apr 01 12:00:00 AM","T8","Departure","Domestic","103,097"
"2022 May 10 06:01:09 AM","2022 Apr 01 12:00:00 AM","T2","Arrival","Domestic","508,216"
"2022 Jun 01 12:00:23 AM","2022 Apr 01 12:00:00 AM","T6","Arrival","Domestic","158,581"
"2022 Jun 01 12:00:23 AM","2022 Apr 01 12:00:00 AM","T6","Departure","Domestic","159,204"
"2022 Aug 30 11:02:17 AM","2022 Jul 01 12:00:00 AM","T6","Arrival","International","73,843"
"2022 Aug 30 11:02:17 AM","2022 Jul 01 12:00:00 AM","TBIT West Gates","Arrival","Domestic","107,807"
"2022 Aug 30 11:02:17 AM","2022 Jul 01 12:00:00 AM","Miscellaneous Terminal","Departure","Domestic","54,400"
"2022 Aug 30 11:02:17 AM","2022 Jul 01 12:00:00 AM","T8","Departure","Domestic","128,636"
"2022 Aug 30 11:02:17 AM","2022 Jul 01 12:00:00 AM","T3","Arrival","Domestic","104,752"
"2022 Aug 30 11:02:17 AM","2022 Jul 01 12:00:00 AM","T7","Departure","Domestic","337,180"
"2022 Aug 30 11:02:17 AM","2022 Jul 01 12:00:00 AM","T2","Departure","Domestic","345,569"
"2022 Aug 30 11:02:17 AM","2022 Jul 01 12:00:00 AM","TBIT West Gates","Departure","Domestic","102,267"
"2022 Aug 30 11:02:17 AM","2022 Jul 01 12:00:00 AM","TBIT","Departure","Domestic","127,174"
"2022 Aug 30 11:02:17 AM","2022 Jul 01 12:00:00 AM","Miscellaneous Terminal","Arrival","International","425"
"2022 Aug 30 11:02:17 AM","2022 Jul 01 12:00:00 AM","TBIT","Departure","International","437,277"
"2023 Apr 01 12:01:02 AM","2023 Feb 01 12:00:00 AM","T3","Arrival","Domestic","229,026"
"2022 Aug 30 11:02:17 AM","2022 Jul 01 12:00:00 AM","T4","Departure","Domestic","201,148"
"2022 Aug 30 11:02:17 AM","2022 Jul 01 12:00:00 AM","T7","Arrival","International","72,786"
"2022 Aug 30 11:02:17 AM","2022 Jun 01 12:00:00 AM","TBIT","Departure","International","425,202"
"2022 Sep 01 12:00:54 AM","2022 Jul 01 12:00:00 AM","TBIT West Gates","Arrival","International","195,692"
"2022 Aug 30 11:02:17 AM","2022 Jul 01 12:00:00 AM","T5","Arrival","Domestic","397,955"
"2022 Aug 30 11:02:17 AM","2022 Jul 01 12:00:00 AM","T5","Departure","Domestic","390,714"
"2022 Sep 01 12:00:54 AM","2022 Jul 01 12:00:00 AM","TBIT West Gates","Departure","International","172,945"
"2022 Aug 30 11:02:17 AM","2022 Jul 01 12:00:00 AM","Miscellaneous Terminal","Departure","International","331"
"2022 Aug 10 06:01:11 AM","2022 Jul 01 12:00:00 AM","T8","Arrival","International","605"
"2022 Aug 10 06:01:11 AM","2022 Jul 01 12:00:00 AM","T1","Arrival","Domestic","297,563"
"2022 Aug 30 11:02:17 AM","2021 Aug 01 12:00:00 AM","TBIT","Departure","International","171,843"
"2022 Aug 30 11:02:17 AM","2022 Jul 01 12:00:00 AM","T2","Arrival","International","27,370"
"2022 Aug 30 11:02:17 AM","2022 Jul 01 12:00:00 AM","TBIT","Arrival","Domestic","10,034"
"2022 Aug 30 11:02:17 AM","2022 Jul 01 12:00:00 AM","T7","Departure","International","61,616"
"2022 Aug 30 11:02:17 AM","2022 Jul 01 12:00:00 AM","T8","Departure","International","10,972"
"2022 Aug 30 11:02:17 AM","2022 Jul 01 12:00:00 AM","T3","Arrival","International","131"
"2022 Aug 30 11:02:17 AM","2022 Jul 01 12:00:00 AM","T6","Departure","International","110,250"
"2022 Aug 30 11:02:17 AM","2022 Jul 01 12:00:00 AM","T2","Arrival","Domestic","421,889"
"2022 Sep 01 12:00:54 AM","2022 May 01 12:00:00 AM","TBIT West Gates","Departure","International","141,557"
"2022 Aug 30 11:02:17 AM","2022 Jul 01 12:00:00 AM","T6","Departure","Domestic","167,119"
"2022 Aug 30 11:02:17 AM","2022 Jul 01 12:00:00 AM","T3","Departure","Domestic","97,366"
"2022 Aug 10 06:01:11 AM","2022 Jul 01 12:00:00 AM","T1","Departure","Domestic","297,786"
"2022 Aug 30 11:02:17 AM","2022 Jul 01 12:00:00 AM","T3","Departure","International","4,823"
"2022 Aug 30 11:02:17 AM","2022 Jul 01 12:00:00 AM","Miscellaneous Terminal","Arrival","Domestic","54,505"
"2022 Aug 30 11:02:17 AM","2022 Jul 01 12:00:00 AM","T7","Arrival","Domestic","342,801"
"2022 Aug 30 11:02:17 AM","2022 Jul 01 12:00:00 AM","T5","Arrival","International","325"
"2022 Aug 30 11:02:17 AM","2022 Jul 01 12:00:00 AM","T5","Departure","International","22,693"
"2022 Aug 30 11:02:17 AM","2021 Aug 01 12:00:00 AM","TBIT","Arrival","International","317,907"
"2022 May 01 12:00:25 AM","2022 Mar 01 12:00:00 AM","T6","Arrival","International","31,909"
"2022 May 01 12:00:25 AM","2022 Mar 01 12:00:00 AM","T4","Departure","Domestic","251,447"
"2022 May 01 12:00:25 AM","2022 Mar 01 12:00:00 AM","T4","Departure","International","21,817"
"2022 May 01 12:00:25 AM","2021 Nov 01 12:00:00 AM","Miscellaneous Terminal","Arrival","Domestic","61,278"
"2022 Apr 10 06:01:09 AM","2022 Mar 01 12:00:00 AM","T8","Departure","Domestic","101,679"
"2022 May 01 12:00:25 AM","2022 Mar 01 12:00:00 AM","TBIT","Arrival","Domestic","25,335"
"2022 May 01 12:00:25 AM","2022 Feb 01 12:00:00 AM","Miscellaneous Terminal","Arrival","Domestic","35,836"
"2022 May 01 12:00:25 AM","2022 Mar 01 12:00:00 AM","Miscellaneous Terminal","Departure","Domestic","50,431"
"2022 Apr 10 06:01:09 AM","2022 Mar 01 12:00:00 AM","T1","Departure","Domestic","251,341"
"2022 May 01 12:00:25 AM","2022 Mar 01 12:00:00 AM","T6","Arrival","Domestic","160,127"
"2022 May 01 12:00:25 AM","2022 Mar 01 12:00:00 AM","T5","Departure","Domestic","335,678"
"2022 Apr 10 06:01:09 AM","2022 Mar 01 12:00:00 AM","T7","Arrival","Domestic","297,981"
"2022 May 01 12:00:25 AM","2022 Mar 01 12:00:00 AM","T2","Departure","International","31,332"
"2022 May 01 12:00:25 AM","2022 Jan 01 12:00:00 AM","Miscellaneous Terminal","Departure","Domestic","42,825"
"2022 May 01 12:00:25 AM","2021 Dec 01 12:00:00 AM","Miscellaneous Terminal","Departure","Domestic","55,132"
"2022 Apr 10 06:01:09 AM","2022 Mar 01 12:00:00 AM","TBIT West Gates","Departure","Domestic","61,697"
"2022 May 01 12:00:25 AM","2021 Dec 01 12:00:00 AM","Miscellaneous Terminal","Arrival","Domestic","55,477"
"2022 May 01 12:00:25 AM","2022 Mar 01 12:00:00 AM","TBIT West Gates","Departure","International","104,597"
"2022 Apr 10 06:01:09 AM","2022 Mar 01 12:00:00 AM","T8","Departure","International","9,348"
"2022 Apr 10 06:01:09 AM","2022 Mar 01 12:00:00 AM","T7","Arrival","International","35,809"
"2022 Apr 10 06:01:09 AM","2022 Mar 01 12:00:00 AM","T2","Arrival","International","10,443"
"2022 May 01 12:00:25 AM","2021 Nov 01 12:00:00 AM","Miscellaneous Terminal","Departure","Domestic","59,923"
"2022 May 01 12:00:25 AM","2022 Mar 01 12:00:00 AM","T2","Arrival","Domestic","507,282"
"2022 Apr 10 06:01:09 AM","2022 Mar 01 12:00:00 AM","T1","Arrival","Domestic","247,346"
"2022 Apr 10 06:01:09 AM","2022 Mar 01 12:00:00 AM","T7","Departure","Domestic","302,807"
"2022 May 01 12:00:25 AM","2022 Mar 01 12:00:00 AM","T5","Departure","International","18,226"
"2022 May 01 12:00:25 AM","2022 Mar 01 12:00:00 AM","TBIT","Departure","Domestic","131,714"
"2022 May 01 12:00:25 AM","2022 Mar 01 12:00:00 AM","Miscellaneous Terminal","Arrival","Domestic","50,401"
"2022 May 01 12:00:25 AM","2022 Mar 01 12:00:00 AM","T6","Departure","International","68,893"
"2022 May 01 12:00:25 AM","2022 Mar 01 12:00:00 AM","Miscellaneous Terminal","Departure","International","246"
"2022 May 01 12:00:25 AM","2022 Feb 01 12:00:00 AM","Miscellaneous Terminal","Departure","Domestic","35,075"
"2022 May 01 12:00:25 AM","2022 Mar 01 12:00:00 AM","T4","Arrival","Domestic","272,659"
"2022 May 01 12:00:25 AM","2022 Mar 01 12:00:00 AM","TBIT West Gates","Arrival","International","103,126"
"2022 May 01 12:00:25 AM","2022 Mar 01 12:00:00 AM","TBIT","Departure","International","256,488"
"2022 May 01 12:00:25 AM","2021 Oct 01 12:00:00 AM","Miscellaneous Terminal","Departure","Domestic","68,769"
"2022 May 01 12:00:25 AM","2022 Mar 01 12:00:00 AM","Miscellaneous Terminal","Arrival","International","207"
"2022 May 01 12:00:25 AM","2022 Mar 01 12:00:00 AM","T6","Departure","Domestic","160,141"
"2022 May 01 12:00:25 AM","2022 Mar 01 12:00:00 AM","T2","Departure","Domestic","443,443"
"2022 Apr 10 06:01:09 AM","2022 Mar 01 12:00:00 AM","T8","Arrival","Domestic","98,568"
"2022 Apr 10 06:01:09 AM","2022 Mar 01 12:00:00 AM","T7","Departure","International","33,238"
"2022 May 01 12:00:25 AM","2022 Jan 01 12:00:00 AM","Miscellaneous Terminal","Arrival","Domestic","43,327"
"2023 Apr 01 12:01:02 AM","2023 Feb 01 12:00:00 AM","T6","Departure","International","81,325"
"2022 Apr 10 06:01:09 AM","2022 Mar 01 12:00:00 AM","TBIT West Gates","Arrival","Domestic","61,459"
"2022 May 01 12:00:25 AM","2021 Oct 01 12:00:00 AM","Miscellaneous Terminal","Arrival","Domestic","70,490"
"2022 Apr 10 06:01:09 AM","2022 Mar 01 12:00:00 AM","T8","Arrival","International","2,129"
"2022 May 01 12:00:25 AM","2022 Mar 01 12:00:00 AM","T5","Arrival","Domestic","331,694"
"2022 Jul 01 12:00:22 AM","2022 May 01 12:00:00 AM","T4","Departure","International","19,087"
"2022 Jul 01 12:00:22 AM","2022 May 01 12:00:00 AM","T8","Departure","International","8,112"
"2022 Jul 01 12:00:22 AM","2022 May 01 12:00:00 AM","Miscellaneous Terminal","Arrival","Domestic","63,611"
"2023 Apr 01 12:01:02 AM","2023 Feb 01 12:00:00 AM","TBIT","Departure","Domestic","72,553"
"2022 Jul 01 12:00:22 AM","2022 May 01 12:00:00 AM","Miscellaneous Terminal","Departure","Domestic","59,230"
"2022 Aug 30 11:02:17 AM","2022 Jul 01 12:00:00 AM","T4","Arrival","Domestic","235,120"
"2022 Jul 01 12:00:22 AM","2022 May 01 12:00:00 AM","TBIT","Arrival","Domestic","35,139"
"2022 Jul 01 12:00:22 AM","2022 May 01 12:00:00 AM","T7","Arrival","Domestic","292,955"
"2022 Jul 01 12:00:22 AM","2022 May 01 12:00:00 AM","TBIT West Gates","Departure","Domestic","70,125"
"2022 Jul 01 12:00:22 AM","2022 May 01 12:00:00 AM","T5","Departure","International","17,472"
"2022 Jul 01 12:00:22 AM","2022 May 01 12:00:00 AM","T7","Departure","International","43,501"
"2022 Jul 01 12:00:22 AM","2022 May 01 12:00:00 AM","TBIT West Gates","Arrival","International","143,995"
"2022 Jul 01 12:00:22 AM","2022 May 01 12:00:00 AM","Miscellaneous Terminal","Arrival","International","56"
"2022 Aug 30 11:02:17 AM","2022 Jul 01 12:00:00 AM","T2","Departure","International","49,774"
"2022 Jul 01 12:00:22 AM","2022 May 01 12:00:00 AM","T8","Departure","Domestic","113,951"
"2022 Jun 10 06:01:10 AM","2022 May 01 12:00:00 AM","T2","Arrival","International","20,329"
"2022 Jun 10 06:01:10 AM","2022 May 01 12:00:00 AM","T1","Departure","Domestic","312,504"
"2022 Jul 01 12:00:22 AM","2022 May 01 12:00:00 AM","T7","Arrival","International","43,958"
"2022 Jun 10 06:01:10 AM","2022 May 01 12:00:00 AM","T1","Arrival","Domestic","318,837"
"2022 Jul 01 12:00:22 AM","2022 May 01 12:00:00 AM","Miscellaneous Terminal","Departure","International","180"
"2022 Jul 01 12:00:22 AM","2022 May 01 12:00:00 AM","T5","Arrival","International","107"
"2022 Jul 01 12:00:22 AM","2022 May 01 12:00:00 AM","T4","Arrival","Domestic","227,153"
"2022 Jul 01 12:00:22 AM","2022 May 01 12:00:00 AM","T6","Departure","International","83,131"
"2022 Jul 01 12:00:22 AM","2022 May 01 12:00:00 AM","T2","Departure","International","41,539"
"2022 Jul 01 12:00:22 AM","2022 May 01 12:00:00 AM","T7","Departure","Domestic","296,614"
"2022 Jul 01 12:00:22 AM","2022 May 01 12:00:00 AM","T5","Departure","Domestic","405,253"
"2022 Jul 01 12:00:22 AM","2022 May 01 12:00:00 AM","TBIT","Departure","Domestic","141,132"
"2022 Aug 30 11:02:17 AM","2022 Jul 01 12:00:00 AM","T8","Arrival","Domestic","130,697"
"2022 Jul 01 12:00:22 AM","2022 May 01 12:00:00 AM","TBIT West Gates","Arrival","Domestic","72,336"
"2022 Jul 01 12:00:22 AM","2022 May 01 12:00:00 AM","T6","Departure","Domestic","164,558"
"2022 Dec 10 06:01:13 AM","2022 Nov 01 12:00:00 AM","T2","Arrival","International","23,974"
"2022 Jun 10 06:01:10 AM","2022 May 01 12:00:00 AM","T8","Arrival","International","2,629"
"2022 Jul 01 12:00:22 AM","2022 May 01 12:00:00 AM","T5","Arrival","Domestic","415,442"
"2022 Jul 01 12:00:22 AM","2022 May 01 12:00:00 AM","T6","Arrival","Domestic","157,385"
"2022 Jul 01 12:00:22 AM","2022 May 01 12:00:00 AM","T8","Arrival","Domestic","120,891"
"2022 Jul 01 12:00:22 AM","2022 May 01 12:00:00 AM","T4","Departure","Domestic","195,182"
"2022 Jul 01 12:00:22 AM","2022 May 01 12:00:00 AM","T6","Arrival","International","42,268"
"2022 Jul 01 12:00:22 AM","2022 May 01 12:00:00 AM","TBIT","Departure","International","357,948"
"2022 Aug 30 11:02:17 AM","2022 Jul 01 12:00:00 AM","T4","Departure","International","18,538"
"2022 Aug 30 11:02:17 AM","2022 Jul 01 12:00:00 AM","T4","Arrival","International","3,215"
"2022 Aug 30 11:02:17 AM","2022 Jul 01 12:00:00 AM","T6","Arrival","Domestic","165,027"
"2022 Dec 10 06:01:13 AM","2022 Nov 01 12:00:00 AM","T1","Arrival","Domestic","276,981"
"2023 Jan 01 12:00:28 AM","2022 Nov 01 12:00:00 AM","Miscellaneous Terminal","Arrival","Domestic","47,433"
"2023 Jan 01 12:00:28 AM","2022 Nov 01 12:00:00 AM","TBIT","Arrival","Domestic","36,969"
"2023 Jan 01 12:00:28 AM","2022 Nov 01 12:00:00 AM","TBIT West Gates","Departure","International","161,092"
"2023 Jan 01 12:00:28 AM","2022 Nov 01 12:00:00 AM","T5","Departure","Domestic","415,807"
"2023 Apr 01 12:01:02 AM","2022 Dec 01 12:00:00 AM","T7","Arrival","International","45,004"
"2023 Jan 01 12:00:28 AM","2022 Nov 01 12:00:00 AM","T3","Arrival","Domestic","281,278"
"2023 Jan 01 12:00:28 AM","2022 Nov 01 12:00:00 AM","T3","Departure","Domestic","228,235"
"2023 Jan 01 12:00:28 AM","2022 Nov 01 12:00:00 AM","T2","Departure","International","39,723"
"2023 Jan 01 12:00:28 AM","2022 Nov 01 12:00:00 AM","Miscellaneous Terminal","Departure","Domestic","46,818"
"2023 Jan 01 12:00:28 AM","2022 Nov 01 12:00:00 AM","T4","Departure","Domestic","191,384"
"2023 Jan 01 12:00:28 AM","2022 Nov 01 12:00:00 AM","Miscellaneous Terminal","Departure","International","522"
"2022 Dec 10 06:01:13 AM","2022 Nov 01 12:00:00 AM","T6","Arrival","International","44,597"
"2023 Jan 01 12:00:28 AM","2022 Nov 01 12:00:00 AM","T8","Arrival","Domestic","112,725"
"2023 Jan 01 12:00:28 AM","2022 Nov 01 12:00:00 AM","TBIT","Departure","Domestic","77,322"
"2023 Jan 01 12:00:28 AM","2022 Nov 01 12:00:00 AM","T6","Arrival","Domestic","151,638"
"2023 Jan 01 12:00:28 AM","2022 Nov 01 12:00:00 AM","T7","Departure","Domestic","278,776"
"2023 Jan 01 12:00:28 AM","2022 Nov 01 12:00:00 AM","T5","Arrival","Domestic","412,750"
"2023 Jan 01 12:00:28 AM","2022 Nov 01 12:00:00 AM","T4","Departure","International","20,751"
"2023 Jan 01 12:00:28 AM","2022 Nov 01 12:00:00 AM","T3","Departure","International","21,768"
"2023 Jan 01 12:00:28 AM","2022 Nov 01 12:00:00 AM","T8","Departure","Domestic","113,835"
"2023 Jan 01 12:00:28 AM","2022 Nov 01 12:00:00 AM","TBIT West Gates","Arrival","International","160,398"
"2023 Jan 01 12:00:28 AM","2022 Nov 01 12:00:00 AM","T6","Departure","Domestic","148,191"
"2023 Jan 01 12:00:28 AM","2022 Nov 01 12:00:00 AM","T7","Arrival","International","48,378"
"2023 Jan 01 12:00:28 AM","2022 Nov 01 12:00:00 AM","TBIT West Gates","Arrival","Domestic","64,379"
"2022 Dec 10 06:01:13 AM","2022 Nov 01 12:00:00 AM","T1","Departure","Domestic","274,491"
"2023 Jan 01 12:00:28 AM","2022 Nov 01 12:00:00 AM","T4","Arrival","Domestic","193,336"
"2023 Jan 01 12:00:28 AM","2022 Nov 01 12:00:00 AM","T8","Departure","International","6,450"
"2023 Jan 01 12:00:28 AM","2022 Nov 01 12:00:00 AM","TBIT","Departure","International","358,935"
"2023 Jan 01 12:00:28 AM","2022 Nov 01 12:00:00 AM","TBIT West Gates","Departure","Domestic","63,976"
"2023 Jan 01 12:00:28 AM","2022 Nov 01 12:00:00 AM","T7","Arrival","Domestic","278,190"
"2023 Jan 01 12:00:28 AM","2022 Nov 01 12:00:00 AM","T4","Arrival","International","2,473"
"2023 Jan 01 12:00:28 AM","2022 Nov 01 12:00:00 AM","T6","Departure","International","81,633"
"2023 Jan 01 12:00:28 AM","2022 Nov 01 12:00:00 AM","T2","Arrival","Domestic","223,327"
"2023 Jan 01 12:00:28 AM","2022 Nov 01 12:00:00 AM","Miscellaneous Terminal","Arrival","International","553"
"2023 Jan 01 12:00:28 AM","2022 Nov 01 12:00:00 AM","T7","Departure","International","43,329"
"2023 Jan 01 12:00:28 AM","2022 Nov 01 12:00:00 AM","T2","Departure","Domestic","207,928"
"2023 Jan 01 12:00:28 AM","2022 Nov 01 12:00:00 AM","T5","Departure","International","13,282"
"2023 Feb 01 12:00:35 AM","2022 Dec 01 12:00:00 AM","T2","Departure","International","45,815"
"2023 Feb 01 12:00:35 AM","2022 Dec 01 12:00:00 AM","T2","Arrival","Domestic","225,361"
"2023 Feb 01 12:00:35 AM","2022 Dec 01 12:00:00 AM","T4","Departure","Domestic","201,711"
"2023 Feb 01 12:00:35 AM","2022 Dec 01 12:00:00 AM","TBIT West Gates","Arrival","International","172,437"
"2023 Feb 01 12:00:35 AM","2022 Dec 01 12:00:00 AM","TBIT","Departure","International","395,387"
"2023 Apr 01 12:01:02 AM","2023 Feb 01 12:00:00 AM","T5","Departure","International","7,834"
"2023 Feb 01 12:00:35 AM","2022 Dec 01 12:00:00 AM","T6","Departure","International","87,788"
"2023 Feb 01 12:00:35 AM","2022 Dec 01 12:00:00 AM","T2","Departure","Domestic","203,175"
"2023 Feb 01 12:00:35 AM","2022 Dec 01 12:00:00 AM","T7","Arrival","Domestic","284,625"
"2023 Feb 01 12:00:35 AM","2022 Dec 01 12:00:00 AM","TBIT West Gates","Departure","International","186,006"
"2023 Feb 01 12:00:35 AM","2022 Dec 01 12:00:00 AM","T4","Departure","International","22,534"
"2023 Feb 01 12:00:35 AM","2022 Dec 01 12:00:00 AM","T7","Departure","International","51,545"
"2023 Feb 01 12:00:35 AM","2022 Dec 01 12:00:00 AM","TBIT","Arrival","Domestic","38,859"
"2023 Feb 01 12:00:35 AM","2022 Dec 01 12:00:00 AM","T6","Arrival","Domestic","158,595"
"2023 Feb 01 12:00:35 AM","2022 Dec 01 12:00:00 AM","T4","Arrival","International","673"
"2023 Feb 01 12:00:35 AM","2022 Dec 01 12:00:00 AM","T8","Departure","International","8,669"
"2023 Jan 10 06:01:14 AM","2022 Dec 01 12:00:00 AM","T1","Departure","Domestic","241,759"
"2022 Jul 28 09:31:00 AM","2022 Jun 01 12:00:00 AM","T1","Arrival","Domestic","287,037"
"2022 Jul 28 09:31:00 AM","2022 Jun 01 12:00:00 AM","Miscellaneous Terminal","Arrival","International","201"
"2022 Jul 28 09:31:00 AM","2022 Jun 01 12:00:00 AM","T5","Arrival","Domestic","390,089"
"2022 Jul 28 09:31:00 AM","2022 Jun 01 12:00:00 AM","T6","Arrival","International","49,552"
"2022 Jul 28 09:31:00 AM","2022 May 01 12:00:00 AM","T4","Arrival","International","3,300"
"2022 Jul 28 09:31:00 AM","2022 Jun 01 12:00:00 AM","T4","Arrival","Domestic","230,482"
"2022 Jul 28 09:31:00 AM","2022 Jun 01 12:00:00 AM","T6","Departure","Domestic","171,143"
"2022 Jul 28 09:31:00 AM","2022 Jun 01 12:00:00 AM","T6","Departure","International","100,055"
"2022 Jul 28 09:31:00 AM","2022 May 01 12:00:00 AM","T3","Departure","Domestic","11,849"
"2022 Jul 28 09:31:00 AM","2022 Jun 01 12:00:00 AM","T8","Departure","Domestic","131,788"
"2023 Feb 01 12:00:35 AM","2022 Dec 01 12:00:00 AM","TBIT","Arrival","International","482,132"
"2022 Jul 28 09:31:00 AM","2022 Jun 01 12:00:00 AM","Miscellaneous Terminal","Arrival","Domestic","56,201"
"2022 Jul 28 09:31:00 AM","2022 Jun 01 12:00:00 AM","T2","Arrival","Domestic","491,794"
"2022 Jul 28 09:31:00 AM","2022 Jun 01 12:00:00 AM","T7","Departure","International","60,614"
"2022 Jul 28 09:31:00 AM","2022 Jun 01 12:00:00 AM","T8","Arrival","Domestic","128,039"
"2022 Jul 28 09:31:00 AM","2022 Jun 01 12:00:00 AM","Miscellaneous Terminal","Departure","Domestic","56,860"
"2022 Jul 28 09:31:00 AM","2022 Jun 01 12:00:00 AM","T3","Departure","Domestic","74,645"
"2022 Jul 28 09:31:00 AM","2022 Jun 01 12:00:00 AM","TBIT West Gates","Arrival","International","154,839"
"2022 Jul 28 09:31:00 AM","2022 Jun 01 12:00:00 AM","TBIT West Gates","Departure","Domestic","95,327"
"2022 Jul 28 09:31:00 AM","2022 Jun 01 12:00:00 AM","TBIT","Departure","Domestic","121,079"
"2022 Jul 10 06:01:12 AM","2022 Jun 01 12:00:00 AM","T8","Arrival","International","548"
"2022 Jul 28 09:31:00 AM","2022 Jun 01 12:00:00 AM","Miscellaneous Terminal","Departure","International","307"
"2022 Jul 28 09:31:00 AM","2022 Jun 01 12:00:00 AM","T7","Arrival","International","63,226"
"2022 Jul 28 09:31:00 AM","2022 May 01 12:00:00 AM","T2","Arrival","Domestic","517,964"
"2022 Jul 28 09:31:00 AM","2022 Jun 01 12:00:00 AM","T3","Departure","International","3,758"
"2022 Jul 28 09:31:00 AM","2022 Jun 01 12:00:00 AM","T4","Arrival","International","2,130"
"2022 Jul 28 09:31:00 AM","2022 Jun 01 12:00:00 AM","TBIT West Gates","Departure","International","167,219"
"2022 Jul 28 09:31:00 AM","2022 Jun 01 12:00:00 AM","T6","Arrival","Domestic","164,811"
"2022 Jul 28 09:31:00 AM","2022 Jun 01 12:00:00 AM","T2","Arrival","International","23,236"
"2023 Apr 01 12:01:02 AM","2023 Feb 01 12:00:00 AM","T6","Departure","Domestic","134,681"
"2022 Jul 28 09:31:00 AM","2022 Jun 01 12:00:00 AM","T5","Departure","Domestic","393,916"
"2022 Jul 28 09:31:00 AM","2022 Jun 01 12:00:00 AM","T2","Departure","International","48,538"
"2022 Jul 28 09:31:00 AM","2022 Jun 01 12:00:00 AM","T2","Departure","Domestic","383,327"
"2022 Jul 28 09:31:00 AM","2022 May 01 12:00:00 AM","T2","Departure","Domestic","451,410"
"2022 Jul 28 09:31:00 AM","2022 Jun 01 12:00:00 AM","T5","Departure","International","21,898"
"2022 Jul 28 09:31:00 AM","2022 Jun 01 12:00:00 AM","T8","Departure","International","9,688"
"2022 Jul 28 09:31:00 AM","2022 Jun 01 12:00:00 AM","T5","Arrival","International","193"
"2022 Jul 28 09:31:00 AM","2022 Jun 01 12:00:00 AM","T7","Arrival","Domestic","304,306"
"2022 Jul 28 09:31:00 AM","2022 Jun 01 12:00:00 AM","T3","Arrival","Domestic","97,231"
"2022 Jul 28 09:31:00 AM","2022 Jun 01 12:00:00 AM","T7","Departure","Domestic","314,490"
"2022 Jul 28 09:31:00 AM","2022 Jun 01 12:00:00 AM","T1","Departure","Domestic","288,369"
"2022 Jul 28 09:31:00 AM","2022 Jun 01 12:00:00 AM","T4","Departure","Domestic","211,202"
"2022 Jul 28 09:31:00 AM","2022 Jun 01 12:00:00 AM","TBIT West Gates","Arrival","Domestic","93,411"
"2022 Jul 28 09:31:00 AM","2022 May 01 12:00:00 AM","T3","Arrival","Domestic","12,376"
"2022 Jul 28 09:31:00 AM","2022 Jun 01 12:00:00 AM","T4","Departure","International","17,763"
"2022 Jul 28 09:31:00 AM","2022 Jun 01 12:00:00 AM","TBIT","Arrival","Domestic","11,014"
"2022 Oct 01 12:00:21 AM","2022 Aug 01 12:00:00 AM","T4","Arrival","International","3,125"
"2022 Oct 01 12:00:21 AM","2022 Aug 01 12:00:00 AM","T7","Arrival","International","57,170"
"2022 Oct 01 12:00:21 AM","2022 Aug 01 12:00:00 AM","T5","Departure","Domestic","386,891"
"2022 Oct 01 12:00:21 AM","2022 Aug 01 12:00:00 AM","TBIT West Gates","Arrival","Domestic","88,467"
"2023 Apr 01 12:01:02 AM","2023 Feb 01 12:00:00 AM","TBIT West Gates","Arrival","Domestic","48,738"
"2022 Oct 01 12:00:21 AM","2022 Aug 01 12:00:00 AM","T3","Arrival","Domestic","105,435"
"2022 Sep 10 06:01:10 AM","2022 Aug 01 12:00:00 AM","T1","Departure","Domestic","296,542"
"2022 Oct 01 12:00:21 AM","2022 Aug 01 12:00:00 AM","T4","Arrival","Domestic","225,031"
"2022 Oct 01 12:00:21 AM","2022 Aug 01 12:00:00 AM","T8","Departure","Domestic","120,955"
"2022 Oct 01 12:00:21 AM","2022 Aug 01 12:00:00 AM","T7","Arrival","Domestic","306,678"
"2022 Oct 01 12:00:21 AM","2022 Aug 01 12:00:00 AM","T7","Departure","Domestic","310,088"
"2022 Oct 01 12:00:21 AM","2022 Aug 01 12:00:00 AM","TBIT West Gates","Arrival","International","205,174"
"2022 Oct 01 12:00:21 AM","2022 Aug 01 12:00:00 AM","T6","Departure","Domestic","165,120"
"2022 Oct 01 12:00:21 AM","2022 Aug 01 12:00:00 AM","Miscellaneous Terminal","Arrival","International","168"
"2022 Oct 01 12:00:21 AM","2022 Aug 01 12:00:00 AM","T5","Arrival","Domestic","388,073"
"2022 Oct 01 12:00:21 AM","2022 Aug 01 12:00:00 AM","T4","Departure","International","17,076"
"2022 Oct 01 12:00:21 AM","2022 Aug 01 12:00:00 AM","T2","Departure","International","46,192"
"2022 Oct 01 12:00:21 AM","2022 Aug 01 12:00:00 AM","T5","Arrival","International","248"
"2022 Oct 01 12:00:21 AM","2022 Aug 01 12:00:00 AM","TBIT West Gates","Departure","Domestic","80,994"
"2022 Oct 01 12:00:21 AM","2022 Aug 01 12:00:00 AM","T3","Departure","Domestic","98,416"
"2022 Oct 01 12:00:21 AM","2022 Aug 01 12:00:00 AM","Miscellaneous Terminal","Departure","Domestic","50,616"
"2022 Oct 01 12:00:21 AM","2022 Aug 01 12:00:00 AM","TBIT","Arrival","Domestic","13,012"
"2022 Oct 01 12:00:21 AM","2022 Aug 01 12:00:00 AM","T2","Departure","Domestic","361,971"
"2022 Sep 10 06:01:10 AM","2022 Aug 01 12:00:00 AM","T8","Arrival","International","398"
"2022 Sep 10 06:01:10 AM","2022 Aug 01 12:00:00 AM","T2","Arrival","International","28,876"
"2022 Oct 01 12:00:21 AM","2022 Aug 01 12:00:00 AM","T7","Departure","International","46,316"
"2022 Oct 01 12:00:21 AM","2022 Aug 01 12:00:00 AM","TBIT","Departure","Domestic","119,846"
"2022 Oct 01 12:00:21 AM","2022 Aug 01 12:00:00 AM","T3","Departure","International","5,380"
"2022 Oct 01 12:00:21 AM","2022 Aug 01 12:00:00 AM","Miscellaneous Terminal","Arrival","Domestic","49,405"
"2022 Oct 01 12:00:21 AM","2022 Aug 01 12:00:00 AM","T5","Departure","International","14,778"
"2022 Oct 01 12:00:21 AM","2022 Aug 01 12:00:00 AM","T8","Arrival","Domestic","123,222"
"2022 Oct 01 12:00:21 AM","2022 Aug 01 12:00:00 AM","TBIT","Departure","International","400,223"
"2022 Oct 01 12:00:21 AM","2022 Aug 01 12:00:00 AM","Miscellaneous Terminal","Departure","International","131"
"2022 Oct 01 12:00:21 AM","2022 Aug 01 12:00:00 AM","T4","Departure","Domestic","199,820"
"2022 Sep 10 06:01:10 AM","2022 Aug 01 12:00:00 AM","T1","Arrival","Domestic","293,891"
"2022 Oct 01 12:00:21 AM","2022 Aug 01 12:00:00 AM","T6","Arrival","International","70,882"
"2022 Oct 01 12:00:21 AM","2022 Aug 01 12:00:00 AM","T2","Arrival","Domestic","420,167"
"2022 Oct 01 12:00:21 AM","2022 Aug 01 12:00:00 AM","T6","Departure","International","103,906"
"2022 Oct 01 12:00:21 AM","2022 Aug 01 12:00:00 AM","T8","Departure","International","6,714"
"2022 Oct 01 12:00:21 AM","2022 Aug 01 12:00:00 AM","T6","Arrival","Domestic","164,768"
"2022 Oct 01 12:00:21 AM","2022 Aug 01 12:00:00 AM","TBIT West Gates","Departure","International","173,701"
"2023 Feb 01 12:00:35 AM","2022 Dec 01 12:00:00 AM","T6","Departure","Domestic","155,156"
"2023 Feb 01 12:00:35 AM","2022 Dec 01 12:00:00 AM","T5","Departure","Domestic","403,697"
"2023 Feb 01 12:00:35 AM","2022 Dec 01 12:00:00 AM","Miscellaneous Terminal","Arrival","International","1,558"
"2023 Feb 01 12:00:35 AM","2022 Dec 01 12:00:00 AM","T8","Arrival","Domestic","115,239"
"2023 Feb 01 12:00:35 AM","2022 Dec 01 12:00:00 AM","T5","Departure","International","14,672"
"2023 Feb 01 12:00:35 AM","2022 Dec 01 12:00:00 AM","T4","Arrival","Domestic","212,015"
"2023 Feb 01 12:00:35 AM","2022 Dec 01 12:00:00 AM","T8","Departure","Domestic","119,552"
"2023 Jan 10 06:01:14 AM","2022 Dec 01 12:00:00 AM","T1","Arrival","Domestic","244,879"
"2023 Feb 01 12:00:35 AM","2022 Dec 01 12:00:00 AM","TBIT","Departure","Domestic","88,910"
"2023 Feb 01 12:00:35 AM","2022 Dec 01 12:00:00 AM","Miscellaneous Terminal","Departure","Domestic","46,083"
"2023 Feb 01 12:00:35 AM","2022 Dec 01 12:00:00 AM","T3","Arrival","Domestic","284,180"
"2023 Feb 01 12:00:35 AM","2022 Dec 01 12:00:00 AM","TBIT West Gates","Arrival","Domestic","67,700"
"2023 Feb 01 12:00:35 AM","2022 Dec 01 12:00:00 AM","T3","Departure","Domestic","267,985"
"2023 Feb 01 12:00:35 AM","2022 Dec 01 12:00:00 AM","Miscellaneous Terminal","Arrival","Domestic","47,162"
"2023 Feb 01 12:00:35 AM","2022 Dec 01 12:00:00 AM","T7","Departure","Domestic","287,062"
"2023 Feb 01 12:00:35 AM","2022 Dec 01 12:00:00 AM","TBIT West Gates","Departure","Domestic","68,957"
"2023 Jan 05 08:14:50 AM","2022 Dec 01 12:00:00 AM","T2","Arrival","International","24,847"
"2023 Feb 01 12:00:35 AM","2022 Dec 01 12:00:00 AM","T5","Arrival","Domestic","400,724"
"2023 Feb 01 12:00:35 AM","2022 Dec 01 12:00:00 AM","T6","Arrival","International","41,893"
"2023 Feb 01 12:00:35 AM","2022 Dec 01 12:00:00 AM","T3","Departure","International","26,327"
"2023 Feb 01 12:00:35 AM","2022 Dec 01 12:00:00 AM","Miscellaneous Terminal","Departure","International","1,646"
"2023 Apr 01 12:01:02 AM","2023 Feb 01 12:00:00 AM","T6","Arrival","Domestic","135,520"
"2023 Apr 01 12:01:02 AM","2023 Feb 01 12:00:00 AM","T6","Arrival","International","38,857"
"2023 Mar 10 06:01:19 AM","2023 Feb 01 12:00:00 AM","T2","Arrival","International","25,104"
"2023 Apr 01 12:01:02 AM","2023 Feb 01 12:00:00 AM","T5","Arrival","Domestic","342,965"
"2023 Mar 10 06:01:19 AM","2023 Jan 01 12:00:00 AM","T6","Departure","Domestic","142,049"
"2023 Mar 10 06:01:19 AM","2023 Feb 01 12:00:00 AM","T4","Departure","Domestic","168,441"
"2023 Apr 01 12:01:02 AM","2023 Feb 01 12:00:00 AM","T2","Departure","Domestic","184,422"
"2023 Apr 01 12:01:02 AM","2023 Feb 01 12:00:00 AM","T7","Arrival","Domestic","254,128"
"2023 Apr 01 12:01:02 AM","2023 Feb 01 12:00:00 AM","Miscellaneous Terminal","Departure","Domestic","42,387"
"2023 Apr 01 12:01:02 AM","2023 Feb 01 12:00:00 AM","T8","Departure","Domestic","84,106"
"2023 Apr 01 12:01:02 AM","2023 Feb 01 12:00:00 AM","T3","Departure","International","22,687"
"2023 Mar 10 06:01:19 AM","2023 Feb 01 12:00:00 AM","T1","Departure","Domestic","231,386"
"2023 Apr 01 12:01:02 AM","2023 Feb 01 12:00:00 AM","T3","Departure","Domestic","220,175"
"2023 Apr 01 12:01:02 AM","2023 Feb 01 12:00:00 AM","TBIT West Gates","Departure","Domestic","41,123"
"2023 Apr 01 12:01:02 AM","2023 Feb 01 12:00:00 AM","T8","Departure","International","5,125"
"2023 Apr 01 12:01:02 AM","2023 Feb 01 12:00:00 AM","TBIT","Departure","International","327,832"
"2023 Apr 01 12:01:02 AM","2023 Feb 01 12:00:00 AM","T2","Arrival","Domestic","201,856"
"2023 Mar 10 06:01:19 AM","2023 Feb 01 12:00:00 AM","T4","Departure","International","12,581"
"2023 Apr 01 12:01:02 AM","2023 Feb 01 12:00:00 AM","TBIT","Arrival","International","434,387"
"2023 Apr 01 12:01:02 AM","2023 Feb 01 12:00:00 AM","T8","Arrival","Domestic","86,551"
"2023 Apr 01 12:01:02 AM","2023 Feb 01 12:00:00 AM","Miscellaneous Terminal","Departure","International","2,230"
"2023 Apr 01 12:01:02 AM","2023 Feb 01 12:00:00 AM","TBIT West Gates","Arrival","International","141,596"
"2023 Apr 01 12:01:02 AM","2023 Feb 01 12:00:00 AM","T7","Arrival","International","33,460"
"2023 Apr 01 12:01:02 AM","2023 Feb 01 12:00:00 AM","T5","Departure","Domestic","341,002"
"2023 Apr 01 12:01:02 AM","2023 Feb 01 12:00:00 AM","T7","Departure","International","36,218"
"2023 Apr 01 12:01:02 AM","2023 Feb 01 12:00:00 AM","Miscellaneous Terminal","Arrival","International","2,357"
"2023 Mar 10 06:01:19 AM","2023 Feb 01 12:00:00 AM","T4","Arrival","Domestic","167,486"
"2023 Mar 10 06:01:19 AM","2023 Jan 01 12:00:00 AM","T6","Arrival","Domestic","146,891"
"2023 Mar 10 06:01:19 AM","2023 Feb 01 12:00:00 AM","TBIT","Arrival","Domestic","36,363"
"2023 Mar 10 06:01:19 AM","2023 Feb 01 12:00:00 AM","T1","Arrival","Domestic","236,006"
"2023 Apr 01 12:01:02 AM","2023 Feb 01 12:00:00 AM","T7","Departure","Domestic","252,437"
"2023 Apr 01 12:01:02 AM","2023 Feb 01 12:00:00 AM","TBIT West Gates","Departure","International","137,942"
"2023 Jul 01 12:00:21 AM","2023 May 01 12:00:00 AM","Miscellaneous Terminal","Arrival","Domestic","51,890"
"2023 Jul 01 12:00:21 AM","2023 May 01 12:00:00 AM","T6","Arrival","International","66,203"
"2023 Jul 01 12:00:21 AM","2023 May 01 12:00:00 AM","TBIT","Departure","International","465,719"
"2022 Oct 10 06:01:16 AM","2022 Sep 01 12:00:00 AM","T1","Departure","Domestic","273,145"
"2022 Nov 01 12:00:21 AM","2022 Sep 01 12:00:00 AM","T4","Departure","Domestic","181,057"
"2022 Nov 01 12:00:21 AM","2022 Sep 01 12:00:00 AM","T5","Departure","Domestic","385,576"
"2022 Nov 01 12:00:21 AM","2022 Sep 01 12:00:00 AM","TBIT West Gates","Arrival","Domestic","65,175"
"2022 Nov 01 12:00:21 AM","2022 Sep 01 12:00:00 AM","T2","Arrival","Domestic","407,168"
"2022 Nov 01 12:00:21 AM","2022 Sep 01 12:00:00 AM","T6","Departure","Domestic","144,615"
"2022 Nov 01 12:00:21 AM","2022 Sep 01 12:00:00 AM","T5","Arrival","Domestic","370,831"
"2022 Nov 01 12:00:21 AM","2022 Sep 01 12:00:00 AM","TBIT","Arrival","Domestic","15,180"
"2022 Oct 10 06:01:16 AM","2022 Sep 01 12:00:00 AM","T1","Arrival","Domestic","280,078"
"2022 Nov 01 12:00:21 AM","2022 Sep 01 12:00:00 AM","T4","Departure","International","17,396"
"2022 Nov 01 12:00:21 AM","2022 Sep 01 12:00:00 AM","T7","Departure","International","35,258"
"2022 Nov 01 12:00:21 AM","2022 Sep 01 12:00:00 AM","TBIT West Gates","Departure","International","170,521"
"2022 Nov 01 12:00:21 AM","2022 Sep 01 12:00:00 AM","T2","Departure","Domestic","343,800"
"2022 Nov 01 12:00:21 AM","2022 Sep 01 12:00:00 AM","TBIT West Gates","Arrival","International","172,199"
"2022 Nov 01 12:00:21 AM","2022 Sep 01 12:00:00 AM","T7","Arrival","International","40,043"
"2022 Oct 10 06:01:16 AM","2022 Sep 01 12:00:00 AM","T2","Arrival","International","23,023"
"2022 Oct 10 06:01:16 AM","2022 Sep 01 12:00:00 AM","T8","Arrival","International","42"
"2022 Nov 01 12:00:21 AM","2022 Sep 01 12:00:00 AM","T5","Departure","International","6,892"
"2022 Nov 01 12:00:21 AM","2022 Sep 01 12:00:00 AM","Miscellaneous Terminal","Departure","Domestic","55,581"
"2022 Nov 01 12:00:21 AM","2022 Sep 01 12:00:00 AM","T4","Arrival","International","3,653"
"2022 Nov 01 12:00:21 AM","2022 Sep 01 12:00:00 AM","T3","Arrival","Domestic","107,366"
"2022 Nov 01 12:00:21 AM","2022 Sep 01 12:00:00 AM","TBIT","Departure","International","376,921"
"2022 Nov 01 12:00:21 AM","2022 Sep 01 12:00:00 AM","T6","Departure","International","88,795"
"2022 Nov 01 12:00:21 AM","2022 Sep 01 12:00:00 AM","T8","Arrival","Domestic","113,451"
"2023 May 01 12:00:21 AM","2023 Mar 01 12:00:00 AM","Miscellaneous Terminal","Arrival","Domestic","51,187"
"2022 Nov 01 12:00:21 AM","2022 Sep 01 12:00:00 AM","T3","Departure","International","1,836"
"2022 Nov 01 12:00:21 AM","2022 Sep 01 12:00:00 AM","T8","Departure","International","4,554"
"2022 Nov 01 12:00:21 AM","2022 Sep 01 12:00:00 AM","T7","Departure","Domestic","292,203"
"2022 Nov 01 12:00:21 AM","2022 Sep 01 12:00:00 AM","T8","Departure","Domestic","115,265"
"2022 Nov 01 12:00:21 AM","2022 Sep 01 12:00:00 AM","T6","Arrival","Domestic","145,493"
"2022 Nov 01 12:00:21 AM","2022 Sep 01 12:00:00 AM","Miscellaneous Terminal","Arrival","Domestic","56,595"
"2022 Nov 01 12:00:21 AM","2022 Sep 01 12:00:00 AM","T4","Arrival","Domestic","219,589"
"2022 Nov 01 12:00:21 AM","2022 Sep 01 12:00:00 AM","TBIT West Gates","Departure","Domestic","60,034"
"2022 Oct 10 06:01:16 AM","2022 Sep 01 12:00:00 AM","Miscellaneous Terminal","Arrival","International","16"
"2022 Nov 01 12:00:21 AM","2022 Sep 01 12:00:00 AM","T6","Arrival","International","59,562"
"2022 Nov 01 12:00:21 AM","2022 Sep 01 12:00:00 AM","T2","Departure","International","39,918"
"2022 Nov 01 12:00:21 AM","2022 Sep 01 12:00:00 AM","TBIT","Departure","Domestic","117,069"
"2022 Nov 01 12:00:21 AM","2022 Sep 01 12:00:00 AM","T7","Arrival","Domestic","290,252"
"2022 Nov 01 12:00:21 AM","2022 Sep 01 12:00:00 AM","T3","Departure","Domestic","101,654"
"2022 Nov 01 12:00:21 AM","2022 Sep 01 12:00:00 AM","T5","Arrival","International","150"
"2022 Dec 01 12:00:35 AM","2022 Oct 01 12:00:00 AM","T5","Departure","Domestic","414,705"
"2022 Dec 01 12:00:35 AM","2022 Oct 01 12:00:00 AM","TBIT West Gates","Departure","Domestic","63,126"
"2022 Dec 01 12:00:35 AM","2022 Oct 01 12:00:00 AM","TBIT West Gates","Arrival","International","173,693"
"2022 Dec 01 12:00:35 AM","2022 Oct 01 12:00:00 AM","T8","Departure","Domestic","113,398"
"2022 Nov 10 06:01:11 AM","2022 Oct 01 12:00:00 AM","T6","Arrival","International","58,536"
"2022 Dec 01 12:00:35 AM","2022 Oct 01 12:00:00 AM","T7","Arrival","International","41,738"
"2022 Dec 01 12:00:35 AM","2022 Oct 01 12:00:00 AM","T5","Arrival","Domestic","415,277"
"2022 Dec 01 12:00:35 AM","2022 Oct 01 12:00:00 AM","Miscellaneous Terminal","Arrival","International","151"
"2022 Dec 01 12:00:35 AM","2022 Oct 01 12:00:00 AM","T6","Arrival","Domestic","144,104"
"2022 Dec 01 12:00:35 AM","2022 Oct 01 12:00:00 AM","TBIT","Departure","Domestic","81,994"
"2022 Dec 01 12:00:35 AM","2022 Oct 01 12:00:00 AM","TBIT","Departure","International","376,144"
"2022 Dec 01 12:00:35 AM","2022 Oct 01 12:00:00 AM","T3","Arrival","Domestic","277,918"
"2022 Dec 01 12:00:35 AM","2022 Oct 01 12:00:00 AM","Miscellaneous Terminal","Departure","Domestic","52,800"
"2022 Dec 01 12:00:35 AM","2022 Oct 01 12:00:00 AM","T7","Departure","International","36,975"
"2022 Nov 04 02:28:49 PM","2022 Oct 01 12:00:00 AM","T1","Departure","Domestic","296,024"
"2022 Dec 01 12:00:35 AM","2022 Oct 01 12:00:00 AM","TBIT West Gates","Departure","International","166,179"
"2022 Dec 01 12:00:35 AM","2022 Oct 01 12:00:00 AM","T5","Departure","International","9,042"
"2022 Dec 01 12:00:35 AM","2022 Oct 01 12:00:00 AM","T3","Departure","International","19,408"
"2022 Dec 01 12:00:35 AM","2022 Oct 01 12:00:00 AM","T4","Departure","International","17,145"
"2022 Dec 01 12:00:35 AM","2022 Oct 01 12:00:00 AM","T4","Arrival","International","2,930"
"2022 Dec 01 12:00:35 AM","2022 Oct 01 12:00:00 AM","T5","Arrival","International","98"
"2022 Dec 01 12:00:35 AM","2022 Oct 01 12:00:00 AM","TBIT West Gates","Arrival","Domestic","63,277"
"2022 Dec 01 12:00:35 AM","2022 Oct 01 12:00:00 AM","Miscellaneous Terminal","Arrival","Domestic","55,619"
"2022 Dec 01 12:00:35 AM","2022 Oct 01 12:00:00 AM","T2","Arrival","Domestic","257,370"
"2022 Dec 01 12:00:35 AM","2022 Oct 01 12:00:00 AM","T7","Departure","Domestic","311,081"
"2022 Dec 01 12:00:35 AM","2022 Oct 01 12:00:00 AM","T6","Departure","Domestic","144,607"
"2022 Dec 01 12:00:35 AM","2022 Oct 01 12:00:00 AM","T3","Departure","Domestic","261,724"
"2022 Nov 10 06:01:11 AM","2022 Oct 01 12:00:00 AM","T6","Departure","International","87,837"
"2022 Nov 04 02:28:49 PM","2022 Oct 01 12:00:00 AM","T1","Arrival","Domestic","300,149"
"2022 Dec 01 12:00:35 AM","2022 Oct 01 12:00:00 AM","TBIT","Arrival","Domestic","25,923"
"2022 Nov 10 06:01:11 AM","2022 Oct 01 12:00:00 AM","T2","Arrival","International","22,435"
"2022 Dec 01 12:00:35 AM","2022 Oct 01 12:00:00 AM","Miscellaneous Terminal","Departure","International","159"
"2022 Dec 01 12:00:35 AM","2022 Oct 01 12:00:00 AM","T4","Arrival","Domestic","232,382"
"2023 May 01 12:00:21 AM","2023 Mar 01 12:00:00 AM","T5","Departure","International","16,520"
"2022 Dec 01 12:00:35 AM","2022 Oct 01 12:00:00 AM","T7","Arrival","Domestic","314,089"
"2022 Dec 01 12:00:35 AM","2022 Oct 01 12:00:00 AM","T4","Departure","Domestic","199,075"
"2022 Dec 01 12:00:35 AM","2022 Oct 01 12:00:00 AM","T8","Departure","International","5,136"
"2022 Dec 01 12:00:35 AM","2022 Oct 01 12:00:00 AM","T2","Departure","Domestic","234,999"
"2022 Dec 01 12:00:35 AM","2022 Oct 01 12:00:00 AM","T2","Departure","International","36,242"
"2022 Dec 01 12:00:35 AM","2022 Oct 01 12:00:00 AM","T8","Arrival","Domestic","113,631"
"2023 Feb 10 06:01:11 AM","2023 Jan 01 12:00:00 AM","T2","Arrival","International","26,422"
"2023 Mar 01 12:01:36 AM","2023 Jan 01 12:00:00 AM","TBIT West Gates","Arrival","International","174,027"
"2023 Mar 01 12:01:36 AM","2023 Jan 01 12:00:00 AM","Miscellaneous Terminal","Arrival","Domestic","46,547"
"2023 Mar 01 12:01:36 AM","2023 Jan 01 12:00:00 AM","Miscellaneous Terminal","Departure","Domestic","44,716"
"2023 Mar 01 12:01:36 AM","2022 Sep 01 12:00:00 AM","TBIT","Arrival","International","448,558"
"2023 Mar 01 12:01:36 AM","2023 Jan 01 12:00:00 AM","T2","Departure","Domestic","206,241"
"2023 Mar 01 12:01:36 AM","2023 Jan 01 12:00:00 AM","T6","Arrival","International","40,574"
"2023 Mar 01 12:01:36 AM","2023 Jan 01 12:00:00 AM","T8","Departure","Domestic","91,466"
"2023 Mar 01 12:01:36 AM","2023 Jan 01 12:00:00 AM","Miscellaneous Terminal","Departure","International","1,854"
"2023 Mar 01 12:01:36 AM","2023 Jan 01 12:00:00 AM","TBIT","Arrival","Domestic","35,788"
"2023 Mar 01 12:01:36 AM","2023 Jan 01 12:00:00 AM","T5","Arrival","Domestic","376,406"
"2023 Mar 01 12:01:36 AM","2023 Jan 01 12:00:00 AM","T4","Arrival","Domestic","181,933"
"2023 Mar 01 12:01:36 AM","2023 Jan 01 12:00:00 AM","T4","Departure","Domestic","175,866"
"2023 Mar 01 12:01:36 AM","2023 Jan 01 12:00:00 AM","T8","Arrival","Domestic","94,384"
"2023 Mar 01 12:01:36 AM","2022 Feb 01 12:00:00 AM","TBIT","Arrival","International","244,952"
"2023 Mar 01 12:01:36 AM","2023 Jan 01 12:00:00 AM","T7","Arrival","International","51,590"
"2023 Mar 01 12:01:36 AM","2023 Jan 01 12:00:00 AM","T8","Departure","International","4,409"
"2023 Mar 01 12:01:36 AM","2022 Aug 01 12:00:00 AM","TBIT","Arrival","International","544,833"
"2023 Mar 01 12:01:36 AM","2022 Jul 01 12:00:00 AM","TBIT","Arrival","International","565,205"
"2023 Mar 01 12:01:36 AM","2023 Jan 01 12:00:00 AM","TBIT","Arrival","International","531,578"
"2023 Mar 01 12:01:36 AM","2022 May 01 12:00:00 AM","TBIT","Arrival","International","419,931"
"2023 Mar 01 12:01:36 AM","2023 Jan 01 12:00:00 AM","TBIT","Departure","International","371,162"
"2023 Mar 01 12:01:36 AM","2023 Jan 01 12:00:00 AM","TBIT West Gates","Departure","International","158,092"
"2023 Mar 01 12:01:36 AM","2023 Jan 01 12:00:00 AM","T5","Departure","International","8,774"
"2023 Mar 01 12:01:36 AM","2023 Jan 01 12:00:00 AM","TBIT West Gates","Arrival","Domestic","53,331"
"2023 Mar 01 12:01:36 AM","2023 Jan 01 12:00:00 AM","T2","Departure","International","44,489"
"2023 Jul 01 12:00:21 AM","2023 May 01 12:00:00 AM","TBIT West Gates","Departure","Domestic","74,384"
"2023 Mar 01 12:01:36 AM","2023 Jan 01 12:00:00 AM","T5","Departure","Domestic","362,728"
"2023 Mar 01 12:01:36 AM","2023 Jan 01 12:00:00 AM","T3","Departure","International","25,920"
"2023 Mar 01 12:01:36 AM","2023 Jan 01 12:00:00 AM","T7","Departure","International","42,472"
"2023 Mar 01 12:01:36 AM","2023 Jan 01 12:00:00 AM","T3","Arrival","Domestic","263,524"
"2023 Mar 01 12:01:36 AM","2022 Nov 01 12:00:00 AM","TBIT","Arrival","International","435,517"
"2023 Mar 01 12:01:36 AM","2023 Jan 01 12:00:00 AM","TBIT West Gates","Departure","Domestic","49,000"
"2023 Jul 01 12:00:21 AM","2023 May 01 12:00:00 AM","T5","Departure","Domestic","468,794"
"2023 Mar 01 12:01:36 AM","2023 Jan 01 12:00:00 AM","T2","Arrival","Domestic","224,653"
"2023 Mar 01 12:01:36 AM","2023 Jan 01 12:00:00 AM","Miscellaneous Terminal","Arrival","International","2,300"
"2023 Feb 10 06:01:11 AM","2023 Jan 01 12:00:00 AM","T1","Departure","Domestic","241,546"
"2023 Feb 10 06:01:11 AM","2023 Jan 01 12:00:00 AM","T1","Arrival","Domestic","246,770"
"2023 Mar 01 12:01:36 AM","2023 Jan 01 12:00:00 AM","T3","Departure","Domestic","242,135"
"2023 Jul 01 12:00:21 AM","2023 May 01 12:00:00 AM","T6","Arrival","Domestic","162,757"
"2023 Mar 01 12:01:36 AM","2022 Apr 01 12:00:00 AM","TBIT","Arrival","International","413,711"
"2023 Mar 01 12:01:36 AM","2023 Jan 01 12:00:00 AM","T7","Arrival","Domestic","289,087"
"2023 Mar 01 12:01:36 AM","2022 Mar 01 12:00:00 AM","TBIT","Arrival","International","342,863"
"2023 Mar 01 12:01:36 AM","2023 Jan 01 12:00:00 AM","TBIT","Departure","Domestic","73,845"
"2023 Mar 01 12:01:36 AM","2023 Jan 01 12:00:00 AM","T7","Departure","Domestic","277,781"
"2023 Mar 01 12:01:36 AM","2022 Jan 01 12:00:00 AM","TBIT","Arrival","International","306,270"
"2023 Mar 01 12:01:36 AM","2023 Jan 01 12:00:00 AM","T4","Departure","International","18,804"
"2023 Mar 01 12:01:36 AM","2022 Oct 01 12:00:00 AM","TBIT","Arrival","International","454,288"
"2023 Mar 01 12:01:36 AM","2023 Jan 01 12:00:00 AM","T6","Departure","International","85,778"
"2023 Mar 01 12:01:36 AM","2022 Jun 01 12:00:00 AM","TBIT","Arrival","International","487,860"
"2023 May 01 12:00:21 AM","2023 Mar 01 12:00:00 AM","T8","Departure","Domestic","144,146"
"2023 May 01 12:00:21 AM","2023 Mar 01 12:00:00 AM","T7","Departure","Domestic","288,870"
"2023 May 01 12:00:21 AM","2023 Mar 01 12:00:00 AM","T3","Departure","Domestic","280,802"
"2023 May 01 12:00:21 AM","2023 Mar 01 12:00:00 AM","T7","Arrival","International","37,996"
"2023 Apr 10 06:01:12 AM","2023 Mar 01 12:00:00 AM","T6","Departure","International","100,699"
"2023 May 01 12:00:21 AM","2023 Mar 01 12:00:00 AM","T6","Arrival","Domestic","155,546"
"2023 May 01 12:00:21 AM","2023 Mar 01 12:00:00 AM","T8","Arrival","Domestic","143,530"
"2023 May 01 12:00:21 AM","2023 Mar 01 12:00:00 AM","TBIT","Departure","International","404,492"
"2023 May 01 12:00:21 AM","2023 Mar 01 12:00:00 AM","T7","Departure","International","43,744"
"2023 Jul 01 12:00:21 AM","2023 May 01 12:00:00 AM","T3","Departure","Domestic","251,376"
"2023 May 01 12:00:21 AM","2023 Mar 01 12:00:00 AM","TBIT","Arrival","International","541,525"
"2023 May 01 12:00:21 AM","2023 Mar 01 12:00:00 AM","TBIT West Gates","Departure","Domestic","64,641"
"2023 May 01 12:00:21 AM","2023 Mar 01 12:00:00 AM","TBIT West Gates","Arrival","Domestic","64,544"
"2023 May 01 12:00:21 AM","2023 Mar 01 12:00:00 AM","T2","Arrival","Domestic","241,765"
"2023 May 01 12:00:21 AM","2023 Mar 01 12:00:00 AM","T2","Departure","International","51,537"
"2023 Apr 10 06:01:12 AM","2023 Mar 01 12:00:00 AM","T6","Arrival","International","45,289"
"2023 May 01 12:00:21 AM","2023 Mar 01 12:00:00 AM","T8","Departure","International","5,773"
"2023 May 01 12:00:21 AM","2023 Mar 01 12:00:00 AM","T1","Departure","Domestic","274,652"
"2023 May 01 12:00:21 AM","2023 Mar 01 12:00:00 AM","T5","Arrival","Domestic","422,937"
"2023 May 01 12:00:21 AM","2023 Mar 01 12:00:00 AM","Miscellaneous Terminal","Departure","International","2,651"
"2023 May 01 12:00:21 AM","2023 Mar 01 12:00:00 AM","T1","Arrival","Domestic","275,796"
"2023 May 01 12:00:21 AM","2023 Mar 01 12:00:00 AM","T4","Departure","International","23,517"
"2023 May 01 12:00:21 AM","2023 Mar 01 12:00:00 AM","T3","Departure","International","25,954"
"2023 May 01 12:00:21 AM","2023 Mar 01 12:00:00 AM","T4","Arrival","Domestic","200,879"
"2023 May 01 12:00:21 AM","2023 Mar 01 12:00:00 AM","T7","Arrival","Domestic","275,849"
"2023 May 01 12:00:21 AM","2023 Mar 01 12:00:00 AM","T2","Departure","Domestic","225,384"
"2023 May 01 12:00:21 AM","2023 Mar 01 12:00:00 AM","T3","Arrival","Domestic","286,450"
"2023 May 01 12:00:21 AM","2023 Mar 01 12:00:00 AM","T5","Departure","Domestic","434,765"
"2023 May 01 12:00:21 AM","2023 Mar 01 12:00:00 AM","TBIT","Arrival","Domestic","32,142"
"2023 May 01 12:00:21 AM","2023 Mar 01 12:00:00 AM","Miscellaneous Terminal","Arrival","International","2,475"
"2023 Jul 01 12:00:21 AM","2023 May 01 12:00:00 AM","T7","Arrival","Domestic","307,538"
"2023 May 01 12:00:21 AM","2023 Mar 01 12:00:00 AM","Miscellaneous Terminal","Departure","Domestic","50,247"
"2023 May 01 12:00:21 AM","2023 Mar 01 12:00:00 AM","TBIT","Departure","Domestic","81,784"
"2023 May 01 12:00:21 AM","2023 Mar 01 12:00:00 AM","T2","Arrival","International","29,207"
"2023 May 01 12:00:21 AM","2023 Mar 01 12:00:00 AM","T6","Departure","Domestic","156,667"
"2023 May 01 12:00:21 AM","2023 Mar 01 12:00:00 AM","T4","Departure","Domestic","205,636"
"2023 Jul 01 12:00:21 AM","2023 May 01 12:00:00 AM","T8","Arrival","Domestic","111,509"
"2023 Jul 01 12:00:21 AM","2023 May 01 12:00:00 AM","TBIT West Gates","Arrival","International","205,571"
"2023 Jul 01 12:00:21 AM","2023 May 01 12:00:00 AM","TBIT","Departure","Domestic","67,024"
"2023 Jun 10 06:01:11 AM","2023 May 01 12:00:00 AM","T1","Arrival","Domestic","343,341"
"2023 Jul 01 12:00:21 AM","2023 May 01 12:00:00 AM","T7","Departure","International","46,746"
"2023 Jul 01 12:00:21 AM","2023 May 01 12:00:00 AM","T4","Arrival","Domestic","221,016"
"2023 Jun 10 06:01:11 AM","2023 May 01 12:00:00 AM","T1","Departure","Domestic","330,053"
"2023 Jul 01 12:00:21 AM","2023 May 01 12:00:00 AM","T8","Departure","Domestic","109,236"
"2023 Jul 01 12:00:21 AM","2023 May 01 12:00:00 AM","Miscellaneous Terminal","Arrival","International","2,175"
"2023 Jul 01 12:00:21 AM","2023 May 01 12:00:00 AM","TBIT West Gates","Departure","International","211,936"
"2023 Jul 01 12:00:21 AM","2023 May 01 12:00:00 AM","T7","Arrival","International","26,747"
"2023 Jun 10 06:01:11 AM","2023 May 01 12:00:00 AM","T2","Arrival","International","26,692"
"2023 Jul 01 12:00:21 AM","2023 May 01 12:00:00 AM","Miscellaneous Terminal","Departure","Domestic","49,123"
"2023 Jul 01 12:00:21 AM","2023 May 01 12:00:00 AM","T6","Departure","Domestic","169,804"
"2023 Jul 01 12:00:21 AM","2023 May 01 12:00:00 AM","TBIT West Gates","Arrival","Domestic","74,012"
"2023 Jul 01 12:00:21 AM","2023 May 01 12:00:00 AM","T2","Departure","International","43,010"
"2023 Jul 01 12:00:21 AM","2023 May 01 12:00:00 AM","T2","Arrival","Domestic","274,448"
"2023 Jul 01 12:00:21 AM","2023 May 01 12:00:00 AM","T6","Departure","International","112,367"
"2023 Jul 01 12:00:21 AM","2023 May 01 12:00:00 AM","Miscellaneous Terminal","Departure","International","2,316"
"2023 Jul 01 12:00:21 AM","2023 May 01 12:00:00 AM","T5","Departure","International","16,876"
"2023 Jul 01 12:00:21 AM","2023 May 01 12:00:00 AM","T3","Arrival","Domestic","293,917"
"2023 Jul 01 12:00:21 AM","2023 May 01 12:00:00 AM","T4","Departure","International","28,355"
"2023 Jul 01 12:00:21 AM","2023 May 01 12:00:00 AM","T8","Departure","International","3,612"
"2023 Jul 01 12:00:21 AM","2023 May 01 12:00:00 AM","T2","Departure","Domestic","258,358"
"2023 Jul 01 12:00:21 AM","2023 May 01 12:00:00 AM","T5","Arrival","Domestic","465,828"
"2023 Jul 01 12:00:21 AM","2023 May 01 12:00:00 AM","T7","Departure","Domestic","302,971"
"2023 Jul 01 12:00:21 AM","2023 May 01 12:00:00 AM","TBIT","Arrival","International","555,840"
"2023 Jul 01 12:00:21 AM","2023 May 01 12:00:00 AM","T3","Departure","International","30,662"
"2023 Jul 01 12:00:21 AM","2023 May 01 12:00:00 AM","T4","Departure","Domestic","197,061"
"2023 Jul 01 12:00:21 AM","2023 May 01 12:00:00 AM","TBIT","Arrival","Domestic","25,568"
"2023 Oct 01 12:00:24 AM","2023 Aug 01 12:00:00 AM","T3","Departure","Domestic","302,537"
"2023 Oct 01 12:00:24 AM","2023 Aug 01 12:00:00 AM","T2","Departure","International","68,662"
"2023 Oct 01 12:00:24 AM","2023 Aug 01 12:00:00 AM","T7","Arrival","Domestic","297,154"
"2023 Oct 01 12:00:24 AM","2023 Aug 01 12:00:00 AM","T2","Departure","Domestic","311,727"
"2023 Oct 01 12:00:24 AM","2023 Aug 01 12:00:00 AM","T4","Arrival","International","3,087"
"2023 Oct 01 12:00:24 AM","2023 Aug 01 12:00:00 AM","TBIT West Gates","Arrival","Domestic","87,055"
"2023 Oct 01 12:00:24 AM","2023 Aug 01 12:00:00 AM","T2","Arrival","Domestic","362,014"
"2023 Oct 01 12:00:24 AM","2023 Aug 01 12:00:00 AM","T6","Departure","Domestic","168,742"
"2023 Oct 01 12:00:24 AM","2023 Aug 01 12:00:00 AM","TBIT","Arrival","International","656,514"
"2023 Oct 01 12:00:24 AM","2023 Aug 01 12:00:00 AM","TBIT","Arrival","Domestic","27,623"
"2023 Oct 01 12:00:24 AM","2023 Aug 01 12:00:00 AM","TBIT","Departure","International","492,175"
"2023 Oct 01 12:00:24 AM","2023 Aug 01 12:00:00 AM","T8","Departure","Domestic","141,372"
"2023 Oct 01 12:00:24 AM","2023 Aug 01 12:00:00 AM","T4","Departure","International","25,662"
"2023 Oct 01 12:00:24 AM","2023 Aug 01 12:00:00 AM","TBIT","Departure","Domestic","73,309"
"2023 Oct 01 12:00:24 AM","2023 Aug 01 12:00:00 AM","T4","Departure","Domestic","197,918"
"2023 Oct 01 12:00:24 AM","2023 Aug 01 12:00:00 AM","T7","Departure","Domestic","298,842"
"2023 Oct 01 12:00:24 AM","2023 Aug 01 12:00:00 AM","TBIT West Gates","Departure","Domestic","80,966"
"2023 Oct 01 12:00:24 AM","2023 Aug 01 12:00:00 AM","T8","Arrival","Domestic","142,025"
"2023 Jun 01 12:01:10 AM","2023 Mar 01 12:00:00 AM","TBIT West Gates","Arrival","International","176,981"
"2023 Jun 01 12:01:10 AM","2023 Apr 01 12:00:00 AM","T5","Arrival","Domestic","434,067"
"2023 Jun 01 12:01:10 AM","2023 Apr 01 12:00:00 AM","T3","Departure","International","26,639"
"2023 Jun 01 12:01:10 AM","2023 Apr 01 12:00:00 AM","TBIT West Gates","Departure","International","193,146"
"2023 Jun 01 12:01:10 AM","2023 Apr 01 12:00:00 AM","T7","Departure","International","41,511"
"2023 Jun 01 12:01:10 AM","2023 Apr 01 12:00:00 AM","T3","Arrival","Domestic","280,210"
"2023 Jun 01 12:01:10 AM","2023 Apr 01 12:00:00 AM","Miscellaneous Terminal","Arrival","Domestic","48,478"
"2023 Jun 01 12:01:10 AM","2023 Apr 01 12:00:00 AM","T6","Arrival","International","49,270"
"2023 Jun 01 12:01:10 AM","2023 Apr 01 12:00:00 AM","TBIT","Arrival","Domestic","17,959"
"2023 Jun 01 12:01:10 AM","2023 Apr 01 12:00:00 AM","T3","Departure","Domestic","271,204"
"2023 May 10 06:01:08 AM","2023 Apr 01 12:00:00 AM","T1","Departure","Domestic","296,139"
"2023 Jun 01 12:01:10 AM","2023 Apr 01 12:00:00 AM","Miscellaneous Terminal","Departure","International","2,272"
"2023 Jun 01 12:01:10 AM","2023 Apr 01 12:00:00 AM","T6","Departure","Domestic","157,810"
"2023 Jun 01 12:01:10 AM","2023 Apr 01 12:00:00 AM","T8","Departure","International","4,332"
"2023 Jun 01 12:01:10 AM","2023 Apr 01 12:00:00 AM","T4","Departure","International","23,930"
"2023 Jun 01 12:01:10 AM","2023 Apr 01 12:00:00 AM","T4","Departure","Domestic","187,909"
"2023 Jun 01 12:01:10 AM","2023 Apr 01 12:00:00 AM","T7","Departure","Domestic","273,817"
"2023 Jun 01 12:01:10 AM","2023 Mar 01 12:00:00 AM","TBIT West Gates","Departure","International","173,398"
"2023 May 10 06:01:08 AM","2023 Apr 01 12:00:00 AM","T2","Arrival","International","30,275"
"2023 Jun 01 12:01:10 AM","2023 Apr 01 12:00:00 AM","T2","Departure","International","47,520"
"2023 Jun 01 12:01:10 AM","2023 Apr 01 12:00:00 AM","T4","Arrival","Domestic","201,344"
"2023 Jun 01 12:01:10 AM","2023 Apr 01 12:00:00 AM","T7","Arrival","Domestic","276,339"
"2023 Jun 01 12:01:10 AM","2023 Apr 01 12:00:00 AM","Miscellaneous Terminal","Departure","Domestic","45,973"
"2023 Jun 01 12:01:10 AM","2023 Apr 01 12:00:00 AM","TBIT","Departure","Domestic","63,386"
"2023 Jun 01 12:01:10 AM","2023 Apr 01 12:00:00 AM","T5","Departure","International","14,496"
"2023 Jun 01 12:01:10 AM","2023 Apr 01 12:00:00 AM","TBIT West Gates","Departure","Domestic","65,573"
"2023 Jun 01 12:01:10 AM","2023 Apr 01 12:00:00 AM","T5","Departure","Domestic","431,508"
"2023 Jun 01 12:01:10 AM","2023 Apr 01 12:00:00 AM","TBIT West Gates","Arrival","International","205,821"
"2023 Jun 01 12:01:10 AM","2023 Apr 01 12:00:00 AM","T8","Departure","Domestic","107,447"
"2023 Jun 01 12:01:10 AM","2023 Apr 01 12:00:00 AM","TBIT","Departure","International","399,326"
"2023 Jun 01 12:01:10 AM","2023 Apr 01 12:00:00 AM","T8","Arrival","Domestic","109,240"
"2023 Jun 01 12:01:10 AM","2023 Apr 01 12:00:00 AM","TBIT West Gates","Arrival","Domestic","66,206"
"2023 Jun 01 12:01:10 AM","2023 Apr 01 12:00:00 AM","Miscellaneous Terminal","Arrival","International","2,532"
"2023 Jun 01 12:01:10 AM","2023 Apr 01 12:00:00 AM","T6","Departure","International","99,205"
"2023 Jun 01 12:01:10 AM","2023 Apr 01 12:00:00 AM","T2","Departure","Domestic","231,216"
"2023 Jun 01 12:01:10 AM","2023 Apr 01 12:00:00 AM","T6","Arrival","Domestic","156,778"
"2023 Jun 01 12:01:10 AM","2023 Apr 01 12:00:00 AM","T2","Arrival","Domestic","246,023"
"2023 Jun 01 12:01:10 AM","2023 Apr 01 12:00:00 AM","T7","Arrival","International","24,054"
"2023 Jun 01 12:01:10 AM","2023 Apr 01 12:00:00 AM","TBIT","Arrival","International","584,990"
"2023 May 10 06:01:08 AM","2023 Apr 01 12:00:00 AM","T1","Arrival","Domestic","303,020"
"2023 Jul 12 06:27:49 AM","2023 Jun 01 12:00:00 AM","T4","Arrival","Domestic","213,331"
"2023 Aug 01 12:00:18 AM","2023 Jun 01 12:00:00 AM","T3","Departure","International","40,828"
"2023 Aug 01 12:00:18 AM","2023 Jun 01 12:00:00 AM","T3","Departure","Domestic","300,775"
"2023 Jul 12 06:27:49 AM","2023 Jun 01 12:00:00 AM","T2","Arrival","International","29,392"
"2023 Jul 12 06:27:49 AM","2023 Jun 01 12:00:00 AM","TBIT West Gates","Departure","Domestic","98,178"
"2023 Aug 01 12:00:18 AM","2023 Jun 01 12:00:00 AM","T8","Departure","International","10,336"
"2023 Jul 12 06:27:49 AM","2023 Jun 01 12:00:00 AM","T4","Departure","Domestic","197,185"
"2023 Jul 10 06:01:08 AM","2023 Jun 01 12:00:00 AM","Miscellaneous Terminal","Departure","International","79"
"2023 Aug 01 12:00:18 AM","2023 Jun 01 12:00:00 AM","T8","Arrival","Domestic","125,376"
"2023 Jul 10 06:01:08 AM","2023 Jun 01 12:00:00 AM","T1","Arrival","Domestic","326,263"
"2023 Aug 01 12:00:18 AM","2023 Jun 01 12:00:00 AM","T7","Arrival","Domestic","298,239"
"2023 Aug 01 12:00:18 AM","2023 Jun 01 12:00:00 AM","T7","Departure","Domestic","317,514"
"2023 Jul 12 06:27:49 AM","2023 Jun 01 12:00:00 AM","Miscellaneous Terminal","Arrival","International","289"
"2023 Jul 12 06:27:49 AM","2023 Jun 01 12:00:00 AM","T4","Departure","International","33,322"
"2023 Oct 01 12:00:24 AM","2023 Aug 01 12:00:00 AM","T3","Arrival","Domestic","337,186"
"2023 Aug 01 12:00:18 AM","2023 Jun 01 12:00:00 AM","T6","Arrival","Domestic","162,256"
"2023 Aug 01 12:00:18 AM","2023 Jun 01 12:00:00 AM","T5","Departure","Domestic","474,615"
"2023 Aug 01 12:00:18 AM","2023 Jun 01 12:00:00 AM","T2","Departure","International","65,292"
"2023 Jul 12 06:27:49 AM","2023 Jun 01 12:00:00 AM","TBIT West Gates","Arrival","Domestic","96,496"
"2023 Aug 01 12:00:18 AM","2023 Jun 01 12:00:00 AM","TBIT","Departure","International","515,349"
"2023 Aug 01 12:00:18 AM","2023 Jun 01 12:00:00 AM","TBIT","Departure","Domestic","81,835"
"2023 Aug 01 12:00:18 AM","2023 Jun 01 12:00:00 AM","T5","Arrival","Domestic","449,334"
"2023 Aug 01 12:00:18 AM","2023 Jun 01 12:00:00 AM","T8","Departure","Domestic","128,527"
"2023 Jul 12 06:27:49 AM","2023 Jun 01 12:00:00 AM","T6","Departure","International","122,497"
"2023 Aug 01 12:00:18 AM","2023 Jun 01 12:00:00 AM","T7","Arrival","International","42,396"
"2023 Aug 01 12:00:18 AM","2023 Jun 01 12:00:00 AM","Miscellaneous Terminal","Arrival","Domestic","51,351"
"2023 Jul 10 06:01:08 AM","2023 Jun 01 12:00:00 AM","T1","Departure","Domestic","328,076"
"2023 Jul 12 06:27:49 AM","2023 Jun 01 12:00:00 AM","TBIT","Arrival","Domestic","23,082"
"2023 Jul 12 06:27:49 AM","2023 Jun 01 12:00:00 AM","T4","Arrival","International","2,887"
"2023 Aug 01 12:00:18 AM","2023 Jun 01 12:00:00 AM","T3","Arrival","Domestic","270,920"
"2023 Aug 01 12:00:18 AM","2023 Jun 01 12:00:00 AM","Miscellaneous Terminal","Departure","Domestic","53,003"
"2023 Aug 01 12:00:18 AM","2023 Jun 01 12:00:00 AM","T7","Departure","International","52,700"
"2023 Aug 01 12:00:18 AM","2023 Jun 01 12:00:00 AM","T8","Arrival","International","245"
"2023 Aug 01 12:00:18 AM","2023 Jun 01 12:00:00 AM","T2","Departure","Domestic","330,800"
"2023 Aug 01 12:00:18 AM","2023 Jun 01 12:00:00 AM","TBIT West Gates","Departure","International","223,221"
"2023 Jul 12 06:27:49 AM","2023 Jun 01 12:00:00 AM","T6","Arrival","International","87,922"
"2023 Aug 01 12:00:18 AM","2023 Jun 01 12:00:00 AM","T6","Departure","Domestic","167,163"
"2023 Aug 01 12:00:18 AM","2023 Jun 01 12:00:00 AM","TBIT West Gates","Arrival","International","208,854"
"2023 Jul 12 06:27:49 AM","2023 Jun 01 12:00:00 AM","T5","Arrival","International","171"
"2023 Aug 01 12:00:18 AM","2023 Jun 01 12:00:00 AM","T2","Arrival","Domestic","308,652"
"2023 Aug 01 12:00:18 AM","2023 Jun 01 12:00:00 AM","T5","Departure","International","21,308"
"2023 Oct 01 12:00:24 AM","2023 Aug 01 12:00:00 AM","T4","Arrival","Domestic","210,033"
"2023 Oct 01 12:00:24 AM","2023 Aug 01 12:00:00 AM","T2","Arrival","International","38,562"
"2023 Oct 01 12:00:24 AM","2023 Aug 01 12:00:00 AM","T5","Departure","International","15,766"
"2023 Oct 01 12:00:24 AM","2023 Aug 01 12:00:00 AM","T6","Departure","International","115,631"
"2023 Sep 10 06:01:58 AM","2023 Aug 01 12:00:00 AM","T1","Departure","Domestic","328,567"
"2023 Oct 01 12:00:24 AM","2023 Aug 01 12:00:00 AM","T7","Arrival","International","46,772"
"2023 Oct 01 12:00:24 AM","2023 Aug 01 12:00:00 AM","T8","Arrival","International","257"
"2023 Oct 01 12:00:24 AM","2023 Aug 01 12:00:00 AM","T5","Arrival","Domestic","452,574"
"2023 Oct 01 12:00:24 AM","2023 Aug 01 12:00:00 AM","T5","Departure","Domestic","462,194"
"2023 Oct 01 12:00:24 AM","2023 Aug 01 12:00:00 AM","TBIT West Gates","Arrival","International","255,763"
"2023 Oct 01 12:00:24 AM","2023 Aug 01 12:00:00 AM","T5","Arrival","International","355"
"2023 Sep 10 06:01:58 AM","2023 Aug 01 12:00:00 AM","T1","Arrival","Domestic","328,060"
"2023 Oct 01 12:00:24 AM","2023 Aug 01 12:00:00 AM","T3","Departure","International","35,513"
"2023 Oct 01 12:00:24 AM","2023 Aug 01 12:00:00 AM","T8","Departure","International","7,956"
"2023 Oct 01 12:00:24 AM","2023 Aug 01 12:00:00 AM","T7","Departure","International","47,513"
"2023 Oct 01 12:00:24 AM","2023 Aug 01 12:00:00 AM","T6","Arrival","Domestic","169,608"
"2023 Oct 01 12:00:24 AM","2023 Aug 01 12:00:00 AM","T6","Arrival","International","103,160"
"2023 Aug 10 06:01:38 AM","2023 Jul 01 12:00:00 AM","T2","Arrival","International","41,699"
"2023 Sep 01 12:00:48 AM","2023 Jul 01 12:00:00 AM","TBIT","Departure","International","520,806"
"2023 Sep 01 12:00:48 AM","2023 Jul 01 12:00:00 AM","TBIT","Arrival","Domestic","27,074"
"2023 Aug 10 06:01:38 AM","2023 Jul 01 12:00:00 AM","T8","Arrival","International","341"
"2023 Sep 01 12:00:48 AM","2023 Jul 01 12:00:00 AM","T5","Departure","Domestic","471,746"
"2023 Sep 01 12:00:48 AM","2023 Jul 01 12:00:00 AM","T8","Departure","International","11,519"
"2023 Sep 01 12:00:48 AM","2023 Jul 01 12:00:00 AM","T8","Departure","Domestic","147,123"
"2023 Sep 01 12:00:48 AM","2023 Jul 01 12:00:00 AM","T5","Arrival","International","127"
"2023 Sep 01 12:00:48 AM","2023 Jul 01 12:00:00 AM","T5","Departure","International","24,224"
"2023 Sep 01 12:00:48 AM","2023 Jul 01 12:00:00 AM","TBIT","Departure","Domestic","84,139"
"2023 Aug 10 06:01:38 AM","2023 Jul 01 12:00:00 AM","T1","Arrival","Domestic","335,061"
"2023 Sep 01 12:00:48 AM","2023 Jul 01 12:00:00 AM","T6","Departure","International","123,105"
"2023 Sep 01 12:00:48 AM","2023 Jul 01 12:00:00 AM","T2","Arrival","Domestic","324,871"
"2023 Sep 01 12:00:48 AM","2023 Jul 01 12:00:00 AM","T7","Arrival","Domestic","324,469"
"2023 Sep 01 12:00:48 AM","2023 Jul 01 12:00:00 AM","T3","Arrival","Domestic","303,149"
"2023 Sep 01 12:00:48 AM","2023 Jul 01 12:00:00 AM","T7","Departure","International","52,130"
"2023 Sep 01 12:00:48 AM","2023 Jul 01 12:00:00 AM","TBIT West Gates","Departure","International","232,807"
"2023 Sep 01 12:00:48 AM","2023 Jul 01 12:00:00 AM","T7","Departure","Domestic","319,201"
"2023 Sep 01 12:00:48 AM","2023 Jul 01 12:00:00 AM","TBIT West Gates","Arrival","International","265,942"
"2023 Sep 01 12:00:48 AM","2023 Jul 01 12:00:00 AM","T8","Arrival","Domestic","146,732"
"2023 Aug 10 06:01:38 AM","2023 Jun 01 12:00:00 AM","TBIT","Arrival","International","582,613"
"2023 Sep 01 12:00:48 AM","2023 Jul 01 12:00:00 AM","T3","Departure","Domestic","325,141"
"2023 Sep 01 12:00:48 AM","2023 Jul 01 12:00:00 AM","T4","Arrival","Domestic","221,196"
"2023 Sep 01 12:00:48 AM","2023 Jul 01 12:00:00 AM","T2","Departure","International","72,984"
"2023 Sep 01 12:00:48 AM","2023 Jul 01 12:00:00 AM","T5","Arrival","Domestic","476,790"
"2023 Sep 01 12:00:48 AM","2023 Jul 01 12:00:00 AM","Miscellaneous Terminal","Arrival","International","64"
"2023 Sep 01 12:00:48 AM","2023 Jul 01 12:00:00 AM","T3","Departure","International","39,922"
"2023 Sep 01 12:00:48 AM","2023 Jul 01 12:00:00 AM","T7","Arrival","International","54,145"
"2023 Sep 01 12:00:48 AM","2023 Jul 01 12:00:00 AM","T6","Arrival","Domestic","172,217"
"2023 Aug 10 06:01:38 AM","2023 Jul 01 12:00:00 AM","T1","Departure","Domestic","334,919"
"2023 Sep 01 12:00:48 AM","2023 Jul 01 12:00:00 AM","T6","Arrival","International","110,378"
"2023 Sep 01 12:00:48 AM","2023 Jul 01 12:00:00 AM","T4","Departure","Domestic","196,922"
"2023 Sep 01 12:00:48 AM","2023 Jul 01 12:00:00 AM","T4","Arrival","International","3,113"
"2023 Sep 01 12:00:48 AM","2023 Jul 01 12:00:00 AM","TBIT West Gates","Arrival","Domestic","106,843"
"2023 Sep 01 12:00:48 AM","2023 Jul 01 12:00:00 AM","TBIT West Gates","Departure","Domestic","105,956"
"2023 Sep 01 12:00:48 AM","2023 Jul 01 12:00:00 AM","T2","Departure","Domestic","333,483"
"2023 Sep 01 12:00:48 AM","2023 Jul 01 12:00:00 AM","TBIT","Arrival","International","680,766"
"2023 Sep 01 12:00:48 AM","2023 Jul 01 12:00:00 AM","T4","Departure","International","29,545"
"2023 Sep 01 12:00:48 AM","2023 Jul 01 12:00:00 AM","T6","Departure","Domestic","173,786"
"2023 Oct 10 06:01:13 AM","2023 Jul 01 12:00:00 AM","Miscellaneous Terminal","Departure","Domestic","56,525"
"2023 Oct 10 06:01:13 AM","2023 Jul 01 12:00:00 AM","Miscellaneous Terminal","Arrival","Domestic","57,894"
"2023 Oct 10 06:01:13 AM","2023 Aug 01 12:00:00 AM","TBIT West Gates","Departure","International","219,766"
"2023 Nov 01 12:00:21 AM","2023 Sep 01 12:00:00 AM","T2","Departure","Domestic","295,491"
"2023 Nov 01 12:00:21 AM","2023 Sep 01 12:00:00 AM","T8","Departure","Domestic","126,009"
"2023 Nov 01 12:00:21 AM","2023 Sep 01 12:00:00 AM","T7","Arrival","Domestic","282,864"
"2023 Oct 10 06:01:13 AM","2023 Sep 01 12:00:00 AM","T1","Departure","Domestic","292,317"
"2023 Nov 01 12:00:21 AM","2023 Sep 01 12:00:00 AM","T7","Departure","Domestic","281,765"
"2023 Oct 10 06:01:13 AM","2023 Sep 01 12:00:00 AM","T2","Arrival","International","29,082"
"2023 Nov 01 12:00:21 AM","2023 Sep 01 12:00:00 AM","T6","Departure","International","98,849"
"2023 Nov 01 12:00:21 AM","2023 Sep 01 12:00:00 AM","T5","Arrival","International","118"
"2023 Nov 01 12:00:21 AM","2023 Sep 01 12:00:00 AM","T7","Departure","International","39,621"
"2023 Oct 10 06:01:13 AM","2023 Sep 01 12:00:00 AM","T1","Arrival","Domestic","300,349"
"2023 Oct 10 06:01:13 AM","2023 Aug 01 12:00:00 AM","Miscellaneous Terminal","Departure","Domestic","54,700"
"2023 Nov 01 12:00:21 AM","2023 Sep 01 12:00:00 AM","T4","Arrival","Domestic","182,462"
"2023 Nov 01 12:00:21 AM","2023 Sep 01 12:00:00 AM","T4","Departure","International","26,244"
"2023 Nov 01 12:00:21 AM","2023 Sep 01 12:00:00 AM","Miscellaneous Terminal","Departure","Domestic","55,911"
"2023 Nov 01 12:00:21 AM","2023 Sep 01 12:00:00 AM","TBIT","Arrival","Domestic","23,684"
"2023 Nov 01 12:00:21 AM","2023 Sep 01 12:00:00 AM","TBIT West Gates","Departure","International","217,813"
"2023 Nov 01 12:00:21 AM","2023 Sep 01 12:00:00 AM","T2","Arrival","Domestic","290,323"
"2023 Nov 01 12:00:21 AM","2023 Sep 01 12:00:00 AM","T4","Arrival","International","3,676"
"2023 Nov 01 12:00:21 AM","2023 Sep 01 12:00:00 AM","TBIT West Gates","Departure","Domestic","60,564"
"2023 Nov 01 12:00:21 AM","2023 Sep 01 12:00:00 AM","T3","Departure","Domestic","261,786"
"2023 Nov 01 12:00:21 AM","2023 Sep 01 12:00:00 AM","T6","Departure","Domestic","142,603"
"2023 Nov 01 12:00:21 AM","2023 Sep 01 12:00:00 AM","T5","Arrival","Domestic","396,432"
"2023 Nov 01 12:00:21 AM","2023 Sep 01 12:00:00 AM","Miscellaneous Terminal","Arrival","Domestic","57,578"
"2023 Nov 01 12:00:21 AM","2023 Sep 01 12:00:00 AM","TBIT West Gates","Arrival","International","222,672"
"2023 Nov 01 12:00:21 AM","2023 Sep 01 12:00:00 AM","TBIT","Departure","Domestic","70,326"
"2023 Nov 01 12:00:21 AM","2023 Sep 01 12:00:00 AM","TBIT","Departure","International","477,249"
"2023 Nov 01 12:00:21 AM","2023 Sep 01 12:00:00 AM","T7","Arrival","International","30,607"
"2023 Nov 01 12:00:21 AM","2023 Sep 01 12:00:00 AM","T4","Departure","Domestic","165,097"
"2023 Nov 01 12:00:21 AM","2023 Sep 01 12:00:00 AM","T8","Arrival","International","51"
"2023 Oct 10 06:01:13 AM","2023 Aug 01 12:00:00 AM","Miscellaneous Terminal","Arrival","Domestic","54,658"
"2023 Nov 01 12:00:21 AM","2023 Sep 01 12:00:00 AM","T5","Departure","Domestic","401,691"
"2023 Nov 01 12:00:21 AM","2023 Sep 01 12:00:00 AM","T6","Arrival","International","81,219"
"2023 Nov 01 12:00:21 AM","2023 Sep 01 12:00:00 AM","TBIT West Gates","Arrival","Domestic","62,118"
"2023 Nov 01 12:00:21 AM","2023 Sep 01 12:00:00 AM","T8","Arrival","Domestic","122,242"
"2023 Nov 01 12:00:21 AM","2023 Sep 01 12:00:00 AM","T5","Departure","International","13,170"
"2023 Nov 01 12:00:21 AM","2023 Sep 01 12:00:00 AM","TBIT","Arrival","International","583,037"
"2023 Nov 01 12:00:21 AM","2023 Sep 01 12:00:00 AM","T8","Departure","International","2,955"
"2023 Nov 01 12:00:21 AM","2023 Sep 01 12:00:00 AM","T3","Arrival","Domestic","250,753"
"2023 Nov 01 12:00:21 AM","2023 Sep 01 12:00:00 AM","T6","Arrival","Domestic","147,049"
"2023 Nov 01 12:00:21 AM","2023 Sep 01 12:00:00 AM","T2","Departure","International","53,132"
"2023 Nov 01 12:00:21 AM","2023 Sep 01 12:00:00 AM","T3","Departure","International","39,490"
"2023 Nov 15 05:28:26 AM","2023 Oct 01 12:00:00 AM","T5","Arrival","Domestic","455,025"
"2023 Nov 15 05:28:26 AM","2023 Oct 01 12:00:00 AM","T3","Departure","International","29,500"
"2023 Nov 15 05:28:26 AM","2023 Oct 01 12:00:00 AM","T5","Departure","International","14,521"
"2023 Nov 15 05:28:26 AM","2023 Oct 01 12:00:00 AM","T4","Departure","Domestic","191,880"
"2023 Nov 18 05:28:20 AM","2023 Oct 01 12:00:00 AM","T8","Departure","International","1,278"
"2023 Nov 15 05:28:26 AM","2023 Oct 01 12:00:00 AM","T5","Departure","Domestic","453,651"
"2023 Nov 16 05:28:42 AM","2023 Oct 01 12:00:00 AM","T6","Arrival","Domestic","146,389"
"2023 Nov 14 05:28:19 AM","2023 Oct 01 12:00:00 AM","T6","Departure","International","103,669"
"2023 Nov 10 06:01:51 AM","2023 Oct 01 12:00:00 AM","T2","Arrival","International","28,741"
"2023 Nov 15 05:28:26 AM","2023 Oct 01 12:00:00 AM","Miscellaneous Terminal","Departure","Domestic","58,934"
"2023 Nov 15 05:28:26 AM","2023 Oct 01 12:00:00 AM","T4","Departure","International","24,176"
"2023 Nov 15 05:28:26 AM","2023 Oct 01 12:00:00 AM","TBIT","Departure","International","489,481"
"2023 Nov 16 05:28:42 AM","2023 Oct 01 12:00:00 AM","T6","Departure","Domestic","140,203"
"2020 Jul 10 06:01:26 AM","2020 Jun 01 12:00:00 AM","T7","Departure","Domestic","41,694"
"2023 Nov 10 06:01:51 AM","2023 Oct 01 12:00:00 AM","T1","Departure","Domestic","320,614"
"2023 Nov 18 05:28:20 AM","2023 Oct 01 12:00:00 AM","T8","Departure","Domestic","131,834"
"2023 Nov 14 05:28:19 AM","2023 Oct 01 12:00:00 AM","TBIT West Gates","Departure","International","219,164"
"2023 Nov 15 05:28:26 AM","2020 Jun 01 12:00:00 AM","T7","Arrival","Domestic","38,749"
"2023 Nov 15 05:28:26 AM","2023 Oct 01 12:00:00 AM","T2","Departure","International","39,106"
"2023 Nov 18 05:28:20 AM","2023 Oct 01 12:00:00 AM","T7","Arrival","Domestic","303,797"
"2023 Nov 15 05:28:26 AM","2023 Oct 01 12:00:00 AM","Miscellaneous Terminal","Arrival","Domestic","59,808"
"2023 Nov 18 05:28:20 AM","2023 Oct 01 12:00:00 AM","T7","Arrival","International","34,630"
"2023 Nov 15 05:28:26 AM","2023 Oct 01 12:00:00 AM","T4","Arrival","Domestic","213,435"
"2023 Nov 15 05:28:26 AM","2023 Oct 01 12:00:00 AM","T3","Departure","Domestic","264,217"
"2023 Nov 18 05:28:20 AM","2023 Oct 01 12:00:00 AM","T7","Departure","International","43,717"
"2023 Nov 18 05:28:20 AM","2023 Oct 01 12:00:00 AM","T7","Departure","Domestic","294,441"
"2023 Nov 15 05:28:26 AM","2023 Oct 01 12:00:00 AM","T2","Departure","Domestic","282,988"
"2023 Nov 15 05:28:26 AM","2023 Oct 01 12:00:00 AM","TBIT West Gates","Departure","Domestic","67,584"
"2023 Nov 15 05:28:26 AM","2023 Oct 01 12:00:00 AM","T5","Arrival","International","96"
"2023 Nov 10 06:01:51 AM","2023 Oct 01 12:00:00 AM","T1","Arrival","Domestic","322,872"
"2023 Nov 18 05:28:20 AM","2023 Oct 01 12:00:00 AM","T8","Arrival","Domestic","127,036"
"2023 Nov 14 05:28:19 AM","2023 Oct 01 12:00:00 AM","T6","Arrival","International","96,403"
"2023 Nov 15 05:28:26 AM","2023 Oct 01 12:00:00 AM","TBIT","Arrival","Domestic","31,925"
"2023 Nov 15 05:28:26 AM","2023 Oct 01 12:00:00 AM","TBIT West Gates","Arrival","Domestic","68,368"
"2023 Nov 15 05:28:26 AM","2023 Oct 01 12:00:00 AM","T3","Arrival","Domestic","273,679"
"2023 Nov 18 05:28:20 AM","2023 Oct 01 12:00:00 AM","TBIT","Arrival","International","564,276"
"2023 Nov 14 05:28:19 AM","2023 Oct 01 12:00:00 AM","TBIT West Gates","Arrival","International","237,837"
"2023 Nov 15 05:28:26 AM","2023 Oct 01 12:00:00 AM","TBIT","Departure","Domestic","77,173"
"2023 Nov 15 05:28:26 AM","2023 Oct 01 12:00:00 AM","T2","Arrival","Domestic","302,039"
"2023 Nov 15 05:28:26 AM","2023 Oct 01 12:00:00 AM","T4","Arrival","International","3,279"
"2018 Apr 18 03:12:41 PM","2015 Jun 01 12:00:00 AM","T3","Arrival","Domestic","294,423"
"2018 Apr 18 03:12:41 PM","2012 Aug 01 12:00:00 AM","T8","Departure","International","5,502"
"2018 Apr 18 03:12:41 PM","2017 Jan 01 12:00:00 AM","T1","Departure","International","11,198"
"2018 Apr 18 03:12:41 PM","2009 Mar 01 12:00:00 AM","T4","Departure","Domestic","373,300"
"2018 Apr 18 03:12:41 PM","2015 Nov 01 12:00:00 AM","T2","Arrival","International","148,428"
"2018 Apr 18 03:12:41 PM","2009 Dec 01 12:00:00 AM","T2","Arrival","Domestic","19,690"
"2018 Apr 18 03:12:41 PM","2017 Feb 01 12:00:00 AM","T4","Arrival","Domestic","273,083"
"2020 Nov 10 06:01:35 AM","2020 Oct 01 12:00:00 AM","T2","Arrival","Domestic","218,353"
"2018 Apr 18 03:12:41 PM","2008 Apr 01 12:00:00 AM","T1","Arrival","Domestic","400,728"
"2018 Apr 18 03:12:41 PM","2015 Jun 01 12:00:00 AM","TBIT","Departure","Domestic","8,728"
"2018 Apr 18 03:12:41 PM","2009 Jul 01 12:00:00 AM","T7","Departure","Domestic","334,871"
"2018 Apr 18 03:12:41 PM","2009 Sep 01 12:00:00 AM","T8","Arrival","International","4,444"
"2018 Aug 24 11:01:04 AM","2018 Jul 01 12:00:00 AM","Miscellaneous Terminal","Arrival","Domestic","122,397"
"2018 Apr 18 03:12:41 PM","2012 Apr 01 12:00:00 AM","T6","Arrival","International","29,974"
"2018 Apr 18 03:12:41 PM","2015 Jan 01 12:00:00 AM","T6","Arrival","Domestic","274,853"
"2018 Apr 18 03:12:41 PM","2013 Sep 01 12:00:00 AM","TBIT","Departure","Domestic","10,208"
"2019 Jul 18 06:18:08 AM","2019 Jun 01 12:00:00 AM","T6","Arrival","International","74,063"
"2018 Apr 18 03:12:41 PM","2008 May 01 12:00:00 AM","T4","Departure","International","49,066"
"2020 Aug 27 07:15:54 AM","2020 Jul 01 12:00:00 AM","T7","Departure","International","464"
"2018 Apr 18 03:12:41 PM","2014 Jun 01 12:00:00 AM","T6","Arrival","International","23,238"
"2018 Apr 18 03:12:41 PM","2008 Aug 01 12:00:00 AM","T4","Departure","International","48,296"
"2018 Apr 18 03:12:41 PM","2017 Sep 01 12:00:00 AM","T2","Departure","International","103,674"
"2019 Jun 24 01:17:06 PM","2019 May 01 12:00:00 AM","T2","Arrival","Domestic","263,151"
"2019 Jan 10 06:01:19 AM","2018 Dec 01 12:00:00 AM","T3","Departure","International","52,348"
"2018 Apr 18 03:12:41 PM","2017 Jun 01 12:00:00 AM","T5","Departure","International","1,556"
"2018 Apr 18 03:12:41 PM","2006 Oct 01 12:00:00 AM","T6","Departure","International","3,103"
"2018 Apr 18 03:12:41 PM","2008 Sep 01 12:00:00 AM","T7","Departure","International","31,367"
"2018 Apr 18 03:12:41 PM","2015 Feb 01 12:00:00 AM","T3","Departure","International","1,212"
"2018 Apr 18 03:12:41 PM","2018 Mar 01 12:00:00 AM","T4","Arrival","Domestic","357,875"
"2018 Apr 18 03:12:41 PM","2013 Jan 01 12:00:00 AM","T8","Arrival","International","3,522"
"2018 Apr 18 03:12:41 PM","2012 Oct 01 12:00:00 AM","Miscellaneous Terminal","Departure","Domestic","301"
"2018 Apr 18 03:12:41 PM","2006 Sep 01 12:00:00 AM","T4","Departure","Domestic","375,614"
"2018 Apr 18 03:12:41 PM","2013 Aug 01 12:00:00 AM","T5","Departure","Domestic","342,394"
"2018 Apr 18 03:12:41 PM","2013 Feb 01 12:00:00 AM","TBIT","Departure","Domestic","4,518"
"2018 Apr 18 03:12:41 PM","2010 Feb 01 12:00:00 AM","T4","Arrival","International","15,566"
"2018 Apr 18 03:12:41 PM","2015 Aug 01 12:00:00 AM","T6","Arrival","Domestic","374,480"
"2018 Apr 18 03:12:41 PM","2014 Dec 01 12:00:00 AM","T8","Arrival","Domestic","154,498"
"2018 Apr 18 03:12:41 PM","2012 Sep 01 12:00:00 AM","T4","Arrival","International","13,976"
"2018 Apr 18 03:12:41 PM","2018 Feb 01 12:00:00 AM","T3","Arrival","Domestic","270,473"
"2018 Apr 18 03:12:41 PM","2014 Mar 01 12:00:00 AM","TBIT","Departure","Domestic","6,121"
"2018 Apr 18 03:12:41 PM","2014 Aug 01 12:00:00 AM","T7","Arrival","International","84,041"
"2018 Apr 18 03:12:41 PM","2006 Jun 01 12:00:00 AM","T7","Arrival","International","34,183"
"2018 Apr 18 03:12:41 PM","2016 Sep 01 12:00:00 AM","T1","Departure","Domestic","382,456"
"2018 Apr 18 03:12:41 PM","2007 Mar 01 12:00:00 AM","T5","Arrival","Domestic","173,700"
"2019 Mar 01 11:09:59 AM","2019 Jan 01 12:00:00 AM","T5","Arrival","International","7,354"
"2018 Apr 18 03:12:41 PM","2009 Jun 01 12:00:00 AM","T2","Departure","Domestic","116,703"
"2018 Apr 18 03:12:41 PM","2012 Dec 01 12:00:00 AM","TBIT","Departure","International","327,902"
"2018 Apr 18 03:12:41 PM","2008 Feb 01 12:00:00 AM","T3","Arrival","International","14,328"
"2018 Apr 18 03:12:41 PM","2013 Jan 01 12:00:00 AM","T3","Departure","International","23,202"
"2018 Apr 18 03:12:41 PM","2009 Sep 01 12:00:00 AM","T2","Arrival","International","132,206"
"2018 Jul 11 02:24:22 PM","2018 Jun 01 12:00:00 AM","T7","Departure","International","58,039"
"2018 Apr 18 03:12:41 PM","2012 Dec 01 12:00:00 AM","T3","Departure","Domestic","176,627"
"2019 Nov 26 01:26:41 PM","2019 Oct 01 12:00:00 AM","TBIT","Arrival","International","718,878"
"2018 Apr 18 03:12:41 PM","2010 Mar 01 12:00:00 AM","TBIT","Departure","International","310,068"
"2018 Nov 25 11:40:39 AM","2018 Oct 01 12:00:00 AM","T6","Departure","International","107,694"
"2018 Apr 18 03:12:41 PM","2011 Jan 01 12:00:00 AM","Miscellaneous Terminal","Arrival","International","5"
"2018 Apr 18 03:12:41 PM","2012 Aug 01 12:00:00 AM","T6","Departure","International","72,861"
"2020 Feb 28 08:21:30 AM","2020 Jan 01 12:00:00 AM","T7","Arrival","Domestic","293,878"
"2019 Jul 18 06:18:08 AM","2019 Jun 01 12:00:00 AM","TBIT","Arrival","Domestic","6,777"
"2018 Apr 18 03:12:41 PM","2014 Nov 01 12:00:00 AM","T6","Departure","Domestic","249,209"
"2018 Apr 18 03:12:41 PM","2007 Feb 01 12:00:00 AM","T2","Arrival","Domestic","82,723"
"2018 Oct 29 10:20:51 AM","2018 Sep 01 12:00:00 AM","T3","Departure","Domestic","298,298"
"2018 Apr 18 03:12:41 PM","2006 Nov 01 12:00:00 AM","T3","Arrival","International","18,641"
"2021 Apr 01 09:37:48 AM","2021 Feb 01 12:00:00 AM","T7","Arrival","Domestic","93,154"
"2018 Apr 18 03:12:41 PM","2016 May 01 12:00:00 AM","T2","Arrival","Domestic","44,253"
"2018 Apr 18 03:12:41 PM","2018 Feb 01 12:00:00 AM","T3","Arrival","International","1,572"
"2018 Apr 18 03:12:41 PM","2007 May 01 12:00:00 AM","T4","Departure","International","51,090"
"2018 Apr 18 03:12:41 PM","2010 Oct 01 12:00:00 AM","T5","Arrival","International","17,302"
"2019 May 10 06:01:23 AM","2019 Apr 01 12:00:00 AM","T8","Arrival","Domestic","149,203"
"2018 Apr 18 03:12:41 PM","2007 Jan 01 12:00:00 AM","TBIT","Departure","International","326,504"
"2018 Apr 18 03:12:41 PM","2011 Jul 01 12:00:00 AM","T4","Departure","Domestic","453,808"
"2018 Apr 18 03:12:41 PM","2016 Sep 01 12:00:00 AM","T5","Departure","Domestic","389,219"
"2018 Apr 18 03:12:41 PM","2014 Feb 01 12:00:00 AM","T7","Departure","Domestic","213,982"
"2018 Apr 18 03:12:41 PM","2018 Mar 01 12:00:00 AM","T7","Arrival","International","73,152"
"2020 Apr 29 07:14:24 AM","2020 Mar 01 12:00:00 AM","T6","Departure","Domestic","110,240"
"2020 Dec 07 01:58:36 PM","2020 Oct 01 12:00:00 AM","T5","Departure","Domestic","180,188"
"2018 Apr 18 03:12:41 PM","2009 May 01 12:00:00 AM","T4","Departure","Domestic","379,300"
"2018 Apr 18 03:12:41 PM","2017 Oct 01 12:00:00 AM","Miscellaneous Terminal","Arrival","Domestic","126,545"
"2018 Apr 18 03:12:41 PM","2014 Sep 01 12:00:00 AM","T2","Arrival","Domestic","42,152"
"2019 May 10 06:01:23 AM","2019 Apr 01 12:00:00 AM","T7","Departure","International","36,223"
"2018 Apr 18 03:12:41 PM","2017 Feb 01 12:00:00 AM","T1","Departure","Domestic","325,934"
"2018 Apr 18 03:12:41 PM","2014 Sep 01 12:00:00 AM","T5","Departure","Domestic","330,917"
"2019 Mar 10 06:01:32 AM","2019 Jan 01 12:00:00 AM","T7","Departure","International","38,852"
"2018 Apr 18 03:12:41 PM","2006 Sep 01 12:00:00 AM","T5","Departure","Domestic","137,659"
"2018 Apr 18 03:12:41 PM","2016 Oct 01 12:00:00 AM","T4","Departure","International","66,466"
"2018 Apr 18 03:12:41 PM","2016 Apr 01 12:00:00 AM","T7","Departure","International","38,193"
"2018 Apr 18 03:12:41 PM","2007 Nov 01 12:00:00 AM","T6","Arrival","Domestic","210,710"
"2018 Apr 18 03:12:41 PM","2008 May 01 12:00:00 AM","TBIT","Departure","Domestic","322"
"2018 Apr 18 03:12:41 PM","2012 Jan 01 12:00:00 AM","T4","Departure","International","38,057"
"2018 Apr 18 03:12:41 PM","2014 Nov 01 12:00:00 AM","TBIT","Arrival","Domestic","11,513"
"2018 Apr 18 03:12:41 PM","2009 Aug 01 12:00:00 AM","T3","Arrival","International","16,861"
"2018 Apr 18 03:12:41 PM","2011 Dec 01 12:00:00 AM","T4","Departure","International","37,521"
"2018 Apr 18 03:12:41 PM","2007 May 01 12:00:00 AM","T5","Departure","International","39,373"
"2018 Apr 18 03:12:41 PM","2010 Sep 01 12:00:00 AM","T8","Arrival","International","3,450"
"2018 Apr 18 03:12:41 PM","2015 Sep 01 12:00:00 AM","TBIT","Departure","International","508,874"
"2018 Apr 18 03:12:41 PM","2006 Jun 01 12:00:00 AM","T3","Arrival","Domestic","159,549"
"2018 Apr 18 03:12:41 PM","2015 Sep 01 12:00:00 AM","T7","Departure","Domestic","260,265"
"2018 Apr 18 03:12:41 PM","2015 Mar 01 12:00:00 AM","T8","Arrival","International","4,477"
"2018 Apr 18 03:12:41 PM","2015 Aug 01 12:00:00 AM","T8","Departure","International","17,265"
"2018 Oct 29 10:20:51 AM","2017 Feb 01 12:00:00 AM","TBIT","Arrival","International","465,822"
"2019 Apr 29 01:10:30 PM","2019 Mar 01 12:00:00 AM","T6","Departure","International","101,875"
"2018 Apr 18 03:12:41 PM","2007 Dec 01 12:00:00 AM","T1","Departure","Domestic","397,418"
"2018 Apr 18 03:12:41 PM","2014 Jun 01 12:00:00 AM","Miscellaneous Terminal","Departure","Domestic","74,518"
"2018 Apr 18 03:12:41 PM","2011 Oct 01 12:00:00 AM","T7","Departure","Domestic","213,008"
"2018 Nov 10 06:01:27 AM","2018 Oct 01 12:00:00 AM","T7","Arrival","Domestic","325,942"
"2018 Apr 18 03:12:41 PM","2007 Aug 01 12:00:00 AM","T1","Arrival","Domestic","479,868"
"2018 Apr 18 03:12:41 PM","2008 Jul 01 12:00:00 AM","T4","Arrival","Domestic","427,481"
"2018 Apr 18 03:12:41 PM","2015 Nov 01 12:00:00 AM","T1","Arrival","Domestic","379,274"
"2019 Jul 18 06:18:08 AM","2019 Jun 01 12:00:00 AM","T2","Departure","International","105,597"
"2018 Apr 18 03:12:41 PM","2011 Dec 01 12:00:00 AM","T6","Departure","International","22,437"
"2018 Apr 18 03:12:41 PM","2017 Mar 01 12:00:00 AM","T7","Arrival","International","65,736"
"2018 Apr 18 03:12:41 PM","2006 Apr 01 12:00:00 AM","T1","Departure","International","811"
"2018 Apr 18 03:12:41 PM","2011 Dec 01 12:00:00 AM","T3","Departure","Domestic","237,737"
"2018 Apr 18 03:12:41 PM","2006 Sep 01 12:00:00 AM","T5","Arrival","International","20,688"
"2018 Apr 18 03:12:41 PM","2011 Sep 01 12:00:00 AM","T5","Arrival","International","22,893"
"2018 Apr 18 03:12:41 PM","2013 Aug 01 12:00:00 AM","T2","Arrival","Domestic","40,870"
"2018 Apr 18 03:12:41 PM","2013 Oct 01 12:00:00 AM","T2","Arrival","Domestic","33,248"
"2018 Apr 18 03:12:41 PM","2013 Jan 01 12:00:00 AM","T4","Departure","Domestic","355,055"
"2018 Apr 18 03:12:41 PM","2015 Oct 01 12:00:00 AM","T5","Departure","Domestic","370,707"
"2018 Apr 18 03:12:41 PM","2016 Jan 01 12:00:00 AM","T4","Arrival","Domestic","387,189"
"2020 Apr 08 09:58:08 AM","2020 Feb 01 12:00:00 AM","T2","Arrival","Domestic","220,181"
"2018 Apr 18 03:12:41 PM","2015 Feb 01 12:00:00 AM","T4","Departure","Domestic","296,700"
"2018 Apr 18 03:12:41 PM","2016 Mar 01 12:00:00 AM","T2","Arrival","Domestic","38,987"
"2018 Apr 18 03:12:41 PM","2009 Jan 01 12:00:00 AM","Miscellaneous Terminal","Arrival","International","6"
"2018 Apr 18 03:12:41 PM","2012 Apr 01 12:00:00 AM","T5","Departure","Domestic","251,830"
"2018 Apr 18 03:12:41 PM","2007 Sep 01 12:00:00 AM","T6","Departure","Domestic","189,343"
"2018 Apr 18 03:12:41 PM","2007 Jul 01 12:00:00 AM","T7","Arrival","Domestic","265,336"
"2018 Apr 18 03:12:41 PM","2017 Jul 01 12:00:00 AM","T8","Departure","International","16,284"
"2018 Apr 18 03:12:41 PM","2009 May 01 12:00:00 AM","T6","Arrival","Domestic","184,750"
"2018 Apr 18 03:12:41 PM","2014 Feb 01 12:00:00 AM","TBIT","Departure","International","300,805"
"2018 Apr 18 03:12:41 PM","2016 Nov 01 12:00:00 AM","T7","Departure","International","41,748"
"2018 Apr 18 03:12:41 PM","2007 Feb 01 12:00:00 AM","T1","Departure","Domestic","354,347"
"2018 Apr 18 03:12:41 PM","2012 Aug 01 12:00:00 AM","T3","Departure","International","19,190"
"2020 Jan 22 06:57:11 AM","2019 Nov 01 12:00:00 AM","Miscellaneous Terminal","Departure","Domestic","104,145"
"2018 Apr 18 03:12:41 PM","2009 Jul 01 12:00:00 AM","T8","Departure","International","6,906"
"2019 Jun 24 01:17:06 PM","2019 May 01 12:00:00 AM","TBIT","Departure","Domestic","20,502"
"2020 Aug 27 07:15:54 AM","2020 Jul 01 12:00:00 AM","T6","Departure","Domestic","45,345"
"2018 Apr 18 03:12:41 PM","2010 Feb 01 12:00:00 AM","T4","Departure","Domestic","299,798"
"2018 Apr 18 03:12:41 PM","2010 Mar 01 12:00:00 AM","T7","Arrival","Domestic","234,563"
"2018 Apr 18 03:12:41 PM","2015 May 01 12:00:00 AM","T7","Arrival","International","75,371"
"2018 Apr 18 03:12:41 PM","2014 Feb 01 12:00:00 AM","T8","Arrival","International","3,500"
"2018 Apr 18 03:12:41 PM","2016 Dec 01 12:00:00 AM","T7","Departure","International","51,576"
"2019 Jan 30 07:34:09 AM","2018 Dec 01 12:00:00 AM","T6","Departure","Domestic","233,713"
"2018 Apr 18 03:12:41 PM","2016 Jun 01 12:00:00 AM","TBIT","Departure","Domestic","48,441"
"2018 Apr 18 03:12:41 PM","2017 Sep 01 12:00:00 AM","T4","Arrival","International","50,117"
"2019 Apr 10 06:01:25 AM","2019 Mar 01 12:00:00 AM","T7","Departure","International","40,493"
"2018 Apr 18 03:12:41 PM","2012 Jan 01 12:00:00 AM","T5","Departure","Domestic","247,736"
"2018 Apr 18 03:12:41 PM","2014 Jul 01 12:00:00 AM","T4","Arrival","International","6,395"
"2018 Apr 18 03:12:41 PM","2010 Nov 01 12:00:00 AM","T5","Departure","International","11,293"
"2018 Apr 18 03:12:41 PM","2009 Dec 01 12:00:00 AM","TBIT","Departure","Domestic","6,770"
"2018 Apr 18 03:12:41 PM","2015 Nov 01 12:00:00 AM","T3","Departure","International","2,265"
"2018 Apr 18 03:12:41 PM","2016 Jan 01 12:00:00 AM","T7","Departure","Domestic","234,732"
"2018 Apr 18 03:12:41 PM","2007 Dec 01 12:00:00 AM","T6","Arrival","International","2,310"
"2018 Apr 18 03:12:41 PM","2010 Mar 01 12:00:00 AM","TBIT","Arrival","Domestic","5,102"
"2019 Jul 18 06:18:08 AM","2019 Jun 01 12:00:00 AM","T5","Departure","International","465"
"2018 Apr 18 03:12:41 PM","2013 Mar 01 12:00:00 AM","T1","Departure","Domestic","422,985"
"2018 Apr 18 03:12:41 PM","2006 Dec 01 12:00:00 AM","T7","Arrival","Domestic","253,102"
"2018 Jul 11 02:24:22 PM","2018 May 01 12:00:00 AM","T2","Departure","Domestic","210,803"
"2018 Apr 18 03:12:41 PM","2008 Jun 01 12:00:00 AM","T7","Departure","Domestic","273,087"
"2018 Apr 18 03:12:41 PM","2010 Dec 01 12:00:00 AM","T4","Arrival","International","16,096"
"2018 Apr 18 03:12:41 PM","2009 Aug 01 12:00:00 AM","T2","Departure","Domestic","26,256"
"2018 Apr 18 03:12:41 PM","2009 Jun 01 12:00:00 AM","T2","Arrival","International","133,899"
"2018 Apr 18 03:12:41 PM","2007 Apr 01 12:00:00 AM","T7","Arrival","International","30,384"
"2018 Apr 18 03:12:41 PM","2010 Jan 01 12:00:00 AM","T3","Arrival","Domestic","145,146"
"2018 Apr 18 03:12:41 PM","2009 Dec 01 12:00:00 AM","T4","Arrival","Domestic","371,129"
"2018 Apr 18 03:12:41 PM","2016 May 01 12:00:00 AM","T7","Arrival","International","70,648"
"2018 Apr 18 03:12:41 PM","2017 Aug 01 12:00:00 AM","T5","Departure","Domestic","458,651"
"2018 Apr 18 03:12:41 PM","2013 Apr 01 12:00:00 AM","TBIT","Arrival","Domestic","6,959"
"2018 Apr 18 03:12:41 PM","2007 Sep 01 12:00:00 AM","T4","Arrival","International","61,755"
"2018 Nov 10 06:01:27 AM","2018 Oct 01 12:00:00 AM","T7","Departure","Domestic","328,573"
"2018 Apr 18 03:12:41 PM","2008 Nov 01 12:00:00 AM","T3","Arrival","Domestic","90,494"
"2018 Apr 18 03:12:41 PM","2013 Nov 01 12:00:00 AM","T4","Arrival","International","1,152"
"2018 Apr 18 03:12:41 PM","2017 May 01 12:00:00 AM","T3","Departure","Domestic","325,262"
"2018 Apr 18 03:12:41 PM","2007 Apr 01 12:00:00 AM","T1","Departure","Domestic","430,188"
"2018 Apr 18 03:12:41 PM","2013 Jun 01 12:00:00 AM","T7","Arrival","Domestic","292,931"
"2018 Apr 18 03:12:41 PM","2016 Aug 01 12:00:00 AM","T3","Departure","International","3,563"
"2018 Apr 18 03:12:41 PM","2013 Jul 01 12:00:00 AM","Miscellaneous Terminal","Departure","International","1"
"2018 Apr 18 03:12:41 PM","2012 Oct 01 12:00:00 AM","Miscellaneous Terminal","Arrival","International","19"
"2018 Apr 18 03:12:41 PM","2016 Jan 01 12:00:00 AM","T2","Arrival","International","176,539"
"2018 Apr 18 03:12:41 PM","2017 Nov 01 12:00:00 AM","T5","Arrival","Domestic","342,013"
"2018 Apr 18 03:12:41 PM","2009 Sep 01 12:00:00 AM","T7","Arrival","Domestic","239,863"
"2018 Apr 18 03:12:41 PM","2008 Feb 01 12:00:00 AM","TBIT","Departure","International","306,810"
"2018 Apr 18 03:12:41 PM","2006 May 01 12:00:00 AM","T6","Departure","International","5,009"
"2018 Apr 18 03:12:41 PM","2013 Sep 01 12:00:00 AM","T7","Arrival","Domestic","223,035"
"2020 Feb 28 08:21:30 AM","2020 Jan 01 12:00:00 AM","T8","Departure","International","3,396"
"2018 Apr 18 03:12:41 PM","2013 Apr 01 12:00:00 AM","T8","Arrival","Domestic","101,939"
"2020 Jan 22 06:57:11 AM","2019 Dec 01 12:00:00 AM","T6","Departure","Domestic","243,821"
"2018 Apr 18 03:12:41 PM","2014 May 01 12:00:00 AM","T8","Departure","Domestic","118,031"
"2019 Jan 30 07:34:09 AM","2018 Dec 01 12:00:00 AM","T2","Departure","International","88,265"
"2018 Apr 18 03:12:41 PM","2009 Feb 01 12:00:00 AM","TBIT","Arrival","International","323,443"
"2018 Apr 18 03:12:41 PM","2017 Feb 01 12:00:00 AM","T4","Departure","International","57,765"
"2018 Apr 18 03:12:41 PM","2007 May 01 12:00:00 AM","TBIT","Arrival","International","412,890"
"2018 Apr 18 03:12:41 PM","2011 Feb 01 12:00:00 AM","T4","Arrival","Domestic","319,922"
"2018 Apr 18 03:12:41 PM","2015 Dec 01 12:00:00 AM","T3","Arrival","Domestic","306,347"
"2018 Apr 18 03:12:41 PM","2009 Nov 01 12:00:00 AM","T6","Departure","Domestic","180,286"
"2018 Apr 18 03:12:41 PM","2014 Jul 01 12:00:00 AM","Miscellaneous Terminal","Arrival","International","133"
"2018 Apr 18 03:12:41 PM","2014 Jan 01 12:00:00 AM","T1","Arrival","Domestic","379,594"
"2018 Apr 18 03:12:41 PM","2015 Nov 01 12:00:00 AM","T6","Departure","International","45,631"
"2018 Oct 29 10:20:51 AM","2018 May 01 12:00:00 AM","T2","Arrival","International","96,733"
"2018 Apr 18 03:12:41 PM","2006 Sep 01 12:00:00 AM","TBIT","Arrival","Domestic","2,990"
"2018 Apr 18 03:12:41 PM","2015 Jul 01 12:00:00 AM","T6","Departure","International","50,683"
"2019 May 28 06:24:45 AM","2019 Apr 01 12:00:00 AM","Miscellaneous Terminal","Arrival","International","6,604"
"2020 Sep 28 04:07:45 PM","2020 Aug 01 12:00:00 AM","TBIT","Departure","Domestic","4,143"
"2019 Apr 29 01:10:30 PM","2019 Mar 01 12:00:00 AM","Miscellaneous Terminal","Arrival","Domestic","128,522"
"2018 Apr 18 03:12:41 PM","2015 Nov 01 12:00:00 AM","T7","Arrival","Domestic","241,220"
"2018 Apr 18 03:12:41 PM","2015 Mar 01 12:00:00 AM","Miscellaneous Terminal","Arrival","Domestic","96,305"
"2018 Apr 18 03:12:41 PM","2013 May 01 12:00:00 AM","T6","Departure","International","70,252"
"2018 Apr 18 03:12:41 PM","2011 Apr 01 12:00:00 AM","T7","Arrival","Domestic","218,555"
"2018 Apr 18 03:12:41 PM","2014 Oct 01 12:00:00 AM","T4","Departure","International","36,360"
"2018 Apr 18 03:12:41 PM","2010 Jan 01 12:00:00 AM","T8","Departure","Domestic","132,585"
"2018 Apr 18 03:12:41 PM","2015 Oct 01 12:00:00 AM","T4","Arrival","Domestic","356,074"
"2018 Apr 18 03:12:41 PM","2013 Apr 01 12:00:00 AM","T6","Arrival","International","50,990"
"2018 Apr 18 03:12:41 PM","2008 Apr 01 12:00:00 AM","T6","Departure","International","3,720"
"2018 Apr 18 03:12:41 PM","2017 Jul 01 12:00:00 AM","T3","Departure","Domestic","313,008"
"2018 Apr 18 03:12:41 PM","2013 Jan 01 12:00:00 AM","T8","Arrival","Domestic","127,860"
"2020 Sep 28 04:07:45 PM","2020 Aug 01 12:00:00 AM","T6","Arrival","International","6,749"
"2018 Apr 18 03:12:41 PM","2007 Jul 01 12:00:00 AM","T8","Arrival","Domestic","109,320"
"2018 Apr 18 03:12:41 PM","2009 Jan 01 12:00:00 AM","T8","Arrival","Domestic","92,232"
"2018 Apr 18 03:12:41 PM","2007 Nov 01 12:00:00 AM","T4","Departure","Domestic","400,105"
"2018 Apr 18 03:12:41 PM","2010 Oct 01 12:00:00 AM","T6","Departure","Domestic","219,268"
"2018 Apr 18 03:12:41 PM","2006 Oct 01 12:00:00 AM","T1","Departure","Domestic","400,200"
"2020 Jun 29 07:20:39 AM","2020 May 01 12:00:00 AM","T2","Departure","Domestic","56,610"
"2018 Apr 18 03:12:41 PM","2010 Feb 01 12:00:00 AM","T6","Arrival","International","10,585"
"2018 Apr 18 03:12:41 PM","2008 May 01 12:00:00 AM","TBIT","Arrival","International","411,474"
"2018 Oct 29 10:20:51 AM","2018 Sep 01 12:00:00 AM","T7","Arrival","Domestic","294,304"
"2020 May 10 06:01:34 AM","2020 Apr 01 12:00:00 AM","T3","Departure","Domestic","330"
"2018 Apr 18 03:12:41 PM","2011 Mar 01 12:00:00 AM","T6","Arrival","Domestic","215,627"
"2018 Apr 18 03:12:41 PM","2009 Jan 01 12:00:00 AM","T1","Departure","Domestic","345,208"
"2018 Apr 18 03:12:41 PM","2009 Oct 01 12:00:00 AM","Imperial Terminal","Arrival","Domestic","49"
"2018 Apr 18 03:12:41 PM","2017 Jul 01 12:00:00 AM","T4","Arrival","Domestic","404,417"
"2018 Apr 18 03:12:41 PM","2012 Mar 01 12:00:00 AM","T5","Arrival","International","44,149"
"2018 Apr 18 03:12:41 PM","2017 Oct 01 12:00:00 AM","T2","Departure","International","105,056"
"2020 Sep 28 04:07:45 PM","2020 Aug 01 12:00:00 AM","T2","Arrival","Domestic","122,258"
"2019 Jul 10 06:01:27 AM","2019 Jun 01 12:00:00 AM","T8","Departure","Domestic","154,767"
"2018 Apr 18 03:12:41 PM","2016 Nov 01 12:00:00 AM","Miscellaneous Terminal","Departure","International","2,297"
"2018 Apr 18 03:12:41 PM","2014 Feb 01 12:00:00 AM","T4","Departure","International","34,218"
"2019 Nov 26 01:26:41 PM","2019 Oct 01 12:00:00 AM","Miscellaneous Terminal","Departure","Domestic","108,854"
"2018 Apr 18 03:12:41 PM","2013 Jan 01 12:00:00 AM","T5","Arrival","Domestic","240,142"
"2018 Apr 18 03:12:41 PM","2015 Apr 01 12:00:00 AM","TBIT","Arrival","Domestic","12,172"
"2018 Apr 18 03:12:41 PM","2017 Jun 01 12:00:00 AM","T6","Arrival","International","67,128"
"2020 Aug 10 06:01:25 AM","2020 Jul 01 12:00:00 AM","T2","Arrival","International","798"
"2018 Apr 18 03:12:41 PM","2010 Mar 01 12:00:00 AM","T8","Arrival","International","5,010"
"2018 Apr 18 03:12:41 PM","2008 Nov 01 12:00:00 AM","T1","Departure","Domestic","361,101"
"2018 Apr 18 03:12:41 PM","2010 Dec 01 12:00:00 AM","T2","Arrival","International","178,235"
"2018 Apr 18 03:12:41 PM","2010 Apr 01 12:00:00 AM","T3","Departure","International","66,592"
"2018 Apr 18 03:12:41 PM","2008 Sep 01 12:00:00 AM","T3","Arrival","International","14,739"
"2018 Apr 18 03:12:41 PM","2017 Oct 01 12:00:00 AM","T6","Arrival","Domestic","269,133"
"2021 Jan 10 06:01:37 AM","2020 Dec 01 12:00:00 AM","T8","Arrival","Domestic","30,436"
"2018 Apr 18 03:12:41 PM","2008 Mar 01 12:00:00 AM","TBIT","Departure","Domestic","213"
"2018 Apr 18 03:12:41 PM","2006 Jun 01 12:00:00 AM","T2","Departure","International","175,532"
"2018 Apr 18 03:12:41 PM","2011 Oct 01 12:00:00 AM","TBIT","Arrival","International","393,070"
"2018 Apr 18 03:12:41 PM","2015 Aug 01 12:00:00 AM","T5","Arrival","International","86,309"
"2018 Apr 18 03:12:41 PM","2011 Jan 01 12:00:00 AM","T3","Departure","International","66,840"
"2020 Aug 03 07:35:04 AM","2020 Jun 01 12:00:00 AM","T6","Arrival","Domestic","37,153"
"2018 Apr 18 03:12:41 PM","2011 Aug 01 12:00:00 AM","T7","Arrival","International","40,014"
"2018 Apr 18 03:12:41 PM","2006 Feb 01 12:00:00 AM","TBIT","Departure","International","301,949"
"2018 Apr 18 03:12:41 PM","2007 Jun 01 12:00:00 AM","T6","Departure","Domestic","242,878"
"2019 Apr 29 01:10:30 PM","2019 Feb 01 12:00:00 AM","Miscellaneous Terminal","Departure","International","5,775"
"2018 Apr 18 03:12:41 PM","2008 Jan 01 12:00:00 AM","Imperial Terminal","Departure","Domestic","792"
"2018 Nov 10 06:01:27 AM","2018 Oct 01 12:00:00 AM","T8","Departure","Domestic","146,807"
"2018 Apr 18 03:12:41 PM","2017 Jul 01 12:00:00 AM","T6","Departure","Domestic","287,312"
"2018 Apr 18 03:12:41 PM","2016 May 01 12:00:00 AM","T5","Arrival","International","62,604"
"2018 Apr 18 03:12:41 PM","2007 Sep 01 12:00:00 AM","T8","Departure","Domestic","99,652"
"2020 May 04 06:39:48 AM","2020 Jan 01 12:00:00 AM","Miscellaneous Terminal","Arrival","Domestic","106,109"
"2019 Aug 23 03:41:00 PM","2019 Jul 01 12:00:00 AM","Miscellaneous Terminal","Arrival","International","7,074"
"2019 May 28 06:24:45 AM","2019 Apr 01 12:00:00 AM","T3","Departure","Domestic","292,226"
"2019 Aug 23 03:41:00 PM","2019 Jul 01 12:00:00 AM","TBIT","Departure","International","782,128"
"2018 Jul 12 09:51:10 AM","2018 Jun 01 12:00:00 AM","T6","Departure","International","140,308"
"2018 Apr 18 03:12:41 PM","2014 Mar 01 12:00:00 AM","Miscellaneous Terminal","Departure","Domestic","80,650"
"2018 Apr 18 03:12:41 PM","2016 Jul 01 12:00:00 AM","T5","Departure","International","71,021"
"2021 Feb 10 06:01:18 AM","2021 Jan 01 12:00:00 AM","T6","Arrival","International","10,378"
"2018 Apr 18 03:12:41 PM","2011 Nov 01 12:00:00 AM","T1","Arrival","Domestic","368,460"
"2018 Apr 18 03:12:41 PM","2016 Jan 01 12:00:00 AM","TBIT","Arrival","International","561,499"
"2018 Apr 18 03:12:41 PM","2007 Jul 01 12:00:00 AM","T8","Departure","Domestic","110,171"
"2018 Apr 18 03:12:41 PM","2015 Feb 01 12:00:00 AM","T5","Arrival","Domestic","286,438"
"2018 Apr 18 03:12:41 PM","2013 Jul 01 12:00:00 AM","T8","Departure","International","6,117"
"2018 Apr 18 03:12:41 PM","2017 Sep 01 12:00:00 AM","T5","Departure","Domestic","374,053"
"2018 Apr 18 03:12:41 PM","2006 Apr 01 12:00:00 AM","T8","Arrival","Domestic","111,821"
"2018 Apr 18 03:12:41 PM","2018 Feb 01 12:00:00 AM","T4","Arrival","Domestic","299,852"
"2018 Apr 18 03:12:41 PM","2006 Sep 01 12:00:00 AM","T6","Arrival","International","5,049"
"2018 Apr 18 03:12:41 PM","2013 Jun 01 12:00:00 AM","T5","Departure","International","22,765"
"2018 Apr 18 03:12:41 PM","2009 Oct 01 12:00:00 AM","T5","Departure","International","27,564"
"2018 Apr 18 03:12:41 PM","2011 Jan 01 12:00:00 AM","T4","Arrival","Domestic","347,547"
"2018 Apr 18 03:12:41 PM","2006 Sep 01 12:00:00 AM","T2","Arrival","International","161,321"
"2018 Apr 18 03:12:41 PM","2006 Dec 01 12:00:00 AM","Miscellaneous Terminal","Departure","Domestic","557"
"2020 Jan 02 10:43:42 AM","2019 Nov 01 12:00:00 AM","TBIT","Departure","International","639,735"
"2018 Apr 18 03:12:41 PM","2011 Aug 01 12:00:00 AM","Miscellaneous Terminal","Arrival","Domestic","11"
"2018 Apr 18 03:12:41 PM","2013 Jun 01 12:00:00 AM","T8","Departure","International","5,173"
"2018 Apr 18 03:12:41 PM","2016 Apr 01 12:00:00 AM","Miscellaneous Terminal","Arrival","International","4,879"
"2018 Apr 18 03:12:41 PM","2011 Jan 01 12:00:00 AM","T2","Arrival","Domestic","25,491"
"2020 Jul 10 06:01:26 AM","2020 Jun 01 12:00:00 AM","T2","Arrival","Domestic","89,044"
"2018 Apr 18 03:12:41 PM","2008 Feb 01 12:00:00 AM","T1","Departure","Domestic","365,838"
"2019 Mar 01 11:09:59 AM","2019 Jan 01 12:00:00 AM","T5","Departure","Domestic","366,852"
"2018 Apr 18 03:12:41 PM","2014 Jul 01 12:00:00 AM","T8","Departure","International","7,656"
"2018 Apr 18 03:12:41 PM","2008 Aug 01 12:00:00 AM","T6","Arrival","Domestic","281,172"
"2018 Apr 18 03:12:41 PM","2016 Oct 01 12:00:00 AM","T3","Departure","Domestic","345,332"
"2018 Apr 18 03:12:41 PM","2007 Dec 01 12:00:00 AM","Miscellaneous Terminal","Departure","Domestic","354"
"2018 Apr 18 03:12:41 PM","2014 Jun 01 12:00:00 AM","T5","Departure","Domestic","363,381"
"2018 Apr 18 03:12:41 PM","2007 Dec 01 12:00:00 AM","T5","Departure","Domestic","210,445"
"2018 Dec 26 06:52:40 AM","2018 Nov 01 12:00:00 AM","T6","Arrival","International","57,863"
"2018 Apr 18 03:12:41 PM","2013 Dec 01 12:00:00 AM","TBIT","Arrival","Domestic","8,410"
"2018 Apr 18 03:12:41 PM","2007 Apr 01 12:00:00 AM","Imperial Terminal","Arrival","Domestic","156"
"2018 Apr 18 03:12:41 PM","2008 Nov 01 12:00:00 AM","TBIT","Departure","Domestic","4,591"
"2018 Apr 18 03:12:41 PM","2015 Jul 01 12:00:00 AM","T4","Departure","Domestic","389,018"
"2018 Apr 18 03:12:41 PM","2014 May 01 12:00:00 AM","TBIT","Departure","Domestic","7,927"
"2018 Apr 18 03:12:41 PM","2016 Sep 01 12:00:00 AM","T7","Departure","Domestic","288,911"
"2018 Apr 18 03:12:41 PM","2014 May 01 12:00:00 AM","T3","Departure","Domestic","332,153"
"2018 Apr 18 03:12:41 PM","2009 Jul 01 12:00:00 AM","T3","Arrival","International","16,783"
"2018 Apr 18 03:12:41 PM","2017 Apr 01 12:00:00 AM","TBIT","Departure","International","522,414"
"2021 Mar 03 10:48:12 AM","2021 Jan 01 12:00:00 AM","T7","Departure","International","7,697"
"2018 Apr 18 03:12:41 PM","2012 May 01 12:00:00 AM","TBIT","Departure","International","348,660"
"2018 Apr 18 03:12:41 PM","2011 Jun 01 12:00:00 AM","T3","Arrival","International","12,941"
"2018 Apr 18 03:12:41 PM","2008 May 01 12:00:00 AM","T3","Departure","Domestic","180,030"
"2019 Jan 30 07:34:09 AM","2018 Dec 01 12:00:00 AM","Miscellaneous Terminal","Arrival","Domestic","124,925"
"2018 Apr 18 03:12:41 PM","2014 Mar 01 12:00:00 AM","T4","Departure","Domestic","377,665"
"2018 Apr 18 03:12:41 PM","2015 Jul 01 12:00:00 AM","Miscellaneous Terminal","Arrival","International","5,546"
"2018 Aug 21 11:02:45 AM","2018 Jul 01 12:00:00 AM","T4","Arrival","Domestic","411,994"
"2018 Apr 18 03:12:41 PM","2009 Jan 01 12:00:00 AM","T6","Departure","International","4,642"
"2018 Apr 18 03:12:41 PM","2012 Aug 01 12:00:00 AM","T2","Arrival","Domestic","40,976"
"2018 Apr 18 03:12:41 PM","2015 Nov 01 12:00:00 AM","T8","Arrival","International","4,376"
"2018 Apr 18 03:12:41 PM","2007 Feb 01 12:00:00 AM","Miscellaneous Terminal","Departure","Domestic","294"
"2018 Oct 29 10:20:51 AM","2017 Dec 01 12:00:00 AM","TBIT","Arrival","International","706,147"
"2018 Apr 18 03:12:41 PM","2006 Oct 01 12:00:00 AM","T5","Arrival","Domestic","155,735"
"2018 Apr 18 03:12:41 PM","2016 Mar 01 12:00:00 AM","T1","Departure","Domestic","392,556"
"2018 Apr 18 03:12:41 PM","2013 Jul 01 12:00:00 AM","T5","Arrival","Domestic","334,420"
"2019 Jun 24 01:17:06 PM","2019 May 01 12:00:00 AM","T8","Departure","Domestic","142,599"
"2018 Apr 18 03:12:41 PM","2006 Aug 01 12:00:00 AM","T2","Arrival","Domestic","115,441"
"2018 Apr 18 03:12:41 PM","2014 Apr 01 12:00:00 AM","T2","Arrival","International","185,675"
"2018 Apr 18 03:12:41 PM","2011 Oct 01 12:00:00 AM","T3","Arrival","Domestic","244,000"
"2018 Apr 18 03:12:41 PM","2013 Dec 01 12:00:00 AM","T7","Departure","International","44,177"
"2018 Apr 18 03:12:41 PM","2008 Mar 01 12:00:00 AM","T3","Arrival","International","16,272"
"2018 Apr 18 03:12:41 PM","2017 Dec 01 12:00:00 AM","T1","Arrival","Domestic","406,238"
"2018 Apr 18 03:12:41 PM","2009 Apr 01 12:00:00 AM","T6","Departure","Domestic","136,776"
"2018 Apr 18 03:12:41 PM","2008 Jan 01 12:00:00 AM","T3","Departure","Domestic","140,091"
"2018 Apr 18 03:12:41 PM","2014 Jan 01 12:00:00 AM","T7","Departure","Domestic","235,579"
"2018 Apr 18 03:12:41 PM","2012 Dec 01 12:00:00 AM","T8","Departure","International","2,489"
"2018 Apr 18 03:12:41 PM","2007 Apr 01 12:00:00 AM","T6","Departure","Domestic","220,755"
"2018 Apr 18 03:12:41 PM","2014 Nov 01 12:00:00 AM","T8","Arrival","Domestic","139,916"
"2020 Aug 03 07:35:04 AM","2020 Jun 01 12:00:00 AM","T8","Departure","Domestic","114"
"2018 Apr 18 03:12:41 PM","2013 Sep 01 12:00:00 AM","T4","Arrival","Domestic","326,246"
"2018 Apr 18 03:12:41 PM","2008 Nov 01 12:00:00 AM","T3","Departure","Domestic","86,254"
"2019 Aug 23 03:41:00 PM","2019 Jul 01 12:00:00 AM","T8","Arrival","International","2,228"
"2018 Apr 18 03:12:41 PM","2010 May 01 12:00:00 AM","T5","Departure","International","9,376"
"2018 Apr 18 03:12:41 PM","2008 Jun 01 12:00:00 AM","T2","Departure","Domestic","111,461"
"2018 Apr 18 03:12:41 PM","2013 Jan 01 12:00:00 AM","T5","Arrival","International","35,950"
"2018 Apr 18 03:12:41 PM","2009 Nov 01 12:00:00 AM","TBIT","Arrival","International","370,133"
"2018 Apr 18 03:12:41 PM","2009 Apr 01 12:00:00 AM","T2","Departure","Domestic","94,024"
"2018 Dec 26 06:52:40 AM","2018 Nov 01 12:00:00 AM","T3","Arrival","Domestic","299,981"
"2018 Apr 18 03:12:41 PM","2011 Dec 01 12:00:00 AM","Miscellaneous Terminal","Departure","International","358"
"2018 Apr 18 03:12:41 PM","2008 Mar 01 12:00:00 AM","T5","Arrival","International","31,459"
"2019 Apr 29 01:10:30 PM","2019 Feb 01 12:00:00 AM","T1","Departure","Domestic","347,237"
"2018 Apr 18 03:12:41 PM","2010 Mar 01 12:00:00 AM","T7","Departure","International","23,677"
"2018 Apr 18 03:12:41 PM","2009 Apr 01 12:00:00 AM","TBIT","Departure","Domestic","5,778"
"2018 Apr 18 03:12:41 PM","2009 Dec 01 12:00:00 AM","T5","Arrival","International","15,835"
"2018 Apr 18 03:12:41 PM","2013 May 01 12:00:00 AM","T5","Arrival","Domestic","284,547"
"2019 Mar 14 06:45:08 AM","2019 Feb 01 12:00:00 AM","T5","Departure","Domestic","323,811"
"2018 Apr 18 03:12:41 PM","2017 Feb 01 12:00:00 AM","T6","Departure","Domestic","273,744"
"2018 Apr 18 03:12:41 PM","2006 Mar 01 12:00:00 AM","T6","Departure","International","4,583"
"2018 Apr 18 03:12:41 PM","2010 Aug 01 12:00:00 AM","TBIT","Departure","Domestic","5,012"
"2018 Apr 18 03:12:41 PM","2016 May 01 12:00:00 AM","T3","Departure","International","2,890"
"2018 Apr 18 03:12:41 PM","2015 May 01 12:00:00 AM","T3","Departure","Domestic","275,354"
"2018 Apr 18 03:12:41 PM","2010 Sep 01 12:00:00 AM","T4","Arrival","Domestic","355,567"
"2020 Dec 10 06:01:38 AM","2020 Nov 01 12:00:00 AM","Miscellaneous Terminal","Arrival","Domestic","432"
"2018 Apr 18 03:12:41 PM","2015 Aug 01 12:00:00 AM","T7","Departure","Domestic","312,108"
"2018 Apr 18 03:12:41 PM","2012 Apr 01 12:00:00 AM","T2","Departure","Domestic","20,426"
"2018 Apr 18 03:12:41 PM","2016 Mar 01 12:00:00 AM","T5","Arrival","Domestic","407,564"
"2018 Apr 18 03:12:41 PM","2017 Jun 01 12:00:00 AM","T4","Arrival","International","63,338"
"2018 Apr 18 03:12:41 PM","2014 Oct 01 12:00:00 AM","T1","Arrival","Domestic","354,318"
"2018 Apr 18 03:12:41 PM","2008 May 01 12:00:00 AM","T7","Departure","International","42,287"
"2018 Apr 18 03:12:41 PM","2011 Nov 01 12:00:00 AM","T8","Departure","Domestic","124,886"
"2018 Apr 18 03:12:41 PM","2014 Jan 01 12:00:00 AM","Miscellaneous Terminal","Arrival","Domestic","76,975"
"2018 Apr 18 03:12:41 PM","2008 Sep 01 12:00:00 AM","TBIT","Arrival","International","380,953"
"2018 Apr 18 03:12:41 PM","2017 Dec 01 12:00:00 AM","Miscellaneous Terminal","Departure","International","4,382"
"2018 May 23 07:44:39 AM","2018 Apr 01 12:00:00 AM","T6","Departure","International","99,847"
"2018 Apr 18 03:12:41 PM","2011 Sep 01 12:00:00 AM","T8","Arrival","Domestic","140,421"
"2018 Apr 18 03:12:41 PM","2010 Apr 01 12:00:00 AM","T2","Departure","Domestic","14,370"
"2018 Apr 18 03:12:41 PM","2012 Dec 01 12:00:00 AM","T1","Arrival","Domestic","388,094"
"2018 Apr 18 03:12:41 PM","2007 Jun 01 12:00:00 AM","Imperial Terminal","Arrival","Domestic","154"
"2018 Apr 18 03:12:41 PM","2010 Apr 01 12:00:00 AM","T4","Arrival","International","11,029"
"2018 Apr 18 03:12:41 PM","2018 Mar 01 12:00:00 AM","T8","Departure","International","9,555"
"2019 May 10 06:01:23 AM","2019 Apr 01 12:00:00 AM","T1","Arrival","Domestic","409,288"
"2019 Apr 10 06:01:25 AM","2019 Mar 01 12:00:00 AM","T4","Departure","International","79,928"
"2018 Apr 18 03:12:41 PM","2013 Mar 01 12:00:00 AM","T6","Departure","International","75,045"
"2020 Jul 10 06:01:26 AM","2020 May 01 12:00:00 AM","Miscellaneous Terminal","Departure","Domestic","192"
"2018 Apr 18 03:12:41 PM","2010 Apr 01 12:00:00 AM","T4","Arrival","Domestic","377,996"
"2018 Apr 18 03:12:41 PM","2007 Nov 01 12:00:00 AM","T6","Departure","International","4,319"
"2018 Apr 18 03:12:41 PM","2017 Jun 01 12:00:00 AM","T7","Arrival","Domestic","297,296"
"2018 Apr 18 03:12:41 PM","2016 Jan 01 12:00:00 AM","T7","Departure","International","40,125"
"2018 Apr 18 03:12:41 PM","2014 Feb 01 12:00:00 AM","T3","Arrival","Domestic","228,871"
"2019 Nov 26 01:26:41 PM","2019 Oct 01 12:00:00 AM","Miscellaneous Terminal","Departure","International","6,362"
"2018 Apr 18 03:12:41 PM","2012 May 01 12:00:00 AM","T4","Arrival","International","9,348"
"2020 Dec 10 06:01:38 AM","2020 Nov 01 12:00:00 AM","T1","Departure","Domestic","102,993"
"2018 Apr 18 03:12:41 PM","2014 Oct 01 12:00:00 AM","T6","Departure","Domestic","245,768"
"2021 Apr 01 09:37:48 AM","2021 Feb 01 12:00:00 AM","TBIT","Departure","Domestic","35,447"
"2018 Apr 18 03:12:41 PM","2016 Jun 01 12:00:00 AM","Miscellaneous Terminal","Arrival","Domestic","123,672"
"2018 Apr 18 03:12:41 PM","2016 Apr 01 12:00:00 AM","Miscellaneous Terminal","Departure","Domestic","93,665"
"2018 Apr 18 03:12:41 PM","2010 Feb 01 12:00:00 AM","T6","Arrival","Domestic","167,212"
"2019 Jan 30 07:34:09 AM","2018 Dec 01 12:00:00 AM","T6","Arrival","Domestic","240,050"
"2018 Apr 18 03:12:41 PM","2007 Aug 01 12:00:00 AM","T7","Departure","International","40,574"
"2018 Apr 18 03:12:41 PM","2007 Jul 01 12:00:00 AM","TBIT","Departure","International","407,888"
"2018 Apr 18 03:12:41 PM","2011 Aug 01 12:00:00 AM","T2","Departure","International","219,540"
"2018 Apr 18 03:12:41 PM","2007 Feb 01 12:00:00 AM","T1","Departure","International","285"
"2018 Apr 18 03:12:41 PM","2014 Aug 01 12:00:00 AM","T4","Arrival","International","6,266"
"2018 Apr 18 03:12:41 PM","2009 Jun 01 12:00:00 AM","T2","Departure","International","154,393"
"2018 Apr 18 03:12:41 PM","2009 May 01 12:00:00 AM","T6","Departure","Domestic","168,413"
"2018 Apr 18 03:12:41 PM","2009 Mar 01 12:00:00 AM","TBIT","Departure","International","290,865"
"2018 Apr 18 03:12:41 PM","2015 Mar 01 12:00:00 AM","T5","Departure","International","69,326"
"2018 Apr 18 03:12:41 PM","2012 Feb 01 12:00:00 AM","Imperial Terminal","Departure","International","230"
"2018 Apr 18 03:12:41 PM","2013 Jan 01 12:00:00 AM","T1","Arrival","Domestic","355,100"
"2018 Apr 18 03:12:41 PM","2010 Oct 01 12:00:00 AM","TBIT","Departure","International","300,195"
"2018 Apr 18 03:12:41 PM","2013 Jun 01 12:00:00 AM","T8","Arrival","Domestic","131,788"
"2018 Apr 18 03:12:41 PM","2018 Feb 01 12:00:00 AM","T5","Arrival","Domestic","315,370"
"2018 Apr 18 03:12:41 PM","2017 Aug 01 12:00:00 AM","T6","Departure","International","138,693"
"2018 Apr 18 03:12:41 PM","2009 Feb 01 12:00:00 AM","T7","Departure","International","23,493"
"2020 Jun 01 07:57:59 AM","2020 Apr 01 12:00:00 AM","TBIT","Arrival","International","17,600"
"2018 Apr 18 03:12:41 PM","2016 Mar 01 12:00:00 AM","TBIT","Departure","Domestic","28,186"
"2018 Apr 18 03:12:41 PM","2009 Oct 01 12:00:00 AM","T5","Arrival","International","14,384"
"2018 Apr 18 03:12:41 PM","2011 Jul 01 12:00:00 AM","T2","Departure","International","226,530"
"2018 Apr 18 03:12:41 PM","2007 Jul 01 12:00:00 AM","T5","Departure","International","61,206"
"2018 Apr 18 03:12:41 PM","2012 Feb 01 12:00:00 AM","T5","Departure","Domestic","220,007"
"2019 Nov 14 03:00:43 PM","2019 Oct 01 12:00:00 AM","T4","Arrival","International","57,015"
"2018 Apr 18 03:12:41 PM","2017 Jul 01 12:00:00 AM","T4","Departure","International","87,425"
"2018 Oct 29 10:20:51 AM","2018 Sep 01 12:00:00 AM","Miscellaneous Terminal","Arrival","International","5,562"
"2018 Apr 18 03:12:41 PM","2006 Jun 01 12:00:00 AM","T6","Arrival","International","9,126"
"2018 Apr 18 03:12:41 PM","2006 Mar 01 12:00:00 AM","T4","Arrival","Domestic","402,709"
"2018 Apr 18 03:12:41 PM","2006 Jun 01 12:00:00 AM","T4","Departure","Domestic","436,887"
"2018 Apr 18 03:12:41 PM","2012 Nov 01 12:00:00 AM","T5","Arrival","Domestic","253,338"
"2018 Apr 18 03:12:41 PM","2006 Oct 01 12:00:00 AM","Miscellaneous Terminal","Departure","Domestic","560"
"2018 Apr 18 03:12:41 PM","2006 Mar 01 12:00:00 AM","T2","Arrival","Domestic","104,482"
"2018 Apr 18 03:12:41 PM","2011 May 01 12:00:00 AM","T6","Departure","Domestic","227,748"
"2018 Apr 18 03:12:41 PM","2014 Oct 01 12:00:00 AM","T5","Departure","Domestic","357,852"
"2018 Apr 18 03:12:41 PM","2012 Jun 01 12:00:00 AM","T5","Departure","Domestic","263,906"
"2018 Apr 18 03:12:41 PM","2013 Aug 01 12:00:00 AM","T6","Arrival","International","16,419"
"2018 Apr 18 03:12:41 PM","2006 Jul 01 12:00:00 AM","T2","Departure","International","188,679"
"2018 Apr 18 03:12:41 PM","2010 Oct 01 12:00:00 AM","T8","Arrival","Domestic","152,107"
"2018 Apr 18 03:12:41 PM","2007 Nov 01 12:00:00 AM","TBIT","Arrival","International","360,336"
"2018 Oct 29 10:20:51 AM","2018 Sep 01 12:00:00 AM","T3","Arrival","Domestic","322,666"
"2018 Apr 18 03:12:41 PM","2013 Sep 01 12:00:00 AM","T8","Departure","International","3,314"
"2019 Apr 10 06:01:25 AM","2019 Mar 01 12:00:00 AM","T4","Arrival","Domestic","412,326"
"2019 May 28 06:24:45 AM","2019 Apr 01 12:00:00 AM","T2","Arrival","Domestic","233,240"
"2018 Apr 18 03:12:41 PM","2008 Aug 01 12:00:00 AM","T7","Arrival","Domestic","267,209"
"2018 Apr 18 03:12:41 PM","2013 Nov 01 12:00:00 AM","T6","Departure","International","64,063"
"2018 Apr 18 03:12:41 PM","2007 Oct 01 12:00:00 AM","T5","Arrival","International","25,984"
"2018 Apr 18 03:12:41 PM","2014 Mar 01 12:00:00 AM","T3","Departure","Domestic","314,595"
"2018 Apr 18 03:12:41 PM","2006 Nov 01 12:00:00 AM","T5","Arrival","Domestic","153,848"
"2018 Apr 18 03:12:41 PM","2006 Apr 01 12:00:00 AM","T3","Departure","International","66,570"
"2018 Apr 18 03:12:41 PM","2006 May 01 12:00:00 AM","Imperial Terminal","Departure","International","45"
"2018 Apr 18 03:12:41 PM","2016 Sep 01 12:00:00 AM","T4","Arrival","International","31,103"
"2018 Apr 18 03:12:41 PM","2013 Nov 01 12:00:00 AM","T3","Departure","Domestic","198,400"
"2018 Apr 18 03:12:41 PM","2006 Mar 01 12:00:00 AM","T3","Arrival","International","26,501"
"2018 Apr 18 03:12:41 PM","2011 Jun 01 12:00:00 AM","T5","Departure","Domestic","249,897"
"2021 Mar 03 10:48:12 AM","2021 Jan 01 12:00:00 AM","T6","Arrival","Domestic","57,069"
"2018 Apr 18 03:12:41 PM","2014 Aug 01 12:00:00 AM","T4","Arrival","Domestic","397,498"
"2018 Apr 18 03:12:41 PM","2013 Jul 01 12:00:00 AM","T7","Departure","Domestic","319,895"
"2018 Nov 10 06:01:27 AM","2018 Sep 01 12:00:00 AM","TBIT","Arrival","International","719,036"
"2018 Oct 29 10:20:51 AM","2017 Oct 01 12:00:00 AM","T2","Arrival","International","101,421"
"2018 Apr 18 03:12:41 PM","2006 Oct 01 12:00:00 AM","TBIT","Arrival","International","349,984"
"2018 Oct 29 10:20:51 AM","2018 Jan 01 12:00:00 AM","T2","Arrival","International","93,661"
"2018 Apr 18 03:12:41 PM","2015 May 01 12:00:00 AM","T7","Arrival","Domestic","266,972"
"2018 Apr 18 03:12:41 PM","2014 Apr 01 12:00:00 AM","T8","Arrival","Domestic","115,937"
"2018 Apr 18 03:12:41 PM","2011 Mar 01 12:00:00 AM","T6","Departure","Domestic","207,677"
"2018 Apr 18 03:12:41 PM","2010 May 01 12:00:00 AM","TBIT","Departure","Domestic","7,439"
"2018 Apr 18 03:12:41 PM","2009 Jul 01 12:00:00 AM","T6","Arrival","Domestic","269,706"
"2018 Apr 18 03:12:41 PM","2009 Oct 01 12:00:00 AM","T7","Departure","International","26,951"
"2018 Apr 18 03:12:41 PM","2011 Dec 01 12:00:00 AM","T5","Departure","International","27,009"
"2018 Apr 18 03:12:41 PM","2006 Jun 01 12:00:00 AM","TBIT","Arrival","International","413,444"
"2018 Apr 18 03:12:41 PM","2006 Apr 01 12:00:00 AM","T3","Departure","Domestic","137,904"
"2018 Apr 18 03:12:41 PM","2016 Oct 01 12:00:00 AM","T6","Arrival","International","12,231"
"2018 Apr 18 03:12:41 PM","2010 Nov 01 12:00:00 AM","T3","Arrival","Domestic","191,252"
"2018 Apr 18 03:12:41 PM","2016 Nov 01 12:00:00 AM","T1","Departure","Domestic","400,631"
"2018 Apr 18 03:12:41 PM","2015 Jun 01 12:00:00 AM","T8","Arrival","Domestic","208,591"
"2018 Aug 21 11:02:45 AM","2018 Jul 01 12:00:00 AM","T7","Arrival","International","93,777"
"2018 Apr 18 03:12:41 PM","2010 Jun 01 12:00:00 AM","T8","Arrival","International","3,765"
"2018 Apr 18 03:12:41 PM","2009 Oct 01 12:00:00 AM","T2","Arrival","Domestic","15,566"
"2018 Apr 18 03:12:41 PM","2008 Nov 01 12:00:00 AM","T8","Departure","Domestic","91,481"
"2018 Apr 18 03:12:41 PM","2006 Sep 01 12:00:00 AM","T2","Arrival","Domestic","95,225"
"2018 Apr 18 03:12:41 PM","2016 Apr 01 12:00:00 AM","T1","Arrival","Domestic","385,982"
"2020 Feb 10 06:01:27 AM","2020 Jan 01 12:00:00 AM","T1","Departure","Domestic","329,632"
"2018 Apr 18 03:12:41 PM","2007 Apr 01 12:00:00 AM","T5","Arrival","Domestic","168,675"
"2018 Apr 18 03:12:41 PM","2016 Jul 01 12:00:00 AM","TBIT","Departure","Domestic","53,141"
"2018 Apr 18 03:12:41 PM","2007 Feb 01 12:00:00 AM","Miscellaneous Terminal","Arrival","Domestic","315"
"2019 Jul 18 06:18:08 AM","2019 Jun 01 12:00:00 AM","T2","Arrival","International","79,980"
"2018 Apr 18 03:12:41 PM","2012 Jan 01 12:00:00 AM","T8","Arrival","International","1,863"
"2018 Apr 18 03:12:41 PM","2008 Mar 01 12:00:00 AM","T4","Departure","International","38,876"
"2018 Apr 18 03:12:41 PM","2014 Jul 01 12:00:00 AM","TBIT","Arrival","Domestic","16,111"
"2018 Apr 18 03:12:41 PM","2015 May 01 12:00:00 AM","TBIT","Arrival","Domestic","13,518"
"2018 Apr 18 03:12:41 PM","2006 Feb 01 12:00:00 AM","T6","Departure","Domestic","182,833"
"2018 Apr 18 03:12:41 PM","2016 Dec 01 12:00:00 AM","T8","Arrival","International","5,433"
"2021 Feb 10 06:01:18 AM","2021 Jan 01 12:00:00 AM","T6","Departure","International","24,831"
"2018 Apr 18 03:12:41 PM","2007 Jul 01 12:00:00 AM","T3","Arrival","Domestic","228,149"
"2018 Apr 18 03:12:41 PM","2006 Feb 01 12:00:00 AM","T6","Arrival","International","5,816"
"2018 Apr 18 03:12:41 PM","2017 Jul 01 12:00:00 AM","T5","Departure","Domestic","462,053"
"2020 Jun 29 07:20:39 AM","2020 May 01 12:00:00 AM","T4","Arrival","International","468"
"2018 Apr 18 03:12:41 PM","2006 Jul 01 12:00:00 AM","T7","Departure","Domestic","303,306"
"2018 Apr 18 03:12:41 PM","2008 May 01 12:00:00 AM","Miscellaneous Terminal","Departure","Domestic","76"
"2019 Dec 10 06:01:20 AM","2019 Oct 01 12:00:00 AM","T6","Arrival","Domestic","241,661"
"2018 Apr 18 03:12:41 PM","2007 Jun 01 12:00:00 AM","T2","Departure","Domestic","114,926"
"2018 Apr 18 03:12:41 PM","2012 Nov 01 12:00:00 AM","T5","Arrival","International","36,102"
"2018 Apr 18 03:12:41 PM","2016 Dec 01 12:00:00 AM","Miscellaneous Terminal","Arrival","International","3,685"
"2018 Apr 18 03:12:41 PM","2016 Nov 01 12:00:00 AM","T8","Arrival","Domestic","144,849"
"2018 Apr 18 03:12:41 PM","2008 Nov 01 12:00:00 AM","T7","Arrival","International","15,503"
"2018 Apr 18 03:12:41 PM","2012 Nov 01 12:00:00 AM","T7","Arrival","Domestic","191,845"
"2020 Jun 10 06:01:27 AM","2020 May 01 12:00:00 AM","T6","Arrival","International","235"
"2018 Oct 29 10:20:51 AM","2017 May 01 12:00:00 AM","TBIT","Arrival","International","677,137"
"2018 Apr 18 03:12:41 PM","2012 Feb 01 12:00:00 AM","T3","Arrival","Domestic","216,472"
"2018 Apr 18 03:12:41 PM","2018 Feb 01 12:00:00 AM","T6","Arrival","Domestic","230,682"
"2018 Apr 18 03:12:41 PM","2007 Sep 01 12:00:00 AM","T1","Departure","Domestic","373,368"
"2018 Apr 18 03:12:41 PM","2014 Jul 01 12:00:00 AM","T8","Arrival","International","2,737"
"2018 Apr 18 03:12:41 PM","2006 Feb 01 12:00:00 AM","TBIT","Arrival","Domestic","2,239"
"2019 Mar 10 06:01:32 AM","2019 Jan 01 12:00:00 AM","T7","Departure","Domestic","303,208"
"2018 Apr 18 03:12:41 PM","2010 Sep 01 12:00:00 AM","T2","Departure","International","195,687"
"2018 Apr 18 03:12:41 PM","2015 Dec 01 12:00:00 AM","Imperial Terminal","Arrival","Domestic","807"
"2020 Jun 29 07:20:39 AM","2020 May 01 12:00:00 AM","T5","Departure","Domestic","37,739"
"2018 Apr 18 03:12:41 PM","2006 Aug 01 12:00:00 AM","T1","Departure","Domestic","466,636"
"2018 Apr 18 03:12:41 PM","2008 Jun 01 12:00:00 AM","T5","Arrival","International","33,199"
"2018 Apr 18 03:12:41 PM","2010 Feb 01 12:00:00 AM","T7","Departure","Domestic","206,884"
"2018 Apr 18 03:12:41 PM","2013 May 01 12:00:00 AM","T8","Arrival","Domestic","119,773"
"2018 Apr 18 03:12:41 PM","2016 Aug 01 12:00:00 AM","Miscellaneous Terminal","Departure","Domestic","124,651"
"2018 Apr 18 03:12:41 PM","2013 Feb 01 12:00:00 AM","T8","Departure","Domestic","121,349"
"2018 Apr 18 03:12:41 PM","2016 Apr 01 12:00:00 AM","Miscellaneous Terminal","Departure","International","4,547"
"2019 Jan 30 07:34:09 AM","2018 Dec 01 12:00:00 AM","T8","Departure","Domestic","139,035"
"2018 Apr 18 03:12:41 PM","2015 Nov 01 12:00:00 AM","T8","Departure","Domestic","167,625"
"2018 Apr 18 03:12:41 PM","2011 Oct 01 12:00:00 AM","TBIT","Departure","Domestic","5,330"
"2018 Apr 18 03:12:41 PM","2016 Apr 01 12:00:00 AM","T5","Departure","Domestic","404,062"
"2018 Apr 18 03:12:41 PM","2010 Jul 01 12:00:00 AM","T6","Arrival","International","2,014"
"2018 Nov 25 11:40:39 AM","2018 Oct 01 12:00:00 AM","T2","Arrival","Domestic","202,491"
"2018 Apr 18 03:12:41 PM","2011 Mar 01 12:00:00 AM","T4","Departure","International","35,447"
"2018 Apr 18 03:12:41 PM","2007 May 01 12:00:00 AM","T1","Departure","International","321"
"2020 Jan 02 10:43:42 AM","2019 Nov 01 12:00:00 AM","TBIT","Departure","Domestic","31,359"
"2018 Apr 18 03:12:41 PM","2008 Sep 01 12:00:00 AM","T8","Departure","Domestic","97,485"
"2019 Apr 29 01:10:30 PM","2019 Mar 01 12:00:00 AM","T1","Departure","International","8,939"
"2018 Apr 18 03:12:41 PM","2012 Aug 01 12:00:00 AM","T2","Arrival","International","230,405"
"2018 Apr 18 03:12:41 PM","2014 May 01 12:00:00 AM","T2","Arrival","International","194,738"
"2018 Apr 18 03:12:41 PM","2009 Jul 01 12:00:00 AM","T6","Departure","Domestic","257,538"
"2020 Oct 27 08:53:01 AM","2020 Sep 01 12:00:00 AM","T7","Departure","Domestic","119,452"
"2018 Apr 18 03:12:41 PM","2013 Mar 01 12:00:00 AM","T2","Departure","International","170,885"
"2018 Oct 29 10:20:51 AM","2018 Sep 01 12:00:00 AM","T2","Arrival","Domestic","177,311"
"2018 Apr 18 03:12:41 PM","2017 Jan 01 12:00:00 AM","T6","Arrival","International","11,738"
"2020 Sep 28 04:07:45 PM","2020 Aug 01 12:00:00 AM","T7","Arrival","Domestic","108,467"
"2018 Apr 18 03:12:41 PM","2012 Aug 01 12:00:00 AM","Miscellaneous Terminal","Arrival","International","52"
"2018 Apr 18 03:12:41 PM","2006 Apr 01 12:00:00 AM","T6","Arrival","International","9,870"
"2018 Apr 18 03:12:41 PM","2018 Jan 01 12:00:00 AM","T8","Departure","International","6,687"
"2021 Apr 01 09:37:48 AM","2021 Feb 01 12:00:00 AM","T8","Departure","Domestic","25,309"
"2018 Apr 18 03:12:41 PM","2008 Jun 01 12:00:00 AM","TBIT","Arrival","International","418,139"
"2018 Apr 18 03:12:41 PM","2013 Sep 01 12:00:00 AM","T5","Departure","International","29,095"
"2020 Feb 28 08:21:30 AM","2020 Jan 01 12:00:00 AM","T4","Arrival","Domestic","385,778"
"2018 Apr 18 03:12:41 PM","2015 Jan 01 12:00:00 AM","Miscellaneous Terminal","Arrival","Domestic","85,173"
"2018 Jul 11 02:24:22 PM","2018 May 01 12:00:00 AM","T7","Departure","Domestic","347,309"
"2018 Apr 18 03:12:41 PM","2016 Feb 01 12:00:00 AM","T1","Departure","Domestic","312,601"
"2018 Apr 18 03:12:41 PM","2013 Apr 01 12:00:00 AM","T8","Arrival","International","3,085"
"2018 Apr 18 03:12:41 PM","2016 Jul 01 12:00:00 AM","TBIT","Arrival","International","706,918"
"2018 Apr 18 03:12:41 PM","2013 Apr 01 12:00:00 AM","T2","Departure","International","173,088"
"2018 Apr 18 03:12:41 PM","2013 May 01 12:00:00 AM","T1","Departure","Domestic","418,179"
"2018 Apr 18 03:12:41 PM","2016 Aug 01 12:00:00 AM","Miscellaneous Terminal","Departure","International","3,867"
"2018 Apr 18 03:12:41 PM","2015 Feb 01 12:00:00 AM","TBIT","Arrival","Domestic","9,519"
"2018 Apr 18 03:12:41 PM","2016 Mar 01 12:00:00 AM","T2","Arrival","International","179,218"
"2018 Apr 18 03:12:41 PM","2017 Mar 01 12:00:00 AM","T3","Departure","International","2,560"
"2018 Apr 18 03:12:41 PM","2011 Aug 01 12:00:00 AM","T1","Arrival","Domestic","405,608"
"2018 Apr 18 03:12:41 PM","2017 Nov 01 12:00:00 AM","T2","Arrival","Domestic","198,185"
"2018 Apr 18 03:12:41 PM","2010 Mar 01 12:00:00 AM","TBIT","Departure","Domestic","5,541"
"2019 May 28 06:24:45 AM","2019 Apr 01 12:00:00 AM","Miscellaneous Terminal","Departure","Domestic","116,561"
"2018 Apr 18 03:12:41 PM","2009 Feb 01 12:00:00 AM","Miscellaneous Terminal","Arrival","Domestic","24"
"2018 Oct 29 10:20:51 AM","2017 Dec 01 12:00:00 AM","T2","Arrival","International","87,238"
"2018 Apr 18 03:12:41 PM","2009 Jul 01 12:00:00 AM","T7","Arrival","Domestic","325,140"
"2018 Apr 18 03:12:41 PM","2007 Feb 01 12:00:00 AM","T8","Arrival","International","3,093"
"2018 Apr 18 03:12:41 PM","2008 Oct 01 12:00:00 AM","T6","Arrival","Domestic","253,986"
"2018 Apr 18 03:12:41 PM","2018 Feb 01 12:00:00 AM","Miscellaneous Terminal","Arrival","Domestic","106,303"
"2018 Apr 18 03:12:41 PM","2009 May 01 12:00:00 AM","T3","Departure","International","47,571"
"2021 Apr 01 09:37:48 AM","2021 Feb 01 12:00:00 AM","Miscellaneous Terminal","Departure","Domestic","2,202"
"2018 Apr 18 03:12:41 PM","2017 Apr 01 12:00:00 AM","TBIT","Arrival","Domestic","7,453"
"2018 Apr 18 03:12:41 PM","2015 Sep 01 12:00:00 AM","T2","Arrival","International","163,195"
"2018 Apr 18 03:12:41 PM","2008 May 01 12:00:00 AM","T7","Arrival","Domestic","244,525"
"2020 Sep 28 04:07:45 PM","2020 Aug 01 12:00:00 AM","T3","Departure","International","714"
"2018 Apr 18 03:12:41 PM","2018 Jan 01 12:00:00 AM","T4","Departure","International","68,399"
"2019 May 28 06:24:45 AM","2019 Apr 01 12:00:00 AM","TBIT","Departure","International","664,023"
"2018 Jul 11 02:24:22 PM","2018 Jun 01 12:00:00 AM","T6","Arrival","Domestic","275,701"
"2018 Apr 18 03:12:41 PM","2007 Nov 01 12:00:00 AM","T5","Departure","International","57,367"
"2018 Apr 18 03:12:41 PM","2006 Jun 01 12:00:00 AM","T7","Departure","Domestic","304,254"
"2018 Apr 18 03:12:41 PM","2012 Jun 01 12:00:00 AM","T2","Arrival","International","179,620"
"2018 Apr 18 03:12:41 PM","2015 Sep 01 12:00:00 AM","Miscellaneous Terminal","Departure","International","3,178"
"2018 Apr 18 03:12:41 PM","2007 Sep 01 12:00:00 AM","T3","Arrival","Domestic","162,856"
"2018 Apr 18 03:12:41 PM","2010 Jan 01 12:00:00 AM","T3","Departure","Domestic","146,288"
"2018 Apr 18 03:12:41 PM","2006 Nov 01 12:00:00 AM","TBIT","Arrival","Domestic","70"
"2018 Jul 11 02:24:22 PM","2018 May 01 12:00:00 AM","T3","Departure","International","30,225"
"2018 Apr 18 03:12:41 PM","2011 Jan 01 12:00:00 AM","T7","Departure","International","33,394"
"2019 Jul 18 06:18:08 AM","2019 Jun 01 12:00:00 AM","TBIT","Departure","International","792,025"
"2018 Apr 18 03:12:41 PM","2015 Nov 01 12:00:00 AM","Miscellaneous Terminal","Departure","International","3,728"
"2018 Apr 18 03:12:41 PM","2008 Jun 01 12:00:00 AM","TBIT","Departure","International","399,819"
"2018 Apr 18 03:12:41 PM","2013 Oct 01 12:00:00 AM","T8","Arrival","International","3,426"
"2018 Apr 18 03:12:41 PM","2015 Dec 01 12:00:00 AM","T5","Departure","Domestic","357,414"
"2018 Apr 18 03:12:41 PM","2008 Jul 01 12:00:00 AM","T3","Departure","International","52,106"
"2018 Apr 18 03:12:41 PM","2017 May 01 12:00:00 AM","T4","Arrival","International","59,093"
"2018 Apr 18 03:12:41 PM","2007 Apr 01 12:00:00 AM","Miscellaneous Terminal","Departure","Domestic","370"
"2018 Apr 18 03:12:41 PM","2014 Mar 01 12:00:00 AM","T3","Arrival","Domestic","304,348"
"2018 Apr 18 03:12:41 PM","2009 Apr 01 12:00:00 AM","T1","Departure","Domestic","387,229"
"2018 Apr 18 03:12:41 PM","2011 Sep 01 12:00:00 AM","Miscellaneous Terminal","Departure","International","6"
"2018 Dec 10 06:01:26 AM","2018 Oct 01 12:00:00 AM","Miscellaneous Terminal","Departure","Domestic","125,285"
"2018 Apr 18 03:12:41 PM","2013 Dec 01 12:00:00 AM","Miscellaneous Terminal","Departure","Domestic","78,329"
"2018 Apr 18 03:12:41 PM","2015 Jan 01 12:00:00 AM","Miscellaneous Terminal","Departure","Domestic","86,256"
"2021 Jan 10 06:01:37 AM","2020 Dec 01 12:00:00 AM","T6","Arrival","International","9,991"
"2018 Apr 18 03:12:41 PM","2014 Apr 01 12:00:00 AM","T4","Arrival","International","1,800"
"2018 Apr 18 03:12:41 PM","2007 Nov 01 12:00:00 AM","T5","Departure","Domestic","205,173"
"2018 Apr 18 03:12:41 PM","2006 Nov 01 12:00:00 AM","T4","Arrival","International","56,760"
"2020 Sep 28 04:07:45 PM","2020 Aug 01 12:00:00 AM","T5","Departure","Domestic","152,399"
"2018 Apr 18 03:12:41 PM","2012 Nov 01 12:00:00 AM","T5","Departure","International","19,562"
"2018 Apr 18 03:12:41 PM","2017 Jul 01 12:00:00 AM","T6","Departure","International","133,778"
"2018 Apr 18 03:12:41 PM","2007 Nov 01 12:00:00 AM","T7","Arrival","Domestic","242,446"
"2018 Apr 18 03:12:41 PM","2012 Feb 01 12:00:00 AM","T8","Departure","International","3,313"
"2018 Apr 18 03:12:41 PM","2014 May 01 12:00:00 AM","T5","Arrival","International","35,292"
"2018 Apr 18 03:12:41 PM","2007 Mar 01 12:00:00 AM","T7","Arrival","Domestic","276,708"
"2018 Apr 18 03:12:41 PM","2016 Jan 01 12:00:00 AM","T6","Departure","Domestic","284,320"
"2018 Apr 18 03:12:41 PM","2016 May 01 12:00:00 AM","TBIT","Departure","International","541,138"
"2018 Apr 18 03:12:41 PM","2014 Apr 01 12:00:00 AM","T4","Departure","International","41,599"
"2018 Apr 18 03:12:41 PM","2013 Dec 01 12:00:00 AM","T2","Arrival","International","198,327"
"2018 Oct 29 10:20:51 AM","2017 Jul 01 12:00:00 AM","T2","Arrival","International","131,689"
"2018 Apr 18 03:12:41 PM","2015 Jul 01 12:00:00 AM","T5","Arrival","International","85,793"
"2018 Apr 18 03:12:41 PM","2016 May 01 12:00:00 AM","T4","Arrival","Domestic","353,068"
"2018 Apr 18 03:12:41 PM","2017 Nov 01 12:00:00 AM","T3","Departure","International","20,212"
"2018 Apr 18 03:12:41 PM","2014 Feb 01 12:00:00 AM","T6","Arrival","Domestic","231,013"
"2018 Apr 18 03:12:41 PM","2015 Sep 01 12:00:00 AM","T5","Departure","Domestic","358,812"
"2018 Apr 18 03:12:41 PM","2018 Mar 01 12:00:00 AM","T4","Departure","Domestic","343,590"
"2018 Apr 18 03:12:41 PM","2012 Sep 01 12:00:00 AM","T6","Arrival","International","11,278"
"2018 Apr 18 03:12:41 PM","2012 Aug 01 12:00:00 AM","T6","Departure","Domestic","423,694"
"2018 Aug 21 11:02:45 AM","2018 Jul 01 12:00:00 AM","T3","Departure","Domestic","374,719"
"2018 Apr 18 03:12:41 PM","2011 Aug 01 12:00:00 AM","Miscellaneous Terminal","Arrival","International","12"
"2018 Apr 18 03:12:41 PM","2009 Sep 01 12:00:00 AM","T4","Departure","International","35,978"
"2020 Apr 08 09:58:08 AM","2020 Feb 01 12:00:00 AM","TBIT","Departure","International","490,115"
"2018 Apr 18 03:12:41 PM","2016 Feb 01 12:00:00 AM","T3","Departure","Domestic","268,720"
"2018 Apr 18 03:12:41 PM","2014 Apr 01 12:00:00 AM","T6","Departure","Domestic","271,751"
"2018 Apr 18 03:12:41 PM","2012 Nov 01 12:00:00 AM","T8","Arrival","Domestic","118,738"
"2019 Nov 10 06:01:31 AM","2019 Sep 01 12:00:00 AM","T2","Arrival","Domestic","251,774"
"2018 Apr 18 03:12:41 PM","2009 Dec 01 12:00:00 AM","T8","Arrival","International","4,928"
"2018 Apr 18 03:12:41 PM","2011 May 01 12:00:00 AM","Miscellaneous Terminal","Departure","Domestic","95"
"2019 Nov 10 06:01:31 AM","2019 Sep 01 12:00:00 AM","T4","Departure","International","69,891"
"2018 Apr 18 03:12:41 PM","2014 Jan 01 12:00:00 AM","T6","Arrival","International","13,090"
"2018 Apr 18 03:12:41 PM","2009 Oct 01 12:00:00 AM","T6","Departure","Domestic","191,052"
"2018 Apr 18 03:12:41 PM","2008 May 01 12:00:00 AM","T8","Departure","International","4,914"
"2018 Apr 18 03:12:41 PM","2008 Apr 01 12:00:00 AM","T4","Departure","Domestic","389,206"
"2019 Mar 10 06:01:32 AM","2019 Feb 01 12:00:00 AM","T7","Departure","International","33,012"
"2018 Apr 18 03:12:41 PM","2009 Mar 01 12:00:00 AM","TBIT","Departure","Domestic","4,391"
"2018 Apr 18 03:12:41 PM","2011 Feb 01 12:00:00 AM","T7","Arrival","International","20,557"
"2018 Apr 18 03:12:41 PM","2016 Oct 01 12:00:00 AM","T7","Departure","International","42,095"
"2018 Apr 18 03:12:41 PM","2012 Jan 01 12:00:00 AM","TBIT","Departure","Domestic","4,944"
"2018 Apr 18 03:12:41 PM","2016 Mar 01 12:00:00 AM","T6","Departure","International","57,752"
"2018 Apr 18 03:12:41 PM","2015 Mar 01 12:00:00 AM","T8","Departure","Domestic","166,965"
"2018 Apr 18 03:12:41 PM","2010 May 01 12:00:00 AM","T6","Arrival","International","10,178"
"2020 Dec 07 01:58:36 PM","2020 Sep 01 12:00:00 AM","Miscellaneous Terminal","Arrival","Domestic","569"
"2018 Apr 18 03:12:41 PM","2012 Jan 01 12:00:00 AM","T1","Departure","Domestic","336,297"
"2018 Apr 18 03:12:41 PM","2010 Oct 01 12:00:00 AM","T5","Arrival","Domestic","233,735"
"2018 Apr 18 03:12:41 PM","2017 Apr 01 12:00:00 AM","T2","Departure","Domestic","37,991"
"2018 Apr 18 03:12:41 PM","2006 Oct 01 12:00:00 AM","Imperial Terminal","Arrival","Domestic","266"
"2018 Apr 18 03:12:41 PM","2015 Jun 01 12:00:00 AM","T2","Arrival","International","190,897"
"2018 Apr 18 03:12:41 PM","2009 Oct 01 12:00:00 AM","T1","Arrival","Domestic","373,866"
"2018 Apr 18 03:12:41 PM","2011 Jan 01 12:00:00 AM","T3","Arrival","International","16,047"
"2018 Apr 18 03:12:41 PM","2011 Apr 01 12:00:00 AM","T2","Arrival","International","182,949"
"2018 Apr 18 03:12:41 PM","2006 Jun 01 12:00:00 AM","TBIT","Arrival","Domestic","2,824"
"2018 Apr 18 03:12:41 PM","2012 Oct 01 12:00:00 AM","T4","Departure","Domestic","420,512"
"2018 Apr 18 03:12:41 PM","2012 Apr 01 12:00:00 AM","T4","Arrival","International","14,194"
"2018 Apr 18 03:12:41 PM","2011 Jan 01 12:00:00 AM","T8","Arrival","International","3,626"
"2018 Apr 18 03:12:41 PM","2013 Jan 01 12:00:00 AM","Imperial Terminal","Departure","Domestic","156"
"2018 Apr 18 03:12:41 PM","2010 Aug 01 12:00:00 AM","T6","Departure","International","8,033"
"2020 Aug 27 07:15:54 AM","2020 Jul 01 12:00:00 AM","T8","Departure","Domestic","4,746"
"2018 Apr 18 03:12:41 PM","2012 Dec 01 12:00:00 AM","T7","Departure","Domestic","245,171"
"2018 Apr 18 03:12:41 PM","2009 Jan 01 12:00:00 AM","T4","Arrival","Domestic","341,683"
"2019 May 28 06:24:45 AM","2019 Apr 01 12:00:00 AM","TBIT","Arrival","Domestic","5,781"
"2018 Apr 18 03:12:41 PM","2006 Sep 01 12:00:00 AM","T1","Arrival","Domestic","382,011"
"2018 Apr 18 03:12:41 PM","2013 Aug 01 12:00:00 AM","T5","Departure","International","41,482"
"2018 Apr 18 03:12:41 PM","2016 Oct 01 12:00:00 AM","T4","Departure","Domestic","324,314"
"2018 Apr 18 03:12:41 PM","2007 Aug 01 12:00:00 AM","T2","Departure","Domestic","115,134"
"2018 Apr 18 03:12:41 PM","2010 Aug 01 12:00:00 AM","T4","Arrival","International","19,846"
"2018 Apr 18 03:12:41 PM","2016 Jun 01 12:00:00 AM","Miscellaneous Terminal","Departure","International","4,589"
"2020 Aug 10 06:01:25 AM","2020 Jul 01 12:00:00 AM","T3","Departure","Domestic","2,520"
"2018 Apr 18 03:12:41 PM","2012 Feb 01 12:00:00 AM","T6","Arrival","International","7,164"
"2018 Apr 18 03:12:41 PM","2008 Sep 01 12:00:00 AM","Miscellaneous Terminal","Arrival","International","3"
"2018 Apr 18 03:12:41 PM","2006 Sep 01 12:00:00 AM","Miscellaneous Terminal","Arrival","Domestic","209"
"2018 Apr 18 03:12:41 PM","2015 Jul 01 12:00:00 AM","T6","Arrival","Domestic","377,939"
"2018 Jul 11 02:24:22 PM","2018 May 01 12:00:00 AM","T6","Arrival","International","65,162"
"2018 Apr 18 03:12:41 PM","2013 Aug 01 12:00:00 AM","TBIT","Arrival","Domestic","8,259"
"2018 Apr 18 03:12:41 PM","2017 Sep 01 12:00:00 AM","T8","Departure","International","7,064"
"2018 Apr 18 03:12:41 PM","2017 Dec 01 12:00:00 AM","T6","Departure","International","113,122"
"2018 Apr 18 03:12:41 PM","2012 Jun 01 12:00:00 AM","TBIT","Arrival","Domestic","7,568"
"2018 Sep 26 09:27:08 AM","2018 Aug 01 12:00:00 AM","Miscellaneous Terminal","Arrival","Domestic","121,990"
"2018 Apr 18 03:12:41 PM","2015 Apr 01 12:00:00 AM","Miscellaneous Terminal","Arrival","International","5,236"
"2018 Apr 18 03:12:41 PM","2009 May 01 12:00:00 AM","T8","Departure","International","5,213"
"2018 Apr 18 03:12:41 PM","2013 Dec 01 12:00:00 AM","T4","Arrival","Domestic","385,024"
"2018 Apr 18 03:12:41 PM","2010 Nov 01 12:00:00 AM","TBIT","Departure","Domestic","3,327"
"2019 Jan 30 07:34:09 AM","2018 Dec 01 12:00:00 AM","T4","Departure","Domestic","362,205"
"2018 Apr 18 03:12:41 PM","2011 Nov 01 12:00:00 AM","T7","Arrival","Domestic","197,119"
"2018 Apr 18 03:12:41 PM","2016 Feb 01 12:00:00 AM","TBIT","Arrival","Domestic","31,788"
"2018 Apr 18 03:12:41 PM","2010 Apr 01 12:00:00 AM","T2","Arrival","Domestic","15,151"
"2018 Apr 18 03:12:41 PM","2015 Sep 01 12:00:00 AM","Miscellaneous Terminal","Departure","Domestic","83,999"
"2019 Apr 10 06:01:25 AM","2019 Mar 01 12:00:00 AM","T8","Departure","Domestic","141,931"
"2019 Jan 30 07:34:09 AM","2018 Dec 01 12:00:00 AM","T4","Arrival","International","56,770"
"2018 Apr 18 03:12:41 PM","2012 Sep 01 12:00:00 AM","T3","Departure","International","20,119"
"2018 Apr 18 03:12:41 PM","2018 Mar 01 12:00:00 AM","T6","Arrival","Domestic","260,463"
"2018 Apr 18 03:12:41 PM","2010 Jan 01 12:00:00 AM","TBIT","Arrival","International","436,044"
"2018 Apr 18 03:12:41 PM","2010 Feb 01 12:00:00 AM","T2","Arrival","International","135,455"
"2018 Apr 18 03:12:41 PM","2008 Mar 01 12:00:00 AM","T3","Arrival","Domestic","169,336"
"2020 Feb 28 08:21:30 AM","2020 Jan 01 12:00:00 AM","T8","Arrival","International","2,213"
"2018 Apr 18 03:12:41 PM","2006 Jun 01 12:00:00 AM","T6","Arrival","Domestic","232,429"
"2018 Apr 18 03:12:41 PM","2008 Sep 01 12:00:00 AM","T4","Arrival","International","54,113"
"2018 Apr 18 03:12:41 PM","2010 Jul 01 12:00:00 AM","TBIT","Departure","Domestic","4,397"
"2018 Apr 18 03:12:41 PM","2006 Dec 01 12:00:00 AM","Imperial Terminal","Arrival","Domestic","233"
"2018 Apr 18 03:12:41 PM","2007 Nov 01 12:00:00 AM","T8","Departure","Domestic","107,009"
"2018 Apr 18 03:12:41 PM","2016 Jun 01 12:00:00 AM","T4","Arrival","International","32,657"
"2018 Apr 18 03:12:41 PM","2015 Dec 01 12:00:00 AM","Miscellaneous Terminal","Departure","International","3,444"
"2018 Apr 18 03:12:41 PM","2006 Jan 01 12:00:00 AM","T3","Departure","International","60,948"
"2018 Apr 18 03:12:41 PM","2009 May 01 12:00:00 AM","T6","Departure","International","4,343"
"2018 Apr 18 03:12:41 PM","2010 Oct 01 12:00:00 AM","T3","Arrival","International","17,644"
"2019 Aug 23 03:41:00 PM","2019 Jul 01 12:00:00 AM","T1","Arrival","Domestic","414,473"
"2018 Apr 18 03:12:41 PM","2008 Aug 01 12:00:00 AM","TBIT","Arrival","International","483,348"
"2018 Apr 18 03:12:41 PM","2016 Jan 01 12:00:00 AM","T1","Departure","Domestic","337,777"
"2018 Apr 18 03:12:41 PM","2011 Jan 01 12:00:00 AM","T6","Departure","Domestic","193,921"
"2018 Aug 10 06:01:24 AM","2018 Jul 01 12:00:00 AM","T8","Arrival","International","8,740"
"2018 Apr 18 03:12:41 PM","2006 Jul 01 12:00:00 AM","T1","Arrival","Domestic","469,516"
"2018 Apr 18 03:12:41 PM","2015 Aug 01 12:00:00 AM","T6","Departure","International","44,118"
"2018 Apr 18 03:12:41 PM","2013 Sep 01 12:00:00 AM","T6","Departure","International","61,400"
"2018 Apr 18 03:12:41 PM","2009 Oct 01 12:00:00 AM","T1","Departure","Domestic","371,395"
"2018 Apr 18 03:12:41 PM","2016 Feb 01 12:00:00 AM","T6","Arrival","Domestic","281,221"
"2018 Apr 18 03:12:41 PM","2007 Nov 01 12:00:00 AM","T4","Departure","International","41,566"
"2020 Mar 10 06:01:27 AM","2020 Feb 01 12:00:00 AM","T1","Arrival","Domestic","307,015"
"2018 Apr 18 03:12:41 PM","2014 Jul 01 12:00:00 AM","T3","Arrival","Domestic","385,828"
"2018 Apr 18 03:12:41 PM","2015 Sep 01 12:00:00 AM","T2","Departure","Domestic","39,057"
"2018 Apr 18 03:12:41 PM","2006 Jan 01 12:00:00 AM","T5","Departure","Domestic","128,138"
"2018 Apr 18 03:12:41 PM","2014 Nov 01 12:00:00 AM","T6","Departure","International","56,134"
"2018 Apr 18 03:12:41 PM","2015 Oct 01 12:00:00 AM","T1","Departure","Domestic","353,683"
"2018 Apr 18 03:12:41 PM","2011 Oct 01 12:00:00 AM","T7","Arrival","International","29,663"
"2019 Sep 10 06:01:34 AM","2019 Aug 01 12:00:00 AM","T1","Arrival","Domestic","394,225"
"2018 Apr 18 03:12:41 PM","2011 Apr 01 12:00:00 AM","T2","Departure","International","186,305"
"2018 Apr 18 03:12:41 PM","2010 Feb 01 12:00:00 AM","T7","Arrival","Domestic","196,771"
"2018 Apr 18 03:12:41 PM","2014 Sep 01 12:00:00 AM","T3","Departure","International","2,253"
"2018 Apr 18 03:12:41 PM","2018 Mar 01 12:00:00 AM","T7","Departure","International","48,722"
"2018 Apr 18 03:12:41 PM","2017 Apr 01 12:00:00 AM","Miscellaneous Terminal","Departure","Domestic","113,022"
"2018 Apr 18 03:12:41 PM","2009 Dec 01 12:00:00 AM","T8","Arrival","Domestic","142,259"
"2018 Apr 18 03:12:41 PM","2016 Jan 01 12:00:00 AM","T7","Arrival","International","74,655"
"2018 Apr 18 03:12:41 PM","2008 Jan 01 12:00:00 AM","T7","Departure","International","47,921"
"2018 Apr 18 03:12:41 PM","2014 Dec 01 12:00:00 AM","T3","Departure","Domestic","234,102"
"2018 Apr 18 03:12:41 PM","2014 Mar 01 12:00:00 AM","T5","Departure","Domestic","357,616"
"2018 Apr 18 03:12:41 PM","2006 Jul 01 12:00:00 AM","T2","Arrival","International","191,247"
"2018 Apr 18 03:12:41 PM","2016 Mar 01 12:00:00 AM","Miscellaneous Terminal","Arrival","Domestic","93,798"
"2020 Oct 27 08:53:01 AM","2020 Sep 01 12:00:00 AM","T5","Arrival","Domestic","130,950"
"2018 Apr 18 03:12:41 PM","2015 Dec 01 12:00:00 AM","TBIT","Departure","Domestic","8,467"
"2018 Apr 18 03:12:41 PM","2011 Nov 01 12:00:00 AM","T6","Departure","Domestic","226,705"
"2018 Apr 18 03:12:41 PM","2016 Oct 01 12:00:00 AM","Miscellaneous Terminal","Arrival","International","2,101"
"2018 Apr 18 03:12:41 PM","2007 Apr 01 12:00:00 AM","Miscellaneous Terminal","Arrival","International","6"
"2020 Jan 02 10:43:42 AM","2019 Nov 01 12:00:00 AM","T8","Arrival","Domestic","130,229"
"2018 Apr 18 03:12:41 PM","2015 Jun 01 12:00:00 AM","Miscellaneous Terminal","Departure","Domestic","100,647"
"2018 Apr 18 03:12:41 PM","2012 Apr 01 12:00:00 AM","T4","Arrival","Domestic","436,464"
"2018 Jul 11 02:24:22 PM","2018 May 01 12:00:00 AM","Miscellaneous Terminal","Arrival","International","6,184"
"2020 Apr 08 09:58:08 AM","2020 Feb 01 12:00:00 AM","T3","Arrival","Domestic","258,654"
"2018 Apr 18 03:12:41 PM","2010 Sep 01 12:00:00 AM","T2","Departure","Domestic","19,860"
"2018 Apr 18 03:12:41 PM","2012 May 01 12:00:00 AM","T3","Departure","Domestic","177,153"
"2018 Jul 11 02:24:22 PM","2018 Jun 01 12:00:00 AM","T8","Departure","Domestic","182,939"
"2018 Apr 18 03:12:41 PM","2013 Jan 01 12:00:00 AM","T4","Arrival","Domestic","366,058"
"2018 Oct 29 10:20:51 AM","2017 Nov 01 12:00:00 AM","TBIT","Arrival","International","661,932"
"2019 Apr 29 01:10:30 PM","2019 Mar 01 12:00:00 AM","TBIT","Arrival","Domestic","5,066"
"2018 Apr 18 03:12:41 PM","2008 Jul 01 12:00:00 AM","T4","Arrival","International","83,465"
"2018 Apr 18 03:12:41 PM","2008 Oct 01 12:00:00 AM","TBIT","Arrival","International","381,995"
"2018 Apr 18 03:12:41 PM","2017 May 01 12:00:00 AM","T8","Arrival","International","4,249"
"2018 Apr 18 03:12:41 PM","2014 Apr 01 12:00:00 AM","Miscellaneous Terminal","Departure","Domestic","72,746"
"2019 Apr 29 01:10:30 PM","2019 Mar 01 12:00:00 AM","T6","Arrival","Domestic","238,396"
"2020 Jan 02 10:43:42 AM","2019 Nov 01 12:00:00 AM","T3","Arrival","Domestic","263,101"
"2018 Apr 18 03:12:41 PM","2014 Feb 01 12:00:00 AM","T2","Arrival","International","166,768"
"2018 Apr 18 03:12:41 PM","2013 Sep 01 12:00:00 AM","Imperial Terminal","Departure","Domestic","87"
"2018 Apr 18 03:12:41 PM","2017 Oct 01 12:00:00 AM","T2","Departure","Domestic","252,630"
"2018 Apr 18 03:12:41 PM","2011 Feb 01 12:00:00 AM","T3","Arrival","International","17,275"
"2018 Apr 18 03:12:41 PM","2006 Jan 01 12:00:00 AM","T6","Departure","International","5,567"
"2020 Jan 22 06:57:11 AM","2019 Dec 01 12:00:00 AM","Miscellaneous Terminal","Departure","Domestic","119,353"
"2021 Jan 10 06:01:37 AM","2020 Nov 01 12:00:00 AM","TBIT","Arrival","Domestic","515"
"2018 Apr 18 03:12:41 PM","2013 Mar 01 12:00:00 AM","T2","Arrival","International","172,925"
"2018 Apr 18 03:12:41 PM","2009 Jun 01 12:00:00 AM","TBIT","Departure","Domestic","6,470"
"2018 Apr 18 03:12:41 PM","2010 Jan 01 12:00:00 AM","T1","Arrival","Domestic","335,141"
"2018 Apr 18 03:12:41 PM","2018 Feb 01 12:00:00 AM","T7","Departure","Domestic","294,087"
"2018 Apr 18 03:12:41 PM","2016 Apr 01 12:00:00 AM","T2","Departure","International","163,856"
"2019 Nov 10 06:01:31 AM","2019 Sep 01 12:00:00 AM","T4","Departure","Domestic","329,840"
"2018 Apr 18 03:12:41 PM","2012 Jan 01 12:00:00 AM","Imperial Terminal","Departure","International","0"
"2018 Apr 18 03:12:41 PM","2008 Dec 01 12:00:00 AM","T3","Arrival","Domestic","150,150"
"2018 Apr 18 03:12:41 PM","2014 Aug 01 12:00:00 AM","TBIT","Arrival","Domestic","14,256"
"2018 Apr 18 03:12:41 PM","2007 Aug 01 12:00:00 AM","T6","Arrival","International","1,347"
"2018 Apr 18 03:12:41 PM","2012 Oct 01 12:00:00 AM","T8","Departure","Domestic","127,619"
"2018 Apr 18 03:12:41 PM","2011 Apr 01 12:00:00 AM","T4","Arrival","International","17,554"
"2018 Apr 18 03:12:41 PM","2009 May 01 12:00:00 AM","T4","Arrival","International","33,174"
"2018 Apr 18 03:12:41 PM","2014 Jul 01 12:00:00 AM","T3","Departure","International","2,969"
"2018 Aug 21 11:02:45 AM","2018 Jul 01 12:00:00 AM","T8","Departure","Domestic","184,786"
"2018 Apr 18 03:12:41 PM","2014 Jan 01 12:00:00 AM","T8","Arrival","Domestic","108,836"
"2018 Apr 18 03:12:41 PM","2006 Sep 01 12:00:00 AM","T1","Departure","International","114"
"2018 Apr 18 03:12:41 PM","2007 Jan 01 12:00:00 AM","T4","Departure","International","45,294"
"2018 Apr 18 03:12:41 PM","2009 Jan 01 12:00:00 AM","T8","Arrival","International","4,066"
"2018 Apr 18 03:12:41 PM","2008 Dec 01 12:00:00 AM","TBIT","Arrival","International","391,091"
"2018 Apr 18 03:12:41 PM","2012 Sep 01 12:00:00 AM","T5","Departure","International","18,979"
"2018 Sep 26 09:27:08 AM","2018 Aug 01 12:00:00 AM","T4","Departure","Domestic","364,655"
"2019 Apr 10 06:01:25 AM","2019 Mar 01 12:00:00 AM","T7","Departure","Domestic","367,998"
"2018 Oct 29 10:20:51 AM","2018 Sep 01 12:00:00 AM","T6","Arrival","International","76,992"
"2018 Apr 18 03:12:41 PM","2013 Jul 01 12:00:00 AM","T2","Arrival","International","257,753"
"2018 Apr 18 03:12:41 PM","2017 Nov 01 12:00:00 AM","T8","Departure","Domestic","126,543"
"2018 Apr 18 03:12:41 PM","2009 Aug 01 12:00:00 AM","T6","Arrival","Domestic","261,450"
"2018 Apr 18 03:12:41 PM","2017 May 01 12:00:00 AM","T2","Arrival","Domestic","132,561"
"2018 Apr 18 03:12:41 PM","2017 Aug 01 12:00:00 AM","T2","Departure","Domestic","299,602"
"2018 Apr 18 03:12:41 PM","2016 Nov 01 12:00:00 AM","T2","Departure","International","196,856"
"2018 Apr 18 03:12:41 PM","2007 Apr 01 12:00:00 AM","T4","Departure","International","46,986"
"2018 Apr 18 03:12:41 PM","2006 Jun 01 12:00:00 AM","T7","Arrival","Domestic","296,558"
"2018 Apr 18 03:12:41 PM","2006 Sep 01 12:00:00 AM","T7","Departure","Domestic","240,262"
"2018 Apr 18 03:12:41 PM","2014 May 01 12:00:00 AM","TBIT","Arrival","Domestic","7,162"
"2018 Apr 18 03:12:41 PM","2012 Jun 01 12:00:00 AM","T7","Arrival","Domestic","149,056"
"2018 Apr 18 03:12:41 PM","2008 May 01 12:00:00 AM","T8","Arrival","Domestic","112,646"
"2018 Apr 18 03:12:41 PM","2007 Feb 01 12:00:00 AM","T4","Arrival","International","51,318"
"2018 Apr 18 03:12:41 PM","2013 Apr 01 12:00:00 AM","T2","Arrival","International","174,074"
"2018 Apr 18 03:12:41 PM","2016 Feb 01 12:00:00 AM","T8","Arrival","Domestic","146,226"
"2018 Apr 18 03:12:41 PM","2007 Jun 01 12:00:00 AM","T7","Arrival","Domestic","261,849"
"2018 Apr 18 03:12:41 PM","2017 Mar 01 12:00:00 AM","T6","Departure","Domestic","332,284"
"2018 Apr 18 03:12:41 PM","2016 Jul 01 12:00:00 AM","T5","Arrival","International","78,781"
"2018 Apr 18 03:12:41 PM","2016 Jul 01 12:00:00 AM","T5","Departure","Domestic","478,348"
"2018 Apr 18 03:12:41 PM","2014 May 01 12:00:00 AM","Miscellaneous Terminal","Departure","Domestic","75,856"
"2020 Apr 08 09:58:08 AM","2020 Feb 01 12:00:00 AM","T7","Departure","International","24,943"
"2018 Apr 18 03:12:41 PM","2011 Aug 01 12:00:00 AM","T2","Arrival","Domestic","28,170"
"2018 Apr 18 03:12:41 PM","2006 Feb 01 12:00:00 AM","Imperial Terminal","Arrival","Domestic","200"
"2018 Apr 18 03:12:41 PM","2011 Jul 01 12:00:00 AM","T2","Departure","Domestic","30,442"
"2018 Apr 18 03:12:41 PM","2007 Feb 01 12:00:00 AM","T4","Arrival","Domestic","355,011"
"2019 Sep 10 06:01:34 AM","2019 Aug 01 12:00:00 AM","T8","Departure","International","9,461"
"2018 Apr 18 03:12:41 PM","2006 Nov 01 12:00:00 AM","T1","Departure","Domestic","410,856"
"2018 Apr 18 03:12:41 PM","2016 May 01 12:00:00 AM","T8","Departure","Domestic","172,912"
"2018 Apr 18 03:12:41 PM","2012 Sep 01 12:00:00 AM","Miscellaneous Terminal","Departure","Domestic","148"
"2018 Apr 18 03:12:41 PM","2006 Apr 01 12:00:00 AM","T7","Arrival","Domestic","269,491"
"2019 Aug 23 03:41:00 PM","2019 Jul 01 12:00:00 AM","T7","Arrival","Domestic","387,166"
"2020 Jan 02 10:43:42 AM","2019 Nov 01 12:00:00 AM","T5","Departure","International","399"
"2018 Apr 18 03:12:41 PM","2016 Sep 01 12:00:00 AM","TBIT","Arrival","International","608,414"
"2018 Apr 18 03:12:41 PM","2017 Sep 01 12:00:00 AM","T8","Departure","Domestic","127,046"
"2018 Apr 18 03:12:41 PM","2015 Apr 01 12:00:00 AM","TBIT","Departure","International","421,926"
"2018 Aug 10 06:01:24 AM","2018 Jun 01 12:00:00 AM","Miscellaneous Terminal","Departure","International","6,701"
"2018 Apr 18 03:12:41 PM","2011 Aug 01 12:00:00 AM","T5","Departure","International","31,608"
"2018 Apr 18 03:12:41 PM","2009 Jan 01 12:00:00 AM","T7","Arrival","International","20,459"
"2018 Apr 18 03:12:41 PM","2016 Oct 01 12:00:00 AM","T5","Arrival","International","59,011"
"2018 Sep 26 09:27:08 AM","2018 Aug 01 12:00:00 AM","T7","Arrival","International","83,477"
"2018 Apr 18 03:12:41 PM","2014 Apr 01 12:00:00 AM","T5","Departure","International","30,590"
"2018 Apr 18 03:12:41 PM","2006 Jul 01 12:00:00 AM","T4","Departure","International","55,251"
"2018 Apr 18 03:12:41 PM","2009 Sep 01 12:00:00 AM","T7","Departure","Domestic","243,362"
"2019 Nov 10 06:01:31 AM","2019 Sep 01 12:00:00 AM","TBIT","Arrival","International","754,708"
"2018 Aug 10 06:01:24 AM","2018 Jun 01 12:00:00 AM","TBIT","Departure","International","798,427"
"2018 Apr 18 03:12:41 PM","2009 May 01 12:00:00 AM","T7","Departure","International","24,643"
"2018 Apr 18 03:12:41 PM","2006 Apr 01 12:00:00 AM","T2","Departure","Domestic","103,348"
"2020 Jan 02 10:43:42 AM","2019 Nov 01 12:00:00 AM","T5","Arrival","International","329"
"2018 Apr 18 03:12:41 PM","2013 Nov 01 12:00:00 AM","T1","Departure","Domestic","385,177"
"2018 Apr 18 03:12:41 PM","2013 Jun 01 12:00:00 AM","T8","Departure","Domestic","131,149"
"2018 Apr 18 03:12:41 PM","2008 Apr 01 12:00:00 AM","T8","Departure","International","4,765"
"2018 Apr 18 03:12:41 PM","2006 Dec 01 12:00:00 AM","T2","Departure","Domestic","102,761"
"2020 Feb 28 08:21:30 AM","2020 Jan 01 12:00:00 AM","T2","Departure","Domestic","244,857"
"2019 Mar 01 11:09:59 AM","2019 Jan 01 12:00:00 AM","Miscellaneous Terminal","Departure","International","5,946"
"2018 Apr 18 03:12:41 PM","2014 Aug 01 12:00:00 AM","T2","Arrival","International","237,639"
"2018 Apr 18 03:12:41 PM","2013 Mar 01 12:00:00 AM","T8","Departure","Domestic","107,813"
"2018 Apr 18 03:12:41 PM","2007 Mar 01 12:00:00 AM","T4","Departure","Domestic","428,781"
"2018 Apr 18 03:12:41 PM","2016 Oct 01 12:00:00 AM","TBIT","Departure","Domestic","40,749"
"2018 Apr 18 03:12:41 PM","2011 Jul 01 12:00:00 AM","T3","Departure","Domestic","283,971"
"2018 Apr 18 03:12:41 PM","2010 Mar 01 12:00:00 AM","T5","Departure","Domestic","250,103"
"2018 Apr 18 03:12:41 PM","2012 Mar 01 12:00:00 AM","Miscellaneous Terminal","Arrival","Domestic","122"
"2018 Apr 18 03:12:41 PM","2013 Jan 01 12:00:00 AM","T6","Departure","International","74,697"
"2018 Apr 18 03:12:41 PM","2009 Jun 01 12:00:00 AM","T5","Arrival","International","8,585"
"2018 Apr 18 03:12:41 PM","2013 Mar 01 12:00:00 AM","T5","Arrival","International","41,176"
"2019 Mar 01 11:09:59 AM","2019 Jan 01 12:00:00 AM","T2","Departure","International","76,902"
"2018 Apr 18 03:12:41 PM","2008 Apr 01 12:00:00 AM","T3","Departure","International","55,440"
"2019 Mar 14 06:45:08 AM","2019 Feb 01 12:00:00 AM","T7","Arrival","Domestic","276,340"
"2018 Apr 18 03:12:41 PM","2008 Nov 01 12:00:00 AM","TBIT","Arrival","Domestic","4,960"
"2018 Apr 18 03:12:41 PM","2010 May 01 12:00:00 AM","T6","Arrival","Domestic","259,682"
"2018 Apr 18 03:12:41 PM","2009 Aug 01 12:00:00 AM","T6","Departure","Domestic","252,676"
"2018 Apr 18 03:12:41 PM","2011 Jul 01 12:00:00 AM","T7","Departure","International","37,971"
"2019 Jul 18 06:18:08 AM","2019 Jun 01 12:00:00 AM","TBIT","Arrival","International","794,453"
"2018 Apr 18 03:12:41 PM","2012 Dec 01 12:00:00 AM","T5","Arrival","Domestic","243,040"
"2018 Apr 18 03:12:41 PM","2006 Nov 01 12:00:00 AM","T2","Departure","Domestic","100,021"
"2018 Apr 18 03:12:41 PM","2010 Oct 01 12:00:00 AM","T7","Departure","International","29,765"
"2018 Apr 18 03:12:41 PM","2013 Dec 01 12:00:00 AM","T2","Departure","Domestic","35,363"
"2018 Apr 18 03:12:41 PM","2009 Dec 01 12:00:00 AM","T8","Departure","Domestic","143,385"
"2018 Apr 18 03:12:41 PM","2017 Aug 01 12:00:00 AM","T7","Arrival","Domestic","324,337"
"2018 Apr 18 03:12:41 PM","2008 Apr 01 12:00:00 AM","T4","Arrival","Domestic","390,745"
"2018 Apr 18 03:12:41 PM","2010 Sep 01 12:00:00 AM","T8","Departure","Domestic","138,004"
"2018 Apr 18 03:12:41 PM","2010 Oct 01 12:00:00 AM","T8","Arrival","International","3,359"
"2018 Apr 18 03:12:41 PM","2017 Oct 01 12:00:00 AM","T3","Departure","International","22,696"
"2018 Apr 18 03:12:41 PM","2017 Jun 01 12:00:00 AM","T6","Departure","International","124,358"
"2018 Apr 18 03:12:41 PM","2010 Dec 01 12:00:00 AM","T8","Departure","International","7,825"
"2018 Apr 18 03:12:41 PM","2016 Jan 01 12:00:00 AM","Miscellaneous Terminal","Arrival","Domestic","93,457"
"2018 Apr 18 03:12:41 PM","2011 May 01 12:00:00 AM","T6","Arrival","International","42,343"
"2018 Apr 18 03:12:41 PM","2009 Jan 01 12:00:00 AM","T3","Departure","International","46,668"
"2018 Apr 18 03:12:41 PM","2006 Nov 01 12:00:00 AM","T6","Arrival","International","1,663"
"2018 Apr 18 03:12:41 PM","2013 Feb 01 12:00:00 AM","T7","Departure","International","40,194"
"2018 Apr 18 03:12:41 PM","2014 Mar 01 12:00:00 AM","Miscellaneous Terminal","Arrival","International","79"
"2018 Apr 18 03:12:41 PM","2011 Jun 01 12:00:00 AM","T2","Departure","International","207,963"
"2018 Apr 18 03:12:41 PM","2012 Apr 01 12:00:00 AM","T8","Departure","International","7,282"
"2018 Apr 18 03:12:41 PM","2013 Jul 01 12:00:00 AM","TBIT","Departure","International","376,067"
"2020 Jan 02 10:43:42 AM","2019 Nov 01 12:00:00 AM","T4","Departure","Domestic","354,229"
"2018 Apr 18 03:12:41 PM","2013 Nov 01 12:00:00 AM","T7","Arrival","Domestic","220,161"
"2019 Nov 10 06:01:31 AM","2019 Sep 01 12:00:00 AM","Miscellaneous Terminal","Departure","Domestic","107,117"
"2018 Apr 18 03:12:41 PM","2010 Jun 01 12:00:00 AM","T4","Departure","International","44,911"
"2018 Apr 18 03:12:41 PM","2013 Sep 01 12:00:00 AM","Miscellaneous Terminal","Arrival","Domestic","75,455"
"2018 Apr 18 03:12:41 PM","2015 Feb 01 12:00:00 AM","T6","Arrival","International","517"
"2020 Aug 27 07:15:54 AM","2020 Jul 01 12:00:00 AM","T4","Departure","International","7,520"
"2021 Jan 10 06:01:37 AM","2020 Dec 01 12:00:00 AM","T2","Arrival","Domestic","187,406"
"2018 Apr 18 03:12:41 PM","2006 Dec 01 12:00:00 AM","T4","Arrival","Domestic","414,895"
"2018 Apr 18 03:12:41 PM","2010 Jan 01 12:00:00 AM","T4","Departure","Domestic","341,028"
"2018 Apr 18 03:12:41 PM","2006 Feb 01 12:00:00 AM","T2","Departure","Domestic","87,518"
"2018 Apr 18 03:12:41 PM","2007 May 01 12:00:00 AM","T5","Departure","Domestic","162,790"
"2018 Apr 18 03:12:41 PM","2009 Oct 01 12:00:00 AM","T7","Arrival","Domestic","242,040"
"2020 Aug 03 07:35:04 AM","2020 Jun 01 12:00:00 AM","T5","Arrival","Domestic","75,591"
"2018 Apr 18 03:12:41 PM","2010 Sep 01 12:00:00 AM","T6","Departure","International","6,152"
"2018 Oct 29 10:20:51 AM","2017 Jul 01 12:00:00 AM","TBIT","Arrival","International","882,959"
"2018 Apr 18 03:12:41 PM","2008 Sep 01 12:00:00 AM","T8","Arrival","International","4,611"
"2018 Apr 18 03:12:41 PM","2014 Dec 01 12:00:00 AM","T5","Departure","International","69,195"
"2018 Apr 18 03:12:41 PM","2018 Feb 01 12:00:00 AM","T1","Departure","Domestic","344,725"
"2019 Mar 14 06:45:08 AM","2019 Feb 01 12:00:00 AM","TBIT","Arrival","Domestic","19,990"
"2018 Apr 18 03:12:41 PM","2012 Jun 01 12:00:00 AM","T5","Arrival","Domestic","259,552"
"2018 Apr 18 03:12:41 PM","2012 Dec 01 12:00:00 AM","T7","Departure","International","47,842"
"2018 Apr 18 03:12:41 PM","2017 Oct 01 12:00:00 AM","T6","Departure","Domestic","263,307"
"2018 Apr 18 03:12:41 PM","2010 Apr 01 12:00:00 AM","T4","Departure","Domestic","381,780"
"2018 Apr 18 03:12:41 PM","2011 Nov 01 12:00:00 AM","T6","Arrival","International","6,803"
"2020 Apr 08 09:58:08 AM","2020 Mar 01 12:00:00 AM","T1","Departure","International","282"
"2018 Apr 18 03:12:41 PM","2013 Oct 01 12:00:00 AM","T7","Departure","Domestic","252,118"
"2020 Apr 08 09:58:08 AM","2020 Feb 01 12:00:00 AM","Miscellaneous Terminal","Departure","Domestic","100,596"
"2018 Apr 18 03:12:41 PM","2016 Aug 01 12:00:00 AM","TBIT","Departure","International","613,068"
"2018 Apr 18 03:12:41 PM","2014 Oct 01 12:00:00 AM","T7","Departure","International","34,726"
"2018 Apr 18 03:12:41 PM","2018 Jan 01 12:00:00 AM","T7","Arrival","Domestic","314,613"
"2018 Apr 18 03:12:41 PM","2015 Jun 01 12:00:00 AM","TBIT","Arrival","Domestic","13,748"
"2018 Apr 18 03:12:41 PM","2017 Mar 01 12:00:00 AM","T2","Departure","International","202,082"
"2018 Apr 18 03:12:41 PM","2015 Feb 01 12:00:00 AM","TBIT","Arrival","International","392,547"
"2018 Apr 18 03:12:41 PM","2015 Mar 01 12:00:00 AM","T5","Departure","Domestic","378,020"
"2019 Aug 23 03:41:00 PM","2019 Jul 01 12:00:00 AM","T4","Arrival","Domestic","415,409"
"2018 Apr 18 03:12:41 PM","2009 Sep 01 12:00:00 AM","TBIT","Arrival","International","395,614"
"2018 Apr 18 03:12:41 PM","2006 Aug 01 12:00:00 AM","T3","Departure","Domestic","189,894"
"2018 Apr 18 03:12:41 PM","2008 Jul 01 12:00:00 AM","T3","Arrival","Domestic","203,837"
"2019 Mar 01 11:09:59 AM","2019 Jan 01 12:00:00 AM","T4","Departure","International","69,857"
"2018 Apr 18 03:12:41 PM","2007 May 01 12:00:00 AM","T8","Departure","Domestic","117,072"
"2018 Apr 18 03:12:41 PM","2016 Nov 01 12:00:00 AM","T7","Departure","Domestic","303,793"
"2018 Apr 18 03:12:41 PM","2011 Sep 01 12:00:00 AM","T2","Departure","International","201,868"
"2018 Apr 18 03:12:41 PM","2006 Oct 01 12:00:00 AM","T1","Arrival","Domestic","389,307"
"2020 Jan 02 10:43:42 AM","2019 Nov 01 12:00:00 AM","T7","Departure","International","40,528"
"2020 Apr 29 07:14:24 AM","2020 Mar 01 12:00:00 AM","T5","Arrival","Domestic","191,730"
"2018 Apr 18 03:12:41 PM","2007 Jun 01 12:00:00 AM","T3","Departure","Domestic","209,930"
"2020 Dec 07 01:58:36 PM","2020 Oct 01 12:00:00 AM","T6","Arrival","International","10,496"
"2018 Apr 18 03:12:41 PM","2016 Nov 01 12:00:00 AM","T4","Departure","International","54,454"
"2018 Apr 18 03:12:41 PM","2008 Mar 01 12:00:00 AM","T8","Departure","International","5,392"
"2018 Apr 18 03:12:41 PM","2017 Apr 01 12:00:00 AM","T1","Arrival","Domestic","405,692"
"2018 Apr 18 03:12:41 PM","2010 May 01 12:00:00 AM","T7","Departure","International","25,744"
"2018 Apr 18 03:12:41 PM","2006 Aug 01 12:00:00 AM","T2","Departure","International","184,788"
"2019 Aug 23 03:41:00 PM","2019 Jul 01 12:00:00 AM","T5","Departure","Domestic","511,926"
"2018 Apr 18 03:12:41 PM","2015 Nov 01 12:00:00 AM","TBIT","Departure","Domestic","6,317"
"2018 Apr 18 03:12:41 PM","2006 Oct 01 12:00:00 AM","T7","Departure","International","38,416"
"2018 Apr 18 03:12:41 PM","2009 Nov 01 12:00:00 AM","T5","Departure","Domestic","213,307"
"2019 Sep 27 07:57:24 AM","2019 Aug 01 12:00:00 AM","T3","Arrival","International","34,396"
"2018 Apr 18 03:12:41 PM","2015 Sep 01 12:00:00 AM","T6","Departure","International","34,313"
"2018 Apr 18 03:12:41 PM","2007 Jul 01 12:00:00 AM","T4","Departure","International","55,535"
"2020 Jul 10 06:01:26 AM","2020 May 01 12:00:00 AM","Miscellaneous Terminal","Arrival","Domestic","15"
"2018 Apr 18 03:12:41 PM","2017 Feb 01 12:00:00 AM","Miscellaneous Terminal","Departure","International","4,135"
"2018 Apr 18 03:12:41 PM","2010 Dec 01 12:00:00 AM","T5","Departure","Domestic","216,349"
"2018 Sep 26 09:27:08 AM","2018 Aug 01 12:00:00 AM","T6","Departure","Domestic","270,351"
"2018 Apr 18 03:12:41 PM","2012 Sep 01 12:00:00 AM","Miscellaneous Terminal","Arrival","International","33"
"2018 Apr 18 03:12:41 PM","2013 Sep 01 12:00:00 AM","TBIT","Departure","International","342,880"
"2018 Apr 18 03:12:41 PM","2016 Apr 01 12:00:00 AM","T2","Arrival","International","173,890"
"2018 Apr 18 03:12:41 PM","2012 Feb 01 12:00:00 AM","T7","Departure","International","21,367"
"2018 Apr 18 03:12:41 PM","2012 Apr 01 12:00:00 AM","TBIT","Departure","Domestic","6,180"
"2018 Apr 18 03:12:41 PM","2007 Jun 01 12:00:00 AM","T4","Departure","International","55,176"
"2018 Apr 18 03:12:41 PM","2008 Aug 01 12:00:00 AM","T4","Departure","Domestic","428,699"
"2018 Apr 18 03:12:41 PM","2015 Mar 01 12:00:00 AM","TBIT","Departure","International","421,185"
"2018 Apr 18 03:12:41 PM","2014 Sep 01 12:00:00 AM","T4","Arrival","International","3,617"
"2018 Apr 18 03:12:41 PM","2011 Aug 01 12:00:00 AM","T6","Arrival","Domestic","271,690"
"2018 Apr 18 03:12:41 PM","2009 Jan 01 12:00:00 AM","T2","Arrival","International","139,317"
"2018 Apr 18 03:12:41 PM","2007 Feb 01 12:00:00 AM","T6","Arrival","International","345"
"2019 Jul 18 06:18:08 AM","2019 Jun 01 12:00:00 AM","T2","Departure","Domestic","330,408"
"2020 Apr 29 07:14:24 AM","2020 Mar 01 12:00:00 AM","T6","Arrival","International","24,609"
"2018 Apr 18 03:12:41 PM","2012 Jul 01 12:00:00 AM","T8","Departure","International","7,719"
"2018 Apr 18 03:12:41 PM","2010 Apr 01 12:00:00 AM","T3","Arrival","International","16,256"
"2018 Apr 18 03:12:41 PM","2011 Apr 01 12:00:00 AM","T7","Arrival","International","24,708"
"2018 Apr 18 03:12:41 PM","2014 Nov 01 12:00:00 AM","TBIT","Departure","International","368,957"
"2020 Aug 03 07:35:04 AM","2020 Jun 01 12:00:00 AM","T6","Departure","International","14,598"
"2018 Apr 18 03:12:41 PM","2006 Nov 01 12:00:00 AM","T5","Departure","Domestic","153,909"
"2018 Apr 18 03:12:41 PM","2007 Mar 01 12:00:00 AM","T3","Departure","International","67,480"
"2018 Apr 18 03:12:41 PM","2017 Apr 01 12:00:00 AM","Miscellaneous Terminal","Arrival","International","4,754"
"2018 Apr 18 03:12:41 PM","2012 Jun 01 12:00:00 AM","T6","Departure","Domestic","414,093"
"2020 Jul 10 06:01:26 AM","2020 Jun 01 12:00:00 AM","T7","Arrival","International","4,910"
"2018 Apr 18 03:12:41 PM","2013 Jul 01 12:00:00 AM","T4","Arrival","Domestic","407,031"
"2018 Apr 18 03:12:41 PM","2009 Oct 01 12:00:00 AM","T8","Arrival","International","4,592"
"2018 Apr 18 03:12:41 PM","2017 Nov 01 12:00:00 AM","T4","Arrival","Domestic","343,114"
"2018 Apr 18 03:12:41 PM","2015 Feb 01 12:00:00 AM","Miscellaneous Terminal","Departure","Domestic","81,767"
"2018 Apr 18 03:12:41 PM","2008 Feb 01 12:00:00 AM","T2","Departure","Domestic","90,532"
"2018 Apr 18 03:12:41 PM","2008 Feb 01 12:00:00 AM","T7","Arrival","International","27,794"
"2019 Dec 10 06:01:20 AM","2019 Nov 01 12:00:00 AM","T1","Departure","International","6,747"
"2018 Apr 18 03:12:41 PM","2017 Jun 01 12:00:00 AM","T2","Departure","Domestic","292,473"
"2018 Apr 18 03:12:41 PM","2016 Feb 01 12:00:00 AM","T5","Departure","International","59,327"
"2018 Apr 18 03:12:41 PM","2012 Oct 01 12:00:00 AM","T7","Arrival","International","51,773"
"2018 Apr 18 03:12:41 PM","2015 Nov 01 12:00:00 AM","T5","Departure","International","60,692"
"2018 Apr 18 03:12:41 PM","2015 Oct 01 12:00:00 AM","T2","Departure","Domestic","38,660"
"2018 Apr 18 03:12:41 PM","2017 Feb 01 12:00:00 AM","T8","Arrival","Domestic","127,124"
"2018 Apr 18 03:12:41 PM","2013 Dec 01 12:00:00 AM","T3","Arrival","Domestic","238,014"
"2018 Apr 18 03:12:41 PM","2014 Jun 01 12:00:00 AM","T4","Departure","International","44,155"
"2018 Apr 18 03:12:41 PM","2011 Nov 01 12:00:00 AM","T4","Departure","Domestic","394,686"
"2018 Apr 18 03:12:41 PM","2009 Apr 01 12:00:00 AM","T7","Arrival","Domestic","273,327"
"2018 Apr 18 03:12:41 PM","2017 Dec 01 12:00:00 AM","T7","Departure","Domestic","349,087"
"2018 Apr 18 03:12:41 PM","2014 Nov 01 12:00:00 AM","T1","Arrival","Domestic","339,455"
"2018 Apr 18 03:12:41 PM","2007 Jun 01 12:00:00 AM","T3","Arrival","Domestic","208,173"
"2018 Apr 18 03:12:41 PM","2008 Jun 01 12:00:00 AM","T4","Arrival","International","75,037"
"2018 Apr 18 03:12:41 PM","2015 Jan 01 12:00:00 AM","T5","Departure","Domestic","299,068"
"2018 Apr 18 03:12:41 PM","2008 Jan 01 12:00:00 AM","Miscellaneous Terminal","Departure","Domestic","585"
"2018 May 10 07:49:00 AM","2018 Apr 01 12:00:00 AM","T8","Departure","International","10,765"
"2018 Apr 18 03:12:41 PM","2007 Jun 01 12:00:00 AM","T1","Arrival","Domestic","471,758"
"2018 Apr 18 03:12:41 PM","2016 Apr 01 12:00:00 AM","T8","Departure","International","8,555"
"2018 Apr 18 03:12:41 PM","2012 Jun 01 12:00:00 AM","T4","Departure","International","39,780"
"2018 Apr 18 03:12:41 PM","2017 Apr 01 12:00:00 AM","T5","Departure","Domestic","417,525"
"2018 Apr 18 03:12:41 PM","2006 Dec 01 12:00:00 AM","T3","Arrival","Domestic","151,011"
"2018 Apr 18 03:12:41 PM","2017 Aug 01 12:00:00 AM","T4","Departure","International","79,721"
"2018 Apr 18 03:12:41 PM","2011 Jun 01 12:00:00 AM","T5","Arrival","International","14,222"
"2020 Feb 28 08:21:30 AM","2020 Jan 01 12:00:00 AM","T5","Departure","International","349"
"2018 Apr 18 03:12:41 PM","2015 Aug 01 12:00:00 AM","T8","Arrival","Domestic","211,526"
"2018 Apr 18 03:12:41 PM","2018 Feb 01 12:00:00 AM","T4","Departure","International","67,230"
"2018 Apr 18 03:12:41 PM","2016 Jun 01 12:00:00 AM","T6","Arrival","Domestic","357,719"
"2018 Apr 18 03:12:41 PM","2007 May 01 12:00:00 AM","T4","Arrival","International","55,796"
"2018 Apr 18 03:12:41 PM","2014 Aug 01 12:00:00 AM","T8","Departure","International","7,035"
"2018 Apr 18 03:12:41 PM","2009 Apr 01 12:00:00 AM","T4","Arrival","Domestic","377,521"
"2018 Apr 18 03:12:41 PM","2013 Jul 01 12:00:00 AM","T1","Departure","Domestic","439,121"
"2018 May 23 07:44:39 AM","2018 Apr 01 12:00:00 AM","T6","Departure","Domestic","263,737"
"2018 Apr 18 03:12:41 PM","2009 Jan 01 12:00:00 AM","T3","Arrival","International","15,169"
"2018 Apr 18 03:12:41 PM","2007 May 01 12:00:00 AM","T7","Departure","Domestic","275,410"
"2018 Apr 18 03:12:41 PM","2007 Jan 01 12:00:00 AM","T7","Arrival","Domestic","243,144"
"2019 Nov 26 01:26:41 PM","2019 Oct 01 12:00:00 AM","T3","Arrival","Domestic","302,644"
"2018 Apr 18 03:12:41 PM","2006 Aug 01 12:00:00 AM","T6","Arrival","Domestic","249,077"
"2018 Apr 18 03:12:41 PM","2010 Apr 01 12:00:00 AM","T5","Arrival","International","12,686"
"2018 Apr 18 03:12:41 PM","2011 Oct 01 12:00:00 AM","T6","Arrival","International","10,507"
"2018 Apr 18 03:12:41 PM","2016 Jan 01 12:00:00 AM","T3","Departure","International","1,759"
"2018 Apr 18 03:12:41 PM","2006 Jul 01 12:00:00 AM","Imperial Terminal","Arrival","Domestic","89"
"2018 Apr 18 03:12:41 PM","2008 Apr 01 12:00:00 AM","T1","Departure","Domestic","400,981"
"2019 Mar 01 11:09:59 AM","2019 Jan 01 12:00:00 AM","T3","Arrival","Domestic","266,692"
"2018 Apr 18 03:12:41 PM","2006 Jun 01 12:00:00 AM","T2","Arrival","International","156,867"
"2018 Apr 18 03:12:41 PM","2014 May 01 12:00:00 AM","T4","Departure","International","41,124"
"2018 Apr 18 03:12:41 PM","2014 Jul 01 12:00:00 AM","Miscellaneous Terminal","Arrival","Domestic","81,180"
"2021 Jan 10 06:01:37 AM","2020 Nov 01 12:00:00 AM","T7","Departure","Domestic","132,174"
"2018 Apr 18 03:12:41 PM","2014 Jun 01 12:00:00 AM","T2","Departure","Domestic","40,736"
"2018 Apr 18 03:12:41 PM","2007 Apr 01 12:00:00 AM","T3","Arrival","International","23,327"
"2018 Oct 29 10:20:51 AM","2016 Aug 01 12:00:00 AM","T2","Arrival","International","245,337"
"2018 Apr 18 03:12:41 PM","2017 Aug 01 12:00:00 AM","T7","Arrival","International","73,555"
"2018 Apr 18 03:12:41 PM","2017 Jun 01 12:00:00 AM","T3","Arrival","Domestic","334,780"
"2018 Apr 18 03:12:41 PM","2008 Apr 01 12:00:00 AM","T3","Departure","Domestic","154,557"
"2018 Apr 18 03:12:41 PM","2012 May 01 12:00:00 AM","T6","Departure","International","79,518"
"2018 Apr 18 03:12:41 PM","2015 Mar 01 12:00:00 AM","Miscellaneous Terminal","Departure","Domestic","95,696"
"2018 Apr 18 03:12:41 PM","2006 Apr 01 12:00:00 AM","T3","Arrival","Domestic","131,026"
"2018 Apr 18 03:12:41 PM","2016 Dec 01 12:00:00 AM","T2","Arrival","Domestic","46,554"
"2018 Apr 18 03:12:41 PM","2006 Mar 01 12:00:00 AM","T8","Departure","Domestic","121,600"
"2018 Apr 18 03:12:41 PM","2012 Dec 01 12:00:00 AM","T2","Arrival","International","177,712"
"2018 Apr 18 03:12:41 PM","2014 Jan 01 12:00:00 AM","TBIT","Departure","International","357,125"
"2018 Apr 18 03:12:41 PM","2012 Dec 01 12:00:00 AM","T3","Arrival","Domestic","174,198"
"2018 Apr 18 03:12:41 PM","2006 Jul 01 12:00:00 AM","TBIT","Departure","Domestic","210"
"2018 Sep 26 09:27:08 AM","2018 Aug 01 12:00:00 AM","T5","Departure","International","825"
"2018 Apr 18 03:12:41 PM","2011 Jul 01 12:00:00 AM","T2","Arrival","Domestic","28,219"
"2018 Apr 18 03:12:41 PM","2009 Jul 01 12:00:00 AM","Miscellaneous Terminal","Departure","Domestic","202"
"2018 Apr 18 03:12:41 PM","2006 Jan 01 12:00:00 AM","T6","Arrival","International","6,190"
"2018 Apr 18 03:12:41 PM","2016 Mar 01 12:00:00 AM","T3","Departure","Domestic","313,166"
"2018 Dec 26 06:52:40 AM","2018 Nov 01 12:00:00 AM","T5","Arrival","Domestic","368,481"
"2018 Apr 18 03:12:41 PM","2015 Jan 01 12:00:00 AM","T5","Arrival","Domestic","290,753"
"2018 Apr 18 03:12:41 PM","2015 Dec 01 12:00:00 AM","T6","Arrival","Domestic","334,613"
"2018 Apr 18 03:12:41 PM","2017 Jan 01 12:00:00 AM","Miscellaneous Terminal","Departure","International","4,245"
"2021 Feb 02 08:17:02 AM","2020 Dec 01 12:00:00 AM","T4","Arrival","Domestic","134,219"
"2018 Apr 18 03:12:41 PM","2018 Mar 01 12:00:00 AM","T4","Arrival","International","56,691"
"2018 Apr 18 03:12:41 PM","2007 Jun 01 12:00:00 AM","T7","Departure","International","40,736"
"2018 Apr 18 03:12:41 PM","2008 Nov 01 12:00:00 AM","T2","Arrival","Domestic","87,597"
"2018 Apr 18 03:12:41 PM","2016 Apr 01 12:00:00 AM","T6","Arrival","International","12,066"
"2018 Apr 18 03:12:41 PM","2015 Jun 01 12:00:00 AM","T2","Arrival","Domestic","52,181"
"2018 Apr 18 03:12:41 PM","2010 Jul 01 12:00:00 AM","T3","Arrival","Domestic","186,832"
"2018 Aug 21 11:02:45 AM","2018 Jul 01 12:00:00 AM","T3","Departure","International","29,043"
"2019 Sep 27 07:57:24 AM","2019 Aug 01 12:00:00 AM","T3","Departure","Domestic","320,679"
"2018 Apr 18 03:12:41 PM","2017 Dec 01 12:00:00 AM","T8","Departure","International","11,169"
"2020 May 10 06:01:34 AM","2020 Apr 01 12:00:00 AM","T4","Arrival","Domestic","26,757"
"2018 Apr 18 03:12:41 PM","2012 Dec 01 12:00:00 AM","Miscellaneous Terminal","Arrival","International","7"
"2018 Apr 18 03:12:41 PM","2017 Apr 01 12:00:00 AM","T6","Departure","Domestic","336,239"
"2018 Apr 18 03:12:41 PM","2015 Oct 01 12:00:00 AM","Miscellaneous Terminal","Departure","Domestic","91,900"
"2018 Apr 18 03:12:41 PM","2009 Nov 01 12:00:00 AM","T5","Arrival","Domestic","207,383"
"2018 Apr 18 03:12:41 PM","2007 Jan 01 12:00:00 AM","T4","Departure","Domestic","384,528"
"2018 Apr 18 03:12:41 PM","2012 Jun 01 12:00:00 AM","T4","Arrival","International","13,518"
"2018 Apr 18 03:12:41 PM","2006 Jan 01 12:00:00 AM","Miscellaneous Terminal","Arrival","Domestic","753"
"2018 Apr 18 03:12:41 PM","2014 Feb 01 12:00:00 AM","T5","Arrival","International","42,004"
"2019 Sep 27 07:57:24 AM","2019 Aug 01 12:00:00 AM","T6","Departure","International","133,726"
"2018 Apr 18 03:12:41 PM","2018 Mar 01 12:00:00 AM","T5","Arrival","Domestic","375,045"
"2018 Apr 18 03:12:41 PM","2009 May 01 12:00:00 AM","T1","Arrival","Domestic","380,568"
"2018 Apr 18 03:12:41 PM","2016 Jul 01 12:00:00 AM","T3","Departure","International","4,365"
"2018 Apr 18 03:12:41 PM","2010 Jun 01 12:00:00 AM","T1","Departure","Domestic","395,579"
"2018 Apr 18 03:12:41 PM","2014 Nov 01 12:00:00 AM","T1","Departure","Domestic","339,329"
"2020 Oct 27 08:53:01 AM","2020 Sep 01 12:00:00 AM","T6","Departure","Domestic","50,144"
"2018 Apr 18 03:12:41 PM","2016 Dec 01 12:00:00 AM","T4","Departure","Domestic","326,577"
"2018 Apr 18 03:12:41 PM","2014 Jun 01 12:00:00 AM","T1","Arrival","Domestic","387,708"
"2020 Nov 10 06:01:35 AM","2020 Oct 01 12:00:00 AM","T2","Arrival","International","850"
"2018 Apr 18 03:12:41 PM","2014 Jan 01 12:00:00 AM","T7","Arrival","Domestic","229,315"
"2019 Jul 18 06:18:08 AM","2019 Jun 01 12:00:00 AM","Miscellaneous Terminal","Arrival","International","6,282"
"2018 Apr 18 03:12:41 PM","2010 Jan 01 12:00:00 AM","T1","Departure","Domestic","330,779"
"2018 Apr 18 03:12:41 PM","2010 Aug 01 12:00:00 AM","T2","Arrival","International","212,416"
"2018 Apr 18 03:12:41 PM","2014 Aug 01 12:00:00 AM","T7","Departure","Domestic","315,755"
"2018 Apr 18 03:12:41 PM","2009 Feb 01 12:00:00 AM","T2","Arrival","International","117,971"
"2018 Apr 18 03:12:41 PM","2009 Aug 01 12:00:00 AM","T8","Arrival","Domestic","107,362"
"2018 Apr 18 03:12:41 PM","2008 Oct 01 12:00:00 AM","T7","Arrival","Domestic","235,803"
"2018 Apr 18 03:12:41 PM","2015 May 01 12:00:00 AM","T7","Departure","Domestic","277,726"
"2018 Apr 18 03:12:41 PM","2010 May 01 12:00:00 AM","Miscellaneous Terminal","Arrival","Domestic","35"
"2018 Apr 18 03:12:41 PM","2009 Feb 01 12:00:00 AM","T6","Arrival","Domestic","148,483"
"2020 Nov 10 06:01:35 AM","2020 Oct 01 12:00:00 AM","T8","Departure","International","160"
"2018 Apr 18 03:12:41 PM","2006 Sep 01 12:00:00 AM","T4","Departure","International","46,217"
"2018 Apr 18 03:12:41 PM","2016 Sep 01 12:00:00 AM","T3","Departure","International","2,328"
"2018 Apr 18 03:12:41 PM","2013 Aug 01 12:00:00 AM","Miscellaneous Terminal","Arrival","Domestic","82,289"
"2018 Apr 18 03:12:41 PM","2007 Nov 01 12:00:00 AM","T7","Arrival","International","35,282"
"2018 Aug 21 11:02:45 AM","2018 Jul 01 12:00:00 AM","T2","Arrival","Domestic","208,939"
"2018 Apr 18 03:12:41 PM","2018 Jan 01 12:00:00 AM","T6","Departure","International","93,868"
"2018 Apr 18 03:12:41 PM","2007 May 01 12:00:00 AM","T6","Arrival","Domestic","226,762"
"2018 Apr 18 03:12:41 PM","2012 Sep 01 12:00:00 AM","T2","Departure","Domestic","30,281"
"2018 Apr 18 03:12:41 PM","2011 Jun 01 12:00:00 AM","T3","Arrival","Domestic","263,526"
"2018 Apr 18 03:12:41 PM","2013 Mar 01 12:00:00 AM","T3","Arrival","Domestic","177,304"
"2019 Jan 30 07:34:09 AM","2018 Dec 01 12:00:00 AM","T8","Arrival","Domestic","141,705"
"2018 Apr 18 03:12:41 PM","2008 May 01 12:00:00 AM","T7","Departure","Domestic","247,250"
"2018 Apr 18 03:12:41 PM","2009 Dec 01 12:00:00 AM","T4","Arrival","International","16,432"
"2018 Aug 21 11:02:45 AM","2018 Jul 01 12:00:00 AM","T5","Departure","Domestic","484,462"
"2018 Apr 18 03:12:41 PM","2013 Nov 01 12:00:00 AM","T8","Arrival","Domestic","110,591"
"2018 Apr 18 03:12:41 PM","2010 Jul 01 12:00:00 AM","T2","Arrival","Domestic","28,249"
"2018 Apr 18 03:12:41 PM","2017 Sep 01 12:00:00 AM","T3","Arrival","Domestic","282,240"
"2018 Apr 18 03:12:41 PM","2009 Feb 01 12:00:00 AM","T7","Departure","Domestic","190,211"
"2018 Apr 18 03:12:41 PM","2010 Jan 01 12:00:00 AM","T7","Departure","Domestic","226,176"
"2018 Jul 12 02:24:30 PM","2018 Jun 01 12:00:00 AM","TBIT","Departure","Domestic","19,777"
"2018 Apr 18 03:12:41 PM","2013 Feb 01 12:00:00 AM","T4","Departure","Domestic","300,494"
"2018 Apr 18 03:12:41 PM","2007 Nov 01 12:00:00 AM","Miscellaneous Terminal","Arrival","Domestic","559"
"2018 Apr 18 03:12:41 PM","2014 Oct 01 12:00:00 AM","Miscellaneous Terminal","Departure","International","2"
"2018 Apr 18 03:12:41 PM","2017 Sep 01 12:00:00 AM","T1","Departure","Domestic","375,632"
"2020 Sep 10 06:01:23 AM","2020 Aug 01 12:00:00 AM","T5","Departure","International","154"
"2018 Apr 18 03:12:41 PM","2013 Jul 01 12:00:00 AM","T3","Arrival","Domestic","267,386"
"2018 Apr 18 03:12:41 PM","2013 Oct 01 12:00:00 AM","T3","Departure","Domestic","227,621"
"2021 Mar 03 10:48:12 AM","2021 Jan 01 12:00:00 AM","T8","Departure","Domestic","25,355"
"2018 Apr 18 03:12:41 PM","2016 Mar 01 12:00:00 AM","T5","Departure","International","67,364"
"2018 Jul 16 02:36:06 PM","2018 Jun 01 12:00:00 AM","T1","Departure","Domestic","420,142"
"2019 Jan 30 07:34:09 AM","2018 Dec 01 12:00:00 AM","Miscellaneous Terminal","Departure","Domestic","116,724"
"2018 Nov 25 11:40:39 AM","2018 Oct 01 12:00:00 AM","T5","Departure","International","399"
"2020 May 10 06:01:34 AM","2020 Apr 01 12:00:00 AM","T3","Arrival","Domestic","5,118"
"2018 Apr 18 03:12:41 PM","2010 Feb 01 12:00:00 AM","T1","Departure","Domestic","293,510"
"2018 Apr 18 03:12:41 PM","2017 Jun 01 12:00:00 AM","T3","Arrival","International","4,008"
"2018 Dec 26 06:52:40 AM","2018 Nov 01 12:00:00 AM","T4","Departure","International","68,870"
"2018 Apr 18 03:12:41 PM","2015 Mar 01 12:00:00 AM","T4","Departure","International","37,672"
"2018 Apr 18 03:12:41 PM","2009 Jul 01 12:00:00 AM","TBIT","Departure","International","367,204"
"2018 Apr 18 03:12:41 PM","2012 Sep 01 12:00:00 AM","T4","Arrival","Domestic","404,128"
"2018 Apr 18 03:12:41 PM","2006 Dec 01 12:00:00 AM","T4","Departure","Domestic","422,171"
"2018 Apr 18 03:12:41 PM","2013 Feb 01 12:00:00 AM","T5","Arrival","Domestic","207,561"
"2018 Apr 18 03:12:41 PM","2011 Oct 01 12:00:00 AM","T4","Departure","Domestic","446,966"
"2018 Apr 18 03:12:41 PM","2013 Aug 01 12:00:00 AM","TBIT","Departure","International","383,886"
"2018 Apr 18 03:12:41 PM","2015 Apr 01 12:00:00 AM","T8","Departure","Domestic","163,323"
"2018 Apr 18 03:12:41 PM","2013 Nov 01 12:00:00 AM","T2","Arrival","International","169,974"
"2018 Apr 18 03:12:41 PM","2014 Mar 01 12:00:00 AM","Miscellaneous Terminal","Departure","International","2"
"2018 Apr 18 03:12:41 PM","2010 Feb 01 12:00:00 AM","T2","Departure","Domestic","11,481"
"2018 Apr 18 03:12:41 PM","2017 Feb 01 12:00:00 AM","Miscellaneous Terminal","Departure","Domestic","104,765"
"2018 Apr 18 03:12:41 PM","2011 Dec 01 12:00:00 AM","T2","Departure","International","194,020"
"2018 Apr 18 03:12:41 PM","2008 Jan 01 12:00:00 AM","T2","Departure","International","166,038"
"2018 Apr 18 03:12:41 PM","2012 Aug 01 12:00:00 AM","T7","Departure","International","35,741"
"2018 Dec 26 06:52:40 AM","2018 Nov 01 12:00:00 AM","T6","Departure","International","95,804"
"2018 Apr 18 03:12:41 PM","2016 Nov 01 12:00:00 AM","T7","Arrival","Domestic","301,844"
"2018 Apr 18 03:12:41 PM","2011 Feb 01 12:00:00 AM","T4","Departure","International","33,222"
"2018 Sep 26 09:27:08 AM","2018 Aug 01 12:00:00 AM","TBIT","Departure","International","773,959"
"2018 Apr 18 03:12:41 PM","2009 Apr 01 12:00:00 AM","T8","Arrival","International","4,358"
"2018 Apr 18 03:12:41 PM","2009 Jul 01 12:00:00 AM","T2","Departure","Domestic","28,300"
"2018 Apr 18 03:12:41 PM","2006 Dec 01 12:00:00 AM","T6","Departure","Domestic","225,614"
"2018 Apr 18 03:12:41 PM","2013 Jul 01 12:00:00 AM","T8","Departure","Domestic","136,040"
"2018 Apr 18 03:12:41 PM","2017 Apr 01 12:00:00 AM","T5","Arrival","Domestic","423,720"
"2018 Apr 18 03:12:41 PM","2011 Apr 01 12:00:00 AM","T1","Arrival","Domestic","371,422"
"2020 Apr 08 09:58:08 AM","2020 Mar 01 12:00:00 AM","T8","Arrival","International","1,179"
"2018 Apr 18 03:12:41 PM","2009 Aug 01 12:00:00 AM","T6","Departure","International","16,181"
"2018 Dec 26 06:52:40 AM","2018 Nov 01 12:00:00 AM","T2","Departure","Domestic","223,212"
"2018 Apr 18 03:12:41 PM","2006 Apr 01 12:00:00 AM","T6","Departure","International","5,810"
"2018 Apr 18 03:12:41 PM","2017 Aug 01 12:00:00 AM","Miscellaneous Terminal","Arrival","International","3,033"
"2018 Apr 18 03:12:41 PM","2008 Nov 01 12:00:00 AM","T5","Departure","International","24,401"
"2018 Apr 18 03:12:41 PM","2008 Dec 01 12:00:00 AM","Miscellaneous Terminal","Arrival","Domestic","642"
"2018 Apr 18 03:12:41 PM","2011 Jun 01 12:00:00 AM","T2","Arrival","Domestic","30,422"
"2018 Apr 18 03:12:41 PM","2007 Aug 01 12:00:00 AM","T4","Arrival","Domestic","449,805"
"2018 Apr 18 03:12:41 PM","2010 Feb 01 12:00:00 AM","T8","Departure","Domestic","129,146"
"2018 Apr 18 03:12:41 PM","2014 Jul 01 12:00:00 AM","T6","Departure","International","82,225"
"2018 Apr 18 03:12:41 PM","2017 Jan 01 12:00:00 AM","T2","Departure","Domestic","38,118"
"2018 Apr 18 03:12:41 PM","2014 Jan 01 12:00:00 AM","T2","Departure","Domestic","29,127"
"2020 Oct 27 08:53:01 AM","2020 Sep 01 12:00:00 AM","T7","Arrival","Domestic","115,383"
"2018 Apr 18 03:12:41 PM","2012 Dec 01 12:00:00 AM","TBIT","Departure","Domestic","8,553"
"2018 Apr 18 03:12:41 PM","2006 Aug 01 12:00:00 AM","T4","Arrival","Domestic","437,457"
"2018 Apr 18 03:12:41 PM","2013 Dec 01 12:00:00 AM","T7","Departure","Domestic","270,112"
"2018 Apr 18 03:12:41 PM","2006 May 01 12:00:00 AM","T7","Arrival","Domestic","278,391"
"2020 Feb 28 08:21:30 AM","2020 Jan 01 12:00:00 AM","T2","Arrival","International","79,978"
"2018 Apr 18 03:12:41 PM","2017 Dec 01 12:00:00 AM","T8","Departure","Domestic","106,661"
"2020 Apr 08 09:58:08 AM","2020 Feb 01 12:00:00 AM","T5","Departure","International","650"
"2018 Apr 18 03:12:41 PM","2017 Dec 01 12:00:00 AM","T3","Arrival","International","3,135"
"2018 Apr 18 03:12:41 PM","2008 Jun 01 12:00:00 AM","T8","Departure","Domestic","111,322"
"2018 Apr 18 03:12:41 PM","2006 Feb 01 12:00:00 AM","T6","Arrival","Domestic","179,516"
"2018 Apr 18 03:12:41 PM","2007 Jul 01 12:00:00 AM","T1","Departure","Domestic","480,495"
"2018 Apr 18 03:12:41 PM","2013 Jun 01 12:00:00 AM","T1","Arrival","Domestic","443,289"
"2018 Apr 18 03:12:41 PM","2007 Oct 01 12:00:00 AM","T7","Departure","Domestic","247,787"
"2018 Apr 18 03:12:41 PM","2008 Feb 01 12:00:00 AM","T6","Arrival","International","892"
"2019 Nov 10 06:01:31 AM","2019 Sep 01 12:00:00 AM","T2","Departure","Domestic","289,258"
"2018 Apr 18 03:12:41 PM","2011 Dec 01 12:00:00 AM","T3","Arrival","Domestic","243,336"
"2019 Jan 30 07:34:09 AM","2018 Dec 01 12:00:00 AM","T5","Arrival","International","9,330"
"2018 Apr 18 03:12:41 PM","2015 Aug 01 12:00:00 AM","TBIT","Departure","Domestic","17,279"
"2018 Apr 18 03:12:41 PM","2011 Jan 01 12:00:00 AM","T5","Departure","International","17,794"
"2018 Apr 18 03:12:41 PM","2010 Jun 01 12:00:00 AM","TBIT","Arrival","International","435,636"
"2018 Apr 18 03:12:41 PM","2015 Jun 01 12:00:00 AM","T6","Arrival","Domestic","330,152"
"2018 Apr 18 03:12:41 PM","2013 Dec 01 12:00:00 AM","T5","Arrival","Domestic","290,344"
"2018 Apr 18 03:12:41 PM","2011 Jun 01 12:00:00 AM","TBIT","Arrival","International","436,728"
"2018 Apr 18 03:12:41 PM","2017 May 01 12:00:00 AM","Miscellaneous Terminal","Departure","Domestic","113,742"
"2018 Apr 18 03:12:41 PM","2016 Oct 01 12:00:00 AM","T5","Arrival","Domestic","393,134"
"2018 Apr 18 03:12:41 PM","2014 Jul 01 12:00:00 AM","TBIT","Departure","Domestic","7,830"
"2018 Apr 18 03:12:41 PM","2015 Nov 01 12:00:00 AM","T5","Departure","Domestic","370,462"
"2018 Apr 18 03:12:41 PM","2013 Dec 01 12:00:00 AM","Miscellaneous Terminal","Arrival","International","29"
"2018 Apr 18 03:12:41 PM","2009 Jun 01 12:00:00 AM","T8","Arrival","Domestic","109,665"
"2021 Apr 01 09:37:48 AM","2021 Feb 01 12:00:00 AM","TBIT","Arrival","Domestic","7,064"
"2018 Apr 18 03:12:41 PM","2008 Feb 01 12:00:00 AM","T5","Departure","International","33,463"
"2018 Apr 18 03:12:41 PM","2012 Nov 01 12:00:00 AM","T5","Departure","Domestic","254,015"
"2018 May 10 07:49:00 AM","2018 Apr 01 12:00:00 AM","T1","Arrival","Domestic","402,201"
"2020 Apr 29 07:14:24 AM","2020 Mar 01 12:00:00 AM","T8","Departure","Domestic","57,435"
"2018 Apr 18 03:12:41 PM","2006 Feb 01 12:00:00 AM","T3","Arrival","Domestic","115,531"
"2018 Oct 29 10:20:51 AM","2017 Oct 01 12:00:00 AM","TBIT","Arrival","International","691,716"
"2018 Apr 18 03:12:41 PM","2017 Jul 01 12:00:00 AM","T2","Departure","Domestic","303,161"
"2018 Apr 18 03:12:41 PM","2008 Apr 01 12:00:00 AM","T8","Departure","Domestic","104,935"
"2018 Apr 18 03:12:41 PM","2007 Jun 01 12:00:00 AM","T1","Departure","International","401"
"2018 Apr 18 03:12:41 PM","2006 Oct 01 12:00:00 AM","T7","Arrival","International","31,084"
"2018 Apr 18 03:12:41 PM","2017 May 01 12:00:00 AM","T6","Arrival","Domestic","303,383"
"2018 Apr 18 03:12:41 PM","2013 Sep 01 12:00:00 AM","T3","Departure","Domestic","213,850"
"2018 Apr 18 03:12:41 PM","2009 Jun 01 12:00:00 AM","T3","Arrival","Domestic","169,988"
"2018 Apr 18 03:12:41 PM","2014 Jun 01 12:00:00 AM","Miscellaneous Terminal","Arrival","International","12"
"2018 Apr 18 03:12:41 PM","2010 Feb 01 12:00:00 AM","Miscellaneous Terminal","Arrival","Domestic","104"
"2021 Jan 10 06:01:37 AM","2020 Nov 01 12:00:00 AM","T8","Arrival","Domestic","35,503"
"2018 Apr 18 03:12:41 PM","2007 Nov 01 12:00:00 AM","T3","Arrival","Domestic","154,944"
"2018 Apr 18 03:12:41 PM","2010 Oct 01 12:00:00 AM","T2","Arrival","International","182,840"
"2018 Apr 18 03:12:41 PM","2013 Dec 01 12:00:00 AM","T4","Arrival","International","1,639"
"2018 Apr 18 03:12:41 PM","2012 Dec 01 12:00:00 AM","T2","Arrival","Domestic","30,594"
"2018 Apr 18 03:12:41 PM","2016 Aug 01 12:00:00 AM","T2","Departure","International","241,210"
"2018 Apr 18 03:12:41 PM","2011 Aug 01 12:00:00 AM","T2","Arrival","International","215,675"
"2018 Apr 18 03:12:41 PM","2015 May 01 12:00:00 AM","T5","Departure","Domestic","390,042"
"2020 Apr 10 06:01:22 AM","2020 Mar 01 12:00:00 AM","T5","Departure","International","99"
"2018 Apr 18 03:12:41 PM","2008 Jun 01 12:00:00 AM","T4","Departure","International","50,387"
"2018 Apr 18 03:12:41 PM","2013 May 01 12:00:00 AM","T6","Arrival","Domestic","286,715"
"2018 Apr 18 03:12:41 PM","2015 Mar 01 12:00:00 AM","T7","Departure","International","39,957"
"2020 Jul 10 06:01:26 AM","2020 Jun 01 12:00:00 AM","T2","Departure","Domestic","89,540"
"2018 Apr 18 03:12:41 PM","2017 Nov 01 12:00:00 AM","T6","Arrival","Domestic","261,506"
"2018 Apr 18 03:12:41 PM","2010 Mar 01 12:00:00 AM","T8","Departure","International","7,752"
"2018 Apr 18 03:12:41 PM","2009 Apr 01 12:00:00 AM","T7","Arrival","International","22,632"
"2018 Apr 18 03:12:41 PM","2008 Mar 01 12:00:00 AM","T1","Departure","Domestic","429,568"
"2018 Apr 18 03:12:41 PM","2010 May 01 12:00:00 AM","T4","Arrival","International","12,869"
"2020 Jul 10 06:01:26 AM","2020 Jun 01 12:00:00 AM","T2","Arrival","International","810"
"2018 Apr 18 03:12:41 PM","2008 Aug 01 12:00:00 AM","T3","Arrival","International","19,226"
"2020 Aug 27 07:15:54 AM","2020 Jul 01 12:00:00 AM","T7","Departure","Domestic","78,921"
"2018 Apr 18 03:12:41 PM","2014 Feb 01 12:00:00 AM","T8","Departure","Domestic","103,018"
"2018 Apr 18 03:12:41 PM","2008 Jun 01 12:00:00 AM","T1","Departure","Domestic","448,342"
"2018 Apr 18 03:12:41 PM","2010 May 01 12:00:00 AM","T5","Arrival","International","3,696"
"2019 Aug 23 03:41:00 PM","2019 Jul 01 12:00:00 AM","T6","Arrival","Domestic","272,911"
"2019 Apr 10 06:01:25 AM","2019 Mar 01 12:00:00 AM","T8","Arrival","International","2,132"
"2018 Apr 18 03:12:41 PM","2011 Mar 01 12:00:00 AM","T3","Departure","Domestic","217,872"
"2018 Apr 18 03:12:41 PM","2013 Oct 01 12:00:00 AM","T8","Arrival","Domestic","115,396"
"2018 Apr 18 03:12:41 PM","2011 Oct 01 12:00:00 AM","T2","Arrival","International","191,416"
"2018 Apr 18 03:12:41 PM","2008 Nov 01 12:00:00 AM","T6","Departure","Domestic","224,958"
"2018 Apr 18 03:12:41 PM","2011 Feb 01 12:00:00 AM","T3","Departure","International","68,979"
"2019 Jun 24 01:17:06 PM","2019 May 01 12:00:00 AM","T4","Departure","Domestic","384,534"
"2018 Apr 18 03:12:41 PM","2010 Mar 01 12:00:00 AM","T2","Arrival","Domestic","12,326"
"2018 Apr 18 03:12:41 PM","2015 Aug 01 12:00:00 AM","T2","Arrival","International","215,641"
"2020 Oct 10 06:01:21 AM","2020 Sep 01 12:00:00 AM","T2","Arrival","International","699"
"2019 Nov 14 03:00:43 PM","2019 Oct 01 12:00:00 AM","T5","Departure","International","627"
"2018 Apr 18 03:12:41 PM","2014 Dec 01 12:00:00 AM","T2","Arrival","Domestic","42,218"
"2018 Apr 18 03:12:41 PM","2013 Dec 01 12:00:00 AM","T5","Departure","Domestic","277,839"
"2018 Sep 10 06:01:25 AM","2018 Jul 01 12:00:00 AM","T5","Arrival","International","18,375"
"2018 Apr 18 03:12:41 PM","2015 Aug 01 12:00:00 AM","Miscellaneous Terminal","Departure","International","4,816"
"2021 Mar 10 06:01:08 AM","2021 Feb 01 12:00:00 AM","T2","Departure","Domestic","155,940"
"2018 Apr 18 03:12:41 PM","2014 Feb 01 12:00:00 AM","TBIT","Arrival","International","335,724"
"2018 Apr 18 03:12:41 PM","2008 Feb 01 12:00:00 AM","T6","Departure","International","4,267"
"2018 Apr 18 03:12:41 PM","2014 Nov 01 12:00:00 AM","Miscellaneous Terminal","Arrival","Domestic","46,662"
"2018 Apr 18 03:12:41 PM","2016 Mar 01 12:00:00 AM","T8","Departure","Domestic","169,167"
"2019 Aug 23 03:41:00 PM","2019 Jul 01 12:00:00 AM","T3","Departure","Domestic","338,936"
"2018 Apr 18 03:12:41 PM","2017 Dec 01 12:00:00 AM","T4","Arrival","Domestic","352,592"
"2018 Apr 18 03:12:41 PM","2007 Dec 01 12:00:00 AM","T3","Arrival","International","16,520"
"2018 Apr 18 03:12:41 PM","2010 Sep 01 12:00:00 AM","T6","Departure","Domestic","233,242"
"2018 Apr 18 03:12:41 PM","2006 Jul 01 12:00:00 AM","T7","Departure","International","49,922"
"2018 Apr 18 03:12:41 PM","2013 Jun 01 12:00:00 AM","T7","Departure","International","50,258"
"2018 Apr 18 03:12:41 PM","2015 Jan 01 12:00:00 AM","T4","Arrival","Domestic","327,393"
"2018 Apr 18 03:12:41 PM","2007 Mar 01 12:00:00 AM","T2","Arrival","International","163,261"
"2018 Apr 18 03:12:41 PM","2015 Feb 01 12:00:00 AM","T5","Departure","Domestic","292,071"
"2018 Apr 18 03:12:41 PM","2013 Jul 01 12:00:00 AM","T5","Arrival","International","45,104"
"2019 Oct 10 06:01:25 AM","2019 Sep 01 12:00:00 AM","T1","Departure","Domestic","367,914"
"2018 Apr 18 03:12:41 PM","2014 Jul 01 12:00:00 AM","T6","Arrival","International","25,861"
"2018 Apr 18 03:12:41 PM","2006 Nov 01 12:00:00 AM","T5","Departure","International","29,027"
"2018 Apr 18 03:12:41 PM","2011 Aug 01 12:00:00 AM","T8","Departure","Domestic","183,618"
"2018 Apr 18 03:12:41 PM","2009 Feb 01 12:00:00 AM","T5","Departure","Domestic","132,956"
"2018 Oct 29 10:20:51 AM","2017 Jun 01 12:00:00 AM","T2","Arrival","International","106,145"
"2018 Apr 18 03:12:41 PM","2007 Jul 01 12:00:00 AM","T7","Arrival","International","30,892"
"2018 Apr 18 03:12:41 PM","2011 Mar 01 12:00:00 AM","T2","Departure","Domestic","24,914"
"2018 Apr 18 03:12:41 PM","2016 May 01 12:00:00 AM","T6","Arrival","International","10,634"
"2020 Feb 28 08:21:30 AM","2020 Jan 01 12:00:00 AM","TBIT","Arrival","International","739,444"
"2018 Apr 18 03:12:41 PM","2008 Apr 01 12:00:00 AM","T3","Arrival","Domestic","146,895"
"2018 Apr 18 03:12:41 PM","2012 Jul 01 12:00:00 AM","T5","Departure","International","32,412"
"2018 Apr 18 03:12:41 PM","2014 Oct 01 12:00:00 AM","T2","Departure","Domestic","38,683"
"2018 Apr 18 03:12:41 PM","2008 Mar 01 12:00:00 AM","T4","Arrival","Domestic","391,934"
"2018 Apr 18 03:12:41 PM","2013 Sep 01 12:00:00 AM","T6","Arrival","Domestic","277,103"
"2018 Apr 18 03:12:41 PM","2018 Jan 01 12:00:00 AM","TBIT","Arrival","Domestic","7,050"
"2018 Apr 18 03:12:41 PM","2010 Oct 01 12:00:00 AM","T5","Departure","International","17,858"
"2018 Apr 18 03:12:41 PM","2014 Aug 01 12:00:00 AM","T6","Arrival","International","11,267"
"2018 Apr 18 03:12:41 PM","2015 Sep 01 12:00:00 AM","T8","Arrival","Domestic","180,477"
"2019 Nov 10 06:01:31 AM","2019 Oct 01 12:00:00 AM","TBIT","Arrival","Domestic","6,423"
"2018 Apr 18 03:12:41 PM","2006 Jul 01 12:00:00 AM","T2","Arrival","Domestic","120,213"
"2018 Apr 18 03:12:41 PM","2015 Jan 01 12:00:00 AM","T5","Arrival","International","73,922"
"2018 Apr 18 03:12:41 PM","2013 Jan 01 12:00:00 AM","T5","Departure","International","13,734"
"2018 Apr 18 03:12:41 PM","2016 Aug 01 12:00:00 AM","TBIT","Arrival","International","696,887"
"2018 Apr 18 03:12:41 PM","2009 Nov 01 12:00:00 AM","Miscellaneous Terminal","Arrival","International","15"
"2018 Apr 18 03:12:41 PM","2011 Dec 01 12:00:00 AM","T1","Arrival","Domestic","376,555"
"2018 Apr 18 03:12:41 PM","2012 Jun 01 12:00:00 AM","T3","Arrival","Domestic","185,367"
"2018 Apr 18 03:12:41 PM","2017 Feb 01 12:00:00 AM","T7","Arrival","International","48,924"
"2018 Apr 18 03:12:41 PM","2015 Mar 01 12:00:00 AM","T2","Arrival","Domestic","35,256"
"2018 Apr 18 03:12:41 PM","2011 Jun 01 12:00:00 AM","T4","Departure","Domestic","436,378"
"2018 Apr 18 03:12:41 PM","2009 Jul 01 12:00:00 AM","T2","Arrival","Domestic","26,829"
"2018 Apr 18 03:12:41 PM","2012 Nov 01 12:00:00 AM","Miscellaneous Terminal","Arrival","International","11"
"2018 Apr 18 03:12:41 PM","2012 Jun 01 12:00:00 AM","TBIT","Departure","International","387,425"
"2018 Apr 18 03:12:41 PM","2010 Nov 01 12:00:00 AM","T7","Arrival","International","23,297"
"2018 Apr 18 03:12:41 PM","2009 Jan 01 12:00:00 AM","T5","Arrival","Domestic","150,929"
"2018 Apr 18 03:12:41 PM","2014 Apr 01 12:00:00 AM","T3","Arrival","Domestic","309,962"
"2018 Apr 18 03:12:41 PM","2008 Jan 01 12:00:00 AM","T8","Arrival","Domestic","105,727"
"2019 Nov 10 06:01:31 AM","2019 Sep 01 12:00:00 AM","T2","Arrival","International","80,847"
"2018 Apr 18 03:12:41 PM","2007 Aug 01 12:00:00 AM","T7","Arrival","Domestic","276,768"
"2018 Apr 18 03:12:41 PM","2012 Jan 01 12:00:00 AM","Miscellaneous Terminal","Arrival","Domestic","395"
"2018 Apr 18 03:12:41 PM","2010 Nov 01 12:00:00 AM","T2","Arrival","International","165,764"
"2019 Jan 30 07:34:09 AM","2018 Dec 01 12:00:00 AM","T4","Departure","International","76,469"
"2018 Apr 18 03:12:41 PM","2009 Aug 01 12:00:00 AM","T4","Departure","Domestic","411,723"
"2018 Apr 18 03:12:41 PM","2012 Dec 01 12:00:00 AM","T5","Departure","Domestic","232,067"
"2018 Apr 18 03:12:41 PM","2007 Sep 01 12:00:00 AM","TBIT","Departure","International","349,220"
"2021 Jan 10 06:01:37 AM","2020 Nov 01 12:00:00 AM","T7","Arrival","International","34,970"
"2018 Apr 18 03:12:41 PM","2007 Dec 01 12:00:00 AM","TBIT","Arrival","International","387,137"
"2018 Apr 18 03:12:41 PM","2008 Sep 01 12:00:00 AM","T6","Departure","Domestic","236,130"
"2018 Apr 18 03:12:41 PM","2017 Jun 01 12:00:00 AM","T1","Arrival","Domestic","419,131"
"2018 Apr 18 03:12:41 PM","2010 Feb 01 12:00:00 AM","T3","Arrival","International","14,323"
"2018 Apr 18 03:12:41 PM","2013 Jul 01 12:00:00 AM","T5","Departure","Domestic","325,346"
"2018 Apr 18 03:12:41 PM","2008 Aug 01 12:00:00 AM","T3","Arrival","Domestic","198,749"
"2021 Feb 02 08:17:02 AM","2021 Jan 01 12:00:00 AM","T2","Arrival","International","800"
"2018 Apr 18 03:12:41 PM","2016 Nov 01 12:00:00 AM","TBIT","Departure","International","489,324"
"2018 Apr 18 03:12:41 PM","2014 May 01 12:00:00 AM","T7","Arrival","International","87,474"
"2018 Apr 18 03:12:41 PM","2017 Apr 01 12:00:00 AM","Miscellaneous Terminal","Departure","International","4,506"
"2018 Jul 11 02:24:22 PM","2018 May 01 12:00:00 AM","TBIT","Departure","Domestic","20,317"
"2019 Sep 27 07:57:24 AM","2019 Aug 01 12:00:00 AM","TBIT","Departure","Domestic","27,296"
"2018 Apr 18 03:12:41 PM","2009 Sep 01 12:00:00 AM","T3","Arrival","Domestic","159,191"
"2018 Apr 18 03:12:41 PM","2015 Oct 01 12:00:00 AM","TBIT","Departure","Domestic","17,788"
"2018 Apr 18 03:12:41 PM","2014 Jan 01 12:00:00 AM","T6","Arrival","Domestic","262,902"
"2018 Apr 18 03:12:41 PM","2016 Jul 01 12:00:00 AM","T8","Departure","International","14,534"
"2018 Apr 18 03:12:41 PM","2009 May 01 12:00:00 AM","T5","Departure","International","20,595"
"2018 Apr 18 03:12:41 PM","2013 Feb 01 12:00:00 AM","T6","Arrival","International","55,198"
"2018 Apr 18 03:12:41 PM","2006 Mar 01 12:00:00 AM","T1","Arrival","Domestic","425,575"
"2018 Apr 18 03:12:41 PM","2009 Nov 01 12:00:00 AM","T3","Departure","Domestic","155,573"
"2018 Apr 18 03:12:41 PM","2006 Sep 01 12:00:00 AM","T1","Departure","Domestic","376,874"
"2018 Apr 18 03:12:41 PM","2016 Jul 01 12:00:00 AM","Miscellaneous Terminal","Departure","Domestic","130,768"
"2018 Apr 18 03:12:41 PM","2017 Nov 01 12:00:00 AM","T6","Arrival","International","49,993"
"2018 Apr 18 03:12:41 PM","2012 Oct 01 12:00:00 AM","T2","Arrival","Domestic","32,055"
"2018 Apr 18 03:12:41 PM","2014 Jan 01 12:00:00 AM","TBIT","Arrival","International","425,353"
"2018 Apr 18 03:12:41 PM","2008 Sep 01 12:00:00 AM","T2","Departure","Domestic","90,164"
"2018 Apr 18 03:12:41 PM","2010 Feb 01 12:00:00 AM","Miscellaneous Terminal","Departure","Domestic","53"
"2018 Apr 18 03:12:41 PM","2006 Feb 01 12:00:00 AM","T7","Departure","International","37,687"
"2018 Apr 18 03:12:41 PM","2011 May 01 12:00:00 AM","T7","Departure","International","35,806"
"2018 Apr 18 03:12:41 PM","2018 Jan 01 12:00:00 AM","T8","Arrival","Domestic","96,228"
"2018 Apr 18 03:12:41 PM","2014 Dec 01 12:00:00 AM","Miscellaneous Terminal","Arrival","International","26"
"2018 Apr 18 03:12:41 PM","2007 Jan 01 12:00:00 AM","T6","Arrival","International","756"
"2018 Apr 18 03:12:41 PM","2008 Apr 01 12:00:00 AM","T4","Departure","International","40,769"
"2018 Apr 18 03:12:41 PM","2013 Nov 01 12:00:00 AM","T8","Departure","International","6,238"
"2018 Apr 18 03:12:41 PM","2018 Feb 01 12:00:00 AM","T7","Departure","International","38,730"
"2018 Apr 18 03:12:41 PM","2018 Jan 01 12:00:00 AM","T1","Arrival","Domestic","384,416"
"2018 Apr 18 03:12:41 PM","2014 Sep 01 12:00:00 AM","T1","Arrival","Domestic","320,597"
"2018 Apr 18 03:12:41 PM","2018 Jan 01 12:00:00 AM","Miscellaneous Terminal","Arrival","International","4,288"
"2018 Apr 18 03:12:41 PM","2015 Jul 01 12:00:00 AM","T1","Arrival","Domestic","396,475"
"2018 Apr 18 03:12:41 PM","2015 Jun 01 12:00:00 AM","T3","Departure","Domestic","301,678"
"2018 Apr 18 03:12:41 PM","2007 Sep 01 12:00:00 AM","T2","Arrival","Domestic","95,208"
"2018 Apr 18 03:12:41 PM","2008 Jun 01 12:00:00 AM","T5","Arrival","Domestic","218,719"
"2018 Apr 18 03:12:41 PM","2006 Nov 01 12:00:00 AM","T1","Departure","International","637"
"2020 Nov 10 06:01:35 AM","2020 Oct 01 12:00:00 AM","TBIT","Arrival","Domestic","312"
"2018 Apr 18 03:12:41 PM","2009 Jul 01 12:00:00 AM","T3","Departure","International","54,539"
"2018 Apr 18 03:12:41 PM","2009 Jul 01 12:00:00 AM","T1","Departure","Domestic","407,772"
"2018 Apr 18 03:12:41 PM","2016 Sep 01 12:00:00 AM","T6","Arrival","Domestic","295,413"
"2018 Apr 18 03:12:41 PM","2009 Feb 01 12:00:00 AM","T3","Arrival","International","14,235"
"2018 Apr 18 03:12:41 PM","2015 Jan 01 12:00:00 AM","T8","Departure","International","8,715"
"2018 Apr 18 03:12:41 PM","2014 Oct 01 12:00:00 AM","T8","Arrival","International","2,362"
"2018 Apr 18 03:12:41 PM","2007 Aug 01 12:00:00 AM","T8","Departure","Domestic","111,180"
"2018 Apr 18 03:12:41 PM","2008 Dec 01 12:00:00 AM","T3","Arrival","International","15,045"
"2018 Apr 18 03:12:41 PM","2006 May 01 12:00:00 AM","T7","Departure","International","36,643"
"2018 Apr 18 03:12:41 PM","2017 Feb 01 12:00:00 AM","T1","Arrival","Domestic","326,618"
"2018 Apr 18 03:12:41 PM","2012 Dec 01 12:00:00 AM","T4","Arrival","International","20,730"
"2020 Aug 10 06:01:25 AM","2020 Jul 01 12:00:00 AM","T1","Arrival","Domestic","116,944"
"2018 Apr 18 03:12:41 PM","2009 May 01 12:00:00 AM","T2","Departure","Domestic","101,571"
"2018 Apr 18 03:12:41 PM","2007 Nov 01 12:00:00 AM","T8","Departure","International","3,153"
"2021 Mar 10 06:01:08 AM","2021 Feb 01 12:00:00 AM","Miscellaneous Terminal","Arrival","International","8"
"2018 Apr 18 03:12:41 PM","2012 Jun 01 12:00:00 AM","T6","Arrival","International","20,306"
"2018 Apr 18 03:12:41 PM","2016 Aug 01 12:00:00 AM","T2","Departure","Domestic","53,451"
"2018 Apr 18 03:12:41 PM","2010 Oct 01 12:00:00 AM","T4","Departure","International","45,016"
"2019 Aug 23 03:41:00 PM","2019 Jul 01 12:00:00 AM","T1","Departure","International","9,009"
"2020 Dec 07 01:58:36 PM","2020 Oct 01 12:00:00 AM","T4","Arrival","Domestic","170,655"
"2018 Apr 18 03:12:41 PM","2011 Sep 01 12:00:00 AM","T1","Departure","Domestic","353,377"
"2018 Apr 18 03:12:41 PM","2015 Feb 01 12:00:00 AM","T1","Arrival","Domestic","298,575"
"2018 Apr 18 03:12:41 PM","2017 Jun 01 12:00:00 AM","T3","Departure","Domestic","309,161"
"2018 Apr 18 03:12:41 PM","2015 Jan 01 12:00:00 AM","TBIT","Departure","International","435,612"
"2018 Apr 18 03:12:41 PM","2008 Jun 01 12:00:00 AM","T6","Departure","International","4,937"
"2020 Aug 03 07:35:04 AM","2020 Jun 01 12:00:00 AM","Miscellaneous Terminal","Arrival","Domestic","187"
"2018 May 23 07:44:39 AM","2018 Apr 01 12:00:00 AM","Miscellaneous Terminal","Arrival","International","6,072"
"2018 Jul 11 02:24:22 PM","2018 Jun 01 12:00:00 AM","TBIT","Arrival","Domestic","8,739"
"2018 Sep 26 09:27:08 AM","2018 Aug 01 12:00:00 AM","T8","Arrival","Domestic","177,207"
"2018 Apr 18 03:12:41 PM","2013 Aug 01 12:00:00 AM","T8","Departure","International","6,199"
"2018 Apr 18 03:12:41 PM","2013 Mar 01 12:00:00 AM","TBIT","Departure","Domestic","7,619"
"2018 Apr 18 03:12:41 PM","2013 Sep 01 12:00:00 AM","T3","Arrival","Domestic","211,892"
"2018 Apr 18 03:12:41 PM","2006 Nov 01 12:00:00 AM","T6","Departure","International","3,803"
"2018 Apr 18 03:12:41 PM","2010 Aug 01 12:00:00 AM","T6","Arrival","Domestic","308,222"
"2018 Apr 18 03:12:41 PM","2010 Sep 01 12:00:00 AM","Miscellaneous Terminal","Arrival","International","9"
"2018 Apr 18 03:12:41 PM","2008 Mar 01 12:00:00 AM","T5","Arrival","Domestic","197,027"
"2018 Apr 18 03:12:41 PM","2014 Nov 01 12:00:00 AM","T5","Arrival","Domestic","293,539"
"2020 Apr 29 07:14:24 AM","2020 Mar 01 12:00:00 AM","T2","Arrival","International","43,975"
"2018 Apr 18 03:12:41 PM","2012 May 01 12:00:00 AM","T7","Arrival","International","73,602"
"2018 Apr 18 03:12:41 PM","2011 Mar 01 12:00:00 AM","T2","Departure","International","186,213"
"2018 Apr 18 03:12:41 PM","2011 Jul 01 12:00:00 AM","T6","Arrival","International","8,275"
"2019 Oct 10 06:01:25 AM","2019 Sep 01 12:00:00 AM","T1","Departure","International","5,267"
"2020 Feb 28 08:21:30 AM","2020 Jan 01 12:00:00 AM","T8","Departure","Domestic","117,653"
"2018 Apr 18 03:12:41 PM","2006 Jan 01 12:00:00 AM","T8","Arrival","Domestic","101,253"
"2018 Apr 18 03:12:41 PM","2010 Jun 01 12:00:00 AM","T3","Arrival","Domestic","176,694"
"2018 Apr 18 03:12:41 PM","2010 Mar 01 12:00:00 AM","T2","Arrival","International","161,387"
"2018 Apr 18 03:12:41 PM","2008 Apr 01 12:00:00 AM","Imperial Terminal","Arrival","Domestic","146"
"2018 Apr 18 03:12:41 PM","2008 Jul 01 12:00:00 AM","T5","Departure","International","50,295"
"2018 Apr 18 03:12:41 PM","2014 Oct 01 12:00:00 AM","T5","Departure","International","48,543"
"2018 Apr 18 03:12:41 PM","2009 Nov 01 12:00:00 AM","T4","Arrival","International","18,399"
"2018 Apr 18 03:12:41 PM","2015 May 01 12:00:00 AM","T2","Departure","International","186,395"
"2018 Apr 18 03:12:41 PM","2009 Aug 01 12:00:00 AM","T7","Arrival","International","29,330"
"2018 Apr 18 03:12:41 PM","2016 Sep 01 12:00:00 AM","TBIT","Departure","International","549,797"
"2018 Apr 18 03:12:41 PM","2009 Feb 01 12:00:00 AM","Miscellaneous Terminal","Departure","Domestic","218"
"2018 Apr 18 03:12:41 PM","2013 Nov 01 12:00:00 AM","T4","Arrival","Domestic","331,106"
"2018 Apr 18 03:12:41 PM","2006 Dec 01 12:00:00 AM","T2","Departure","International","167,888"
"2018 Apr 18 03:12:41 PM","2016 Oct 01 12:00:00 AM","TBIT","Departure","International","561,063"
"2018 Apr 18 03:12:41 PM","2006 Apr 01 12:00:00 AM","Imperial Terminal","Arrival","Domestic","545"
"2018 Apr 18 03:12:41 PM","2013 Jun 01 12:00:00 AM","TBIT","Arrival","Domestic","8,695"
"2018 Apr 18 03:12:41 PM","2012 Feb 01 12:00:00 AM","T8","Arrival","International","1,589"
"2018 Apr 18 03:12:41 PM","2014 Jan 01 12:00:00 AM","TBIT","Departure","Domestic","6,262"
"2018 Apr 18 03:12:41 PM","2013 Mar 01 12:00:00 AM","Miscellaneous Terminal","Departure","Domestic","79,611"
"2018 Apr 18 03:12:41 PM","2010 May 01 12:00:00 AM","T7","Arrival","Domestic","236,150"
"2018 Apr 18 03:12:41 PM","2015 Apr 01 12:00:00 AM","TBIT","Arrival","International","496,837"
"2019 May 28 06:24:45 AM","2019 Apr 01 12:00:00 AM","T6","Departure","Domestic","243,156"
"2018 Apr 18 03:12:41 PM","2009 Apr 01 12:00:00 AM","T1","Arrival","Domestic","380,872"
"2018 Apr 18 03:12:41 PM","2015 Jan 01 12:00:00 AM","TBIT","Arrival","Domestic","12,222"
"2018 Apr 18 03:12:41 PM","2012 Aug 01 12:00:00 AM","T1","Departure","Domestic","460,609"
"2018 Apr 18 03:12:41 PM","2012 Aug 01 12:00:00 AM","T3","Arrival","Domestic","204,654"
"2018 Apr 18 03:12:41 PM","2013 Dec 01 12:00:00 AM","T8","Arrival","International","3,540"
"2018 Apr 18 03:12:41 PM","2012 Nov 01 12:00:00 AM","T6","Departure","International","64,003"
"2018 Apr 18 03:12:41 PM","2006 Dec 01 12:00:00 AM","Miscellaneous Terminal","Arrival","Domestic","799"
"2018 Apr 18 03:12:41 PM","2016 May 01 12:00:00 AM","TBIT","Departure","Domestic","35,825"
"2018 Apr 18 03:12:41 PM","2006 Oct 01 12:00:00 AM","T2","Arrival","International","157,705"
"2018 Apr 18 03:12:41 PM","2014 Apr 01 12:00:00 AM","T5","Arrival","International","43,672"
"2018 Apr 18 03:12:41 PM","2016 Nov 01 12:00:00 AM","T3","Departure","International","2,428"
"2018 Apr 18 03:12:41 PM","2008 Oct 01 12:00:00 AM","T7","Departure","Domestic","229,758"
"2018 Apr 18 03:12:41 PM","2013 May 01 12:00:00 AM","TBIT","Arrival","International","391,031"
"2018 Apr 18 03:12:41 PM","2016 Jul 01 12:00:00 AM","Miscellaneous Terminal","Arrival","International","5,031"
"2018 Apr 18 03:12:41 PM","2013 Jun 01 12:00:00 AM","TBIT","Arrival","International","449,595"
"2020 Jan 10 06:01:24 AM","2019 Dec 01 12:00:00 AM","T3","Departure","Domestic","272,217"
"2020 Apr 10 06:01:22 AM","2020 Mar 01 12:00:00 AM","TBIT","Departure","Domestic","10,871"
"2018 Apr 18 03:12:41 PM","2015 Nov 01 12:00:00 AM","T2","Arrival","Domestic","37,733"
"2020 May 10 06:01:34 AM","2020 Apr 01 12:00:00 AM","T7","Departure","Domestic","14,291"
"2018 Apr 18 03:12:41 PM","2013 Oct 01 12:00:00 AM","T3","Arrival","Domestic","230,194"
"2018 Apr 18 03:12:41 PM","2008 Apr 01 12:00:00 AM","TBIT","Departure","Domestic","329"
"2019 Nov 14 03:00:43 PM","2019 Oct 01 12:00:00 AM","T5","Departure","Domestic","423,364"
"2018 Apr 18 03:12:41 PM","2013 Apr 01 12:00:00 AM","T5","Arrival","International","43,521"
"2018 Apr 18 03:12:41 PM","2008 Mar 01 12:00:00 AM","T4","Arrival","International","78,708"
"2018 May 23 07:44:39 AM","2018 Apr 01 12:00:00 AM","TBIT","Arrival","Domestic","7,396"
"2018 Apr 18 03:12:41 PM","2016 Jul 01 12:00:00 AM","Miscellaneous Terminal","Arrival","Domestic","127,617"
"2018 Apr 18 03:12:41 PM","2017 Mar 01 12:00:00 AM","T7","Arrival","Domestic","273,834"
"2019 Mar 14 06:45:08 AM","2019 Feb 01 12:00:00 AM","T2","Departure","International","70,437"
"2019 May 28 06:24:45 AM","2019 Apr 01 12:00:00 AM","T5","Arrival","International","5,776"
"2018 Apr 18 03:12:41 PM","2009 Apr 01 12:00:00 AM","T7","Departure","International","26,068"
"2018 Apr 18 03:12:41 PM","2014 Jul 01 12:00:00 AM","T5","Departure","International","30,332"
"2018 Apr 18 03:12:41 PM","2016 Jan 01 12:00:00 AM","T5","Departure","International","66,265"
"2018 Apr 18 03:12:41 PM","2017 May 01 12:00:00 AM","T4","Departure","Domestic","321,042"
"2018 Apr 18 03:12:41 PM","2006 Jan 01 12:00:00 AM","T3","Arrival","International","26,585"
"2018 Apr 18 03:12:41 PM","2011 May 01 12:00:00 AM","T7","Arrival","Domestic","228,224"
"2018 Apr 18 03:12:41 PM","2010 Jul 01 12:00:00 AM","T4","Arrival","Domestic","419,766"
"2020 Mar 10 06:01:27 AM","2020 Feb 01 12:00:00 AM","T1","Departure","International","397"
"2018 Apr 18 03:12:41 PM","2015 May 01 12:00:00 AM","T6","Arrival","Domestic","296,301"
"2018 Apr 18 03:12:41 PM","2011 Oct 01 12:00:00 AM","T3","Arrival","International","12,737"
"2018 Apr 18 03:12:41 PM","2015 Apr 01 12:00:00 AM","T2","Arrival","International","168,743"
"2018 Dec 26 06:52:40 AM","2018 Nov 01 12:00:00 AM","T5","Arrival","International","10,184"
"2018 Apr 18 03:12:41 PM","2009 May 01 12:00:00 AM","T8","Departure","Domestic","99,339"
"2018 Apr 18 03:12:41 PM","2011 May 01 12:00:00 AM","T7","Arrival","International","23,167"
"2018 Apr 18 03:12:41 PM","2007 Apr 01 12:00:00 AM","T3","Departure","Domestic","165,000"
"2018 Apr 18 03:12:41 PM","2015 Dec 01 12:00:00 AM","Miscellaneous Terminal","Arrival","Domestic","97,868"
"2021 Apr 01 09:37:48 AM","2021 Feb 01 12:00:00 AM","T5","Departure","International","657"
"2019 Apr 10 06:01:25 AM","2019 Mar 01 12:00:00 AM","T5","Departure","Domestic","395,707"
"2018 Apr 18 03:12:41 PM","2007 Jan 01 12:00:00 AM","T1","Departure","Domestic","381,419"
"2018 Apr 18 03:12:41 PM","2010 Jun 01 12:00:00 AM","T8","Departure","International","8,913"
"2018 Apr 18 03:12:41 PM","2017 May 01 12:00:00 AM","T6","Departure","Domestic","311,405"
"2018 Apr 18 03:12:41 PM","2008 Nov 01 12:00:00 AM","Miscellaneous Terminal","Departure","Domestic","333"
"2018 Apr 18 03:12:41 PM","2007 Jun 01 12:00:00 AM","T4","Arrival","International","59,844"
"2019 May 10 06:01:23 AM","2019 Apr 01 12:00:00 AM","T7","Departure","Domestic","333,158"
"2018 Apr 18 03:12:41 PM","2007 Jan 01 12:00:00 AM","T8","Arrival","International","3,273"
"2020 Sep 28 04:07:45 PM","2020 Aug 01 12:00:00 AM","T8","Arrival","Domestic","9,694"
"2019 May 10 06:01:23 AM","2019 Apr 01 12:00:00 AM","T8","Departure","Domestic","147,019"
"2018 Apr 18 03:12:41 PM","2016 Jan 01 12:00:00 AM","T8","Departure","International","7,627"
"2018 Apr 18 03:12:41 PM","2006 Nov 01 12:00:00 AM","T3","Arrival","Domestic","150,518"
"2018 Apr 18 03:12:41 PM","2008 Jun 01 12:00:00 AM","Miscellaneous Terminal","Arrival","Domestic","183"
"2018 Apr 18 03:12:41 PM","2014 May 01 12:00:00 AM","T4","Arrival","Domestic","379,696"
"2018 Apr 18 03:12:41 PM","2014 Aug 01 12:00:00 AM","T1","Departure","Domestic","381,989"
"2018 Sep 26 09:27:08 AM","2018 Aug 01 12:00:00 AM","T4","Departure","International","81,311"
"2018 Apr 18 03:12:41 PM","2017 Aug 01 12:00:00 AM","T4","Arrival","Domestic","378,528"
"2018 Apr 18 03:12:41 PM","2016 Jan 01 12:00:00 AM","Miscellaneous Terminal","Arrival","International","4,727"
"2020 Aug 03 07:35:04 AM","2020 Jun 01 12:00:00 AM","T5","Departure","Domestic","76,972"
"2018 Apr 18 03:12:41 PM","2016 Aug 01 12:00:00 AM","T2","Arrival","Domestic","58,812"
"2018 Apr 18 03:12:41 PM","2008 Nov 01 12:00:00 AM","T6","Arrival","Domestic","219,532"
"2018 Apr 18 03:12:41 PM","2009 Apr 01 12:00:00 AM","T6","Arrival","International","213"
"2018 Apr 18 03:12:41 PM","2017 May 01 12:00:00 AM","T4","Arrival","Domestic","340,844"
"2018 Apr 18 03:12:41 PM","2006 Jul 01 12:00:00 AM","T8","Departure","Domestic","116,863"
"2018 Apr 18 03:12:41 PM","2009 Oct 01 12:00:00 AM","T6","Arrival","International","10,834"
"2018 Apr 18 03:12:41 PM","2006 May 01 12:00:00 AM","T3","Departure","Domestic","145,835"
"2018 Apr 18 03:12:41 PM","2011 Aug 01 12:00:00 AM","T5","Departure","Domestic","289,052"
"2018 Apr 18 03:12:41 PM","2007 Jul 01 12:00:00 AM","Miscellaneous Terminal","Arrival","International","2"
"2019 May 28 06:24:45 AM","2019 Apr 01 12:00:00 AM","T2","Departure","Domestic","289,611"
"2018 Apr 18 03:12:41 PM","2009 May 01 12:00:00 AM","T1","Departure","Domestic","374,964"
"2021 Mar 03 10:48:12 AM","2021 Jan 01 12:00:00 AM","T8","Arrival","Domestic","27,255"
"2018 Apr 18 03:12:41 PM","2007 May 01 12:00:00 AM","T3","Departure","International","62,716"
"2018 Apr 18 03:12:41 PM","2014 Dec 01 12:00:00 AM","T7","Departure","Domestic","325,034"
"2018 Apr 18 03:12:41 PM","2011 Apr 01 12:00:00 AM","T2","Departure","Domestic","26,118"
"2018 Apr 18 03:12:41 PM","2008 Feb 01 12:00:00 AM","Miscellaneous Terminal","Departure","Domestic","342"
"2019 Jun 24 01:17:06 PM","2019 May 01 12:00:00 AM","T6","Arrival","International","57,959"
"2018 Apr 18 03:12:41 PM","2009 Apr 01 12:00:00 AM","T2","Arrival","Domestic","95,027"
"2018 Apr 18 03:12:41 PM","2009 Jan 01 12:00:00 AM","T6","Departure","Domestic","164,247"
"2018 Apr 18 03:12:41 PM","2006 Dec 01 12:00:00 AM","TBIT","Arrival","International","352,428"
"2018 Apr 18 03:12:41 PM","2007 Mar 01 12:00:00 AM","T6","Departure","Domestic","214,758"
"2018 Apr 18 03:12:41 PM","2010 Jun 01 12:00:00 AM","T1","Arrival","Domestic","393,387"
"2018 Apr 18 03:12:41 PM","2011 Nov 01 12:00:00 AM","TBIT","Arrival","International","347,432"
"2018 Apr 18 03:12:41 PM","2008 Aug 01 12:00:00 AM","T2","Departure","Domestic","110,858"
"2018 Apr 18 03:12:41 PM","2013 Nov 01 12:00:00 AM","T7","Arrival","International","77,455"
"2018 Apr 18 03:12:41 PM","2008 Apr 01 12:00:00 AM","T1","Departure","International","274"
"2020 Aug 03 07:35:04 AM","2020 Jun 01 12:00:00 AM","T8","Arrival","Domestic","142"
"2018 Apr 18 03:12:41 PM","2008 Jan 01 12:00:00 AM","T8","Departure","International","3,189"
"2018 Apr 18 03:12:41 PM","2015 Aug 01 12:00:00 AM","T4","Departure","International","58,094"
"2018 Apr 18 03:12:41 PM","2012 Apr 01 12:00:00 AM","T7","Arrival","International","71,636"
"2018 Apr 18 03:12:41 PM","2008 Jan 01 12:00:00 AM","T7","Departure","Domestic","207,093"
"2018 Apr 18 03:12:41 PM","2010 Jul 01 12:00:00 AM","T2","Arrival","International","209,013"
"2018 Apr 18 03:12:41 PM","2008 Jul 01 12:00:00 AM","T3","Departure","Domestic","206,619"
"2018 Apr 18 03:12:41 PM","2013 Feb 01 12:00:00 AM","T2","Arrival","International","150,854"
"2018 Apr 18 03:12:41 PM","2008 Dec 01 12:00:00 AM","T4","Arrival","International","34,976"
"2018 Apr 18 03:12:41 PM","2013 Dec 01 12:00:00 AM","T5","Departure","International","44,444"
"2018 Apr 18 03:12:41 PM","2010 Jul 01 12:00:00 AM","T7","Departure","International","31,085"
"2018 Apr 18 03:12:41 PM","2007 Oct 01 12:00:00 AM","T6","Departure","International","3,609"
"2018 Apr 18 03:12:41 PM","2009 Sep 01 12:00:00 AM","T5","Departure","International","20,948"
"2018 Apr 18 03:12:41 PM","2017 Nov 01 12:00:00 AM","T2","Departure","International","105,762"
"2018 Apr 18 03:12:41 PM","2010 Jul 01 12:00:00 AM","T5","Departure","International","22,809"
"2018 Apr 18 03:12:41 PM","2017 Apr 01 12:00:00 AM","T3","Departure","International","2,757"
"2018 Dec 26 06:52:40 AM","2018 Nov 01 12:00:00 AM","T2","Arrival","International","94,334"
"2018 Apr 18 03:12:41 PM","2014 Apr 01 12:00:00 AM","T7","Departure","International","40,820"
"2018 Apr 18 03:12:41 PM","2006 Apr 01 12:00:00 AM","T5","Departure","International","28,241"
"2018 Apr 18 03:12:41 PM","2016 Oct 01 12:00:00 AM","T3","Departure","International","2,180"
"2018 Apr 18 03:12:41 PM","2017 Jun 01 12:00:00 AM","T6","Arrival","Domestic","270,767"
"2018 Apr 18 03:12:41 PM","2014 Sep 01 12:00:00 AM","T7","Departure","Domestic","247,028"
"2018 Apr 18 03:12:41 PM","2010 Sep 01 12:00:00 AM","T5","Departure","International","16,400"
"2018 Apr 18 03:12:41 PM","2017 Oct 01 12:00:00 AM","T8","Arrival","International","4,761"
"2020 Apr 08 09:58:08 AM","2020 Mar 01 12:00:00 AM","T3","Departure","Domestic","125,127"
"2018 Apr 18 03:12:41 PM","2016 Sep 01 12:00:00 AM","Miscellaneous Terminal","Departure","International","2,004"
"2018 Apr 18 03:12:41 PM","2013 Sep 01 12:00:00 AM","TBIT","Arrival","Domestic","8,693"
"2018 Apr 18 03:12:41 PM","2006 Mar 01 12:00:00 AM","T7","Departure","International","43,017"
"2020 Apr 08 09:58:08 AM","2020 Feb 01 12:00:00 AM","T8","Departure","International","2,924"
"2019 Sep 27 07:57:24 AM","2019 Aug 01 12:00:00 AM","T5","Arrival","Domestic","474,083"
"2018 Apr 18 03:12:41 PM","2012 Apr 01 12:00:00 AM","T4","Departure","Domestic","426,688"
"2018 Apr 18 03:12:41 PM","2009 Oct 01 12:00:00 AM","Miscellaneous Terminal","Departure","Domestic","78"
"2018 Apr 18 03:12:41 PM","2017 Oct 01 12:00:00 AM","Miscellaneous Terminal","Departure","Domestic","122,702"
"2019 Apr 29 01:10:30 PM","2019 Jan 01 12:00:00 AM","TBIT","Arrival","International","764,497"
"2018 Apr 18 03:12:41 PM","2011 Jan 01 12:00:00 AM","T3","Arrival","Domestic","182,314"
"2018 Apr 18 03:12:41 PM","2007 Jun 01 12:00:00 AM","T4","Departure","Domestic","437,459"
"2019 Apr 10 06:01:25 AM","2019 Mar 01 12:00:00 AM","T2","Arrival","Domestic","221,637"
"2018 Apr 18 03:12:41 PM","2008 May 01 12:00:00 AM","T4","Departure","Domestic","410,592"
"2018 Apr 18 03:12:41 PM","2006 Apr 01 12:00:00 AM","Imperial Terminal","Departure","Domestic","445"
"2018 Apr 18 03:12:41 PM","2007 Sep 01 12:00:00 AM","T7","Departure","Domestic","218,958"
"2018 Apr 18 03:12:41 PM","2011 Sep 01 12:00:00 AM","T4","Arrival","International","12,874"
"2018 Apr 18 03:12:41 PM","2009 Sep 01 12:00:00 AM","T2","Departure","International","150,316"
"2018 Oct 29 10:20:51 AM","2018 Sep 01 12:00:00 AM","T2","Arrival","International","119,522"
"2018 Apr 18 03:12:41 PM","2016 Apr 01 12:00:00 AM","Imperial Terminal","Arrival","Domestic","56"
"2018 Apr 18 03:12:41 PM","2009 Dec 01 12:00:00 AM","TBIT","Arrival","International","417,138"
"2018 Apr 18 03:12:41 PM","2008 Nov 01 12:00:00 AM","T6","Arrival","International","426"
"2018 Apr 18 03:12:41 PM","2017 Oct 01 12:00:00 AM","T3","Arrival","Domestic","318,036"
"2018 Apr 18 03:12:41 PM","2006 Jun 01 12:00:00 AM","T3","Arrival","International","19,948"
"2018 Apr 18 03:12:41 PM","2009 Jun 01 12:00:00 AM","T5","Departure","Domestic","177,065"
"2018 Apr 18 03:12:41 PM","2007 Oct 01 12:00:00 AM","T8","Arrival","Domestic","117,003"
"2018 Apr 18 03:12:41 PM","2017 Nov 01 12:00:00 AM","T7","Departure","International","49,197"
"2018 Apr 18 03:12:41 PM","2010 Dec 01 12:00:00 AM","T3","Arrival","Domestic","210,599"
"2018 Apr 18 03:12:41 PM","2015 Jan 01 12:00:00 AM","T3","Arrival","Domestic","215,696"
"2018 Apr 18 03:12:41 PM","2017 Jan 01 12:00:00 AM","T7","Arrival","International","69,449"
"2018 Apr 18 03:12:41 PM","2010 Dec 01 12:00:00 AM","T5","Arrival","International","8,383"
"2018 Apr 18 03:12:41 PM","2014 Apr 01 12:00:00 AM","T7","Arrival","Domestic","248,411"
"2020 Apr 29 07:14:24 AM","2020 Mar 01 12:00:00 AM","T2","Departure","International","36,412"
"2018 Apr 18 03:12:41 PM","2009 Feb 01 12:00:00 AM","T8","Arrival","International","4,087"
"2018 Apr 18 03:12:41 PM","2009 Jul 01 12:00:00 AM","T8","Arrival","International","5,018"
"2018 Apr 18 03:12:41 PM","2014 Dec 01 12:00:00 AM","T1","Departure","Domestic","361,469"
"2018 Apr 18 03:12:41 PM","2009 Jun 01 12:00:00 AM","T2","Arrival","Domestic","114,577"
"2018 Apr 18 03:12:41 PM","2006 Jun 01 12:00:00 AM","T7","Departure","International","47,960"
"2019 Nov 14 03:00:43 PM","2019 Oct 01 12:00:00 AM","T8","Departure","International","5,509"
"2018 Apr 18 03:12:41 PM","2017 Sep 01 12:00:00 AM","T8","Arrival","Domestic","131,841"
"2018 Apr 18 03:12:41 PM","2017 Mar 01 12:00:00 AM","T1","Departure","International","17,516"
"2018 Aug 24 11:01:04 AM","2018 Jul 01 12:00:00 AM","Miscellaneous Terminal","Departure","Domestic","125,741"
"2018 Apr 18 03:12:41 PM","2014 Jul 01 12:00:00 AM","TBIT","Departure","International","470,066"
"2018 Apr 18 03:12:41 PM","2010 Jun 01 12:00:00 AM","T2","Arrival","International","174,858"
"2018 Apr 18 03:12:41 PM","2007 Apr 01 12:00:00 AM","T8","Arrival","International","3,500"
"2018 Apr 18 03:12:41 PM","2016 Dec 01 12:00:00 AM","T5","Arrival","International","66,895"
"2018 Apr 18 03:12:41 PM","2015 Jan 01 12:00:00 AM","T6","Departure","International","50,801"
"2018 Apr 18 03:12:41 PM","2010 Aug 01 12:00:00 AM","T4","Departure","Domestic","412,777"
"2018 Apr 18 03:12:41 PM","2006 May 01 12:00:00 AM","T7","Departure","Domestic","278,511"
"2018 Apr 18 03:12:41 PM","2011 Mar 01 12:00:00 AM","Miscellaneous Terminal","Arrival","Domestic","91"
"2018 Apr 18 03:12:41 PM","2018 Jan 01 12:00:00 AM","T3","Arrival","International","1,886"
"2018 Apr 18 03:12:41 PM","2009 Apr 01 12:00:00 AM","T4","Departure","Domestic","377,533"
"2018 Apr 18 03:12:41 PM","2008 Aug 01 12:00:00 AM","T8","Arrival","International","5,745"
"2018 Apr 18 03:12:41 PM","2015 Sep 01 12:00:00 AM","T3","Arrival","Domestic","262,814"
"2020 Jan 02 10:43:42 AM","2019 Nov 01 12:00:00 AM","T3","Departure","International","41,339"
"2018 Apr 18 03:12:41 PM","2016 Dec 01 12:00:00 AM","T6","Arrival","Domestic","313,204"
"2018 Apr 18 03:12:41 PM","2016 Jun 01 12:00:00 AM","T7","Departure","International","48,170"
"2018 Apr 18 03:12:41 PM","2006 Jun 01 12:00:00 AM","T6","Departure","Domestic","238,648"
"2018 Apr 18 03:12:41 PM","2016 Oct 01 12:00:00 AM","T5","Departure","International","58,861"
"2018 Apr 18 03:12:41 PM","2007 Dec 01 12:00:00 AM","T2","Departure","International","171,589"
"2020 Apr 08 09:58:08 AM","2020 Feb 01 12:00:00 AM","T7","Departure","Domestic","261,720"
"2018 Apr 18 03:12:41 PM","2007 Apr 01 12:00:00 AM","Imperial Terminal","Departure","Domestic","103"
"2018 Apr 18 03:12:41 PM","2015 Oct 01 12:00:00 AM","T3","Departure","International","2,197"
"2020 Oct 10 06:01:21 AM","2020 Sep 01 12:00:00 AM","T1","Arrival","Domestic","112,399"
"2018 Apr 18 03:12:41 PM","2007 Apr 01 12:00:00 AM","T5","Arrival","International","33,189"
"2018 Apr 18 03:12:41 PM","2014 Oct 01 12:00:00 AM","T6","Arrival","Domestic","300,256"
"2018 Apr 18 03:12:41 PM","2017 Aug 01 12:00:00 AM","T6","Departure","Domestic","287,545"
"2018 Apr 18 03:12:41 PM","2009 Nov 01 12:00:00 AM","T2","Departure","International","140,344"
"2018 Apr 18 03:12:41 PM","2007 Jan 01 12:00:00 AM","T1","Arrival","Domestic","392,130"
"2018 Apr 18 03:12:41 PM","2013 Nov 01 12:00:00 AM","T2","Departure","International","175,978"
"2018 Apr 18 03:12:41 PM","2013 Sep 01 12:00:00 AM","T8","Arrival","International","3,610"
"2018 Apr 18 03:12:41 PM","2018 Jan 01 12:00:00 AM","T2","Arrival","Domestic","185,532"
"2018 Apr 18 03:12:41 PM","2007 Mar 01 12:00:00 AM","T8","Arrival","International","3,543"
"2018 Apr 18 03:12:41 PM","2009 Nov 01 12:00:00 AM","T4","Departure","Domestic","352,521"
"2018 Apr 18 03:12:41 PM","2009 Aug 01 12:00:00 AM","Miscellaneous Terminal","Arrival","Domestic","48"
"2018 Apr 18 03:12:41 PM","2009 Jun 01 12:00:00 AM","T4","Departure","International","38,842"
"2020 Jan 22 06:57:11 AM","2019 Dec 01 12:00:00 AM","T6","Departure","International","108,825"
"2018 Apr 18 03:12:41 PM","2011 Jan 01 12:00:00 AM","T5","Arrival","Domestic","216,480"
"2018 Apr 18 03:12:41 PM","2016 Jun 01 12:00:00 AM","T2","Arrival","Domestic","55,091"
"2019 Aug 23 03:41:00 PM","2019 Jul 01 12:00:00 AM","TBIT","Arrival","Domestic","6,823"
"2018 Apr 18 03:12:41 PM","2011 May 01 12:00:00 AM","T5","Arrival","Domestic","320,432"
"2018 Apr 18 03:12:41 PM","2015 Apr 01 12:00:00 AM","T3","Departure","Domestic","245,155"
"2018 Apr 18 03:12:41 PM","2011 Jun 01 12:00:00 AM","T6","Departure","Domestic","254,889"
"2020 Jan 10 06:01:24 AM","2019 Dec 01 12:00:00 AM","T1","Departure","International","7,455"
"2018 Apr 18 03:12:41 PM","2006 Oct 01 12:00:00 AM","T3","Departure","Domestic","142,307"
"2018 Apr 18 03:12:41 PM","2010 Aug 01 12:00:00 AM","T5","Departure","International","22,421"
"2018 Apr 18 03:12:41 PM","2008 Mar 01 12:00:00 AM","TBIT","Departure","International","364,947"
"2018 Apr 18 03:12:41 PM","2015 Jul 01 12:00:00 AM","T1","Departure","Domestic","389,765"
"2020 May 10 06:01:34 AM","2020 Apr 01 12:00:00 AM","T1","Departure","Domestic","16,635"
"2018 Apr 18 03:12:41 PM","2008 Jun 01 12:00:00 AM","T4","Arrival","Domestic","417,180"
"2018 Apr 18 03:12:41 PM","2016 May 01 12:00:00 AM","T5","Departure","Domestic","418,020"
"2018 Apr 18 03:12:41 PM","2014 Feb 01 12:00:00 AM","T2","Departure","Domestic","25,561"
"2018 Apr 18 03:12:41 PM","2017 Oct 01 12:00:00 AM","TBIT","Arrival","Domestic","8,810"
"2018 Apr 18 03:12:41 PM","2011 Jul 01 12:00:00 AM","T5","Arrival","International","25,349"
"2020 Aug 03 07:35:04 AM","2020 Jun 01 12:00:00 AM","Miscellaneous Terminal","Departure","Domestic","45"
"2018 Apr 18 03:12:41 PM","2006 Jun 01 12:00:00 AM","T3","Departure","International","52,990"
"2018 Apr 18 03:12:41 PM","2006 Sep 01 12:00:00 AM","T7","Arrival","International","32,678"
"2018 Apr 18 03:12:41 PM","2009 Oct 01 12:00:00 AM","T2","Departure","International","147,602"
"2018 Apr 18 03:12:41 PM","2016 Feb 01 12:00:00 AM","T6","Departure","International","50,184"
"2018 Apr 18 03:12:41 PM","2011 Jun 01 12:00:00 AM","T8","Departure","International","14,603"
"2018 Apr 18 03:12:41 PM","2007 Nov 01 12:00:00 AM","T2","Departure","Domestic","96,288"
"2018 Apr 18 03:12:41 PM","2018 Jan 01 12:00:00 AM","T3","Arrival","Domestic","282,955"
"2018 Apr 18 03:12:41 PM","2007 Jul 01 12:00:00 AM","T1","Arrival","Domestic","479,459"
"2018 Apr 18 03:12:41 PM","2011 Nov 01 12:00:00 AM","Miscellaneous Terminal","Departure","Domestic","101"
"2018 Apr 18 03:12:41 PM","2011 Jul 01 12:00:00 AM","T4","Arrival","Domestic","469,390"
"2018 Apr 18 03:12:41 PM","2011 Apr 01 12:00:00 AM","T8","Departure","Domestic","146,254"
"2018 Apr 18 03:12:41 PM","2017 Sep 01 12:00:00 AM","T8","Arrival","International","5,219"
"2018 Apr 18 03:12:41 PM","2017 Jul 01 12:00:00 AM","T1","Arrival","Domestic","427,939"
"2018 Apr 18 03:12:41 PM","2007 Feb 01 12:00:00 AM","T2","Arrival","International","141,149"
"2018 Apr 18 03:12:41 PM","2018 Jan 01 12:00:00 AM","T2","Departure","International","104,254"
"2018 Apr 18 03:12:41 PM","2009 Sep 01 12:00:00 AM","T2","Arrival","Domestic","16,449"
"2020 Apr 08 09:58:08 AM","2020 Feb 01 12:00:00 AM","TBIT","Arrival","Domestic","5,462"
"2018 Apr 18 03:12:41 PM","2007 Sep 01 12:00:00 AM","Imperial Terminal","Arrival","Domestic","90"
"2018 Apr 18 03:12:41 PM","2013 Dec 01 12:00:00 AM","T6","Departure","Domestic","271,674"
"2018 Apr 18 03:12:41 PM","2010 Mar 01 12:00:00 AM","Miscellaneous Terminal","Arrival","Domestic","269"
"2018 Apr 18 03:12:41 PM","2016 Jul 01 12:00:00 AM","T4","Departure","International","64,590"
"2018 Apr 18 03:12:41 PM","2007 Mar 01 12:00:00 AM","T1","Departure","International","358"
"2018 Apr 18 03:12:41 PM","2017 Sep 01 12:00:00 AM","T7","Departure","International","37,309"
"2020 Apr 29 07:14:24 AM","2020 Mar 01 12:00:00 AM","T5","Departure","Domestic","198,623"
"2018 Apr 18 03:12:41 PM","2008 Jan 01 12:00:00 AM","T8","Departure","Domestic","105,342"
"2018 Apr 18 03:12:41 PM","2015 Jan 01 12:00:00 AM","TBIT","Departure","Domestic","6,022"
"2018 Apr 18 03:12:41 PM","2015 Apr 01 12:00:00 AM","T7","Departure","Domestic","275,102"
"2019 Mar 01 11:09:59 AM","2019 Jan 01 12:00:00 AM","Miscellaneous Terminal","Arrival","International","6,428"
"2019 Nov 26 01:26:41 PM","2019 Oct 01 12:00:00 AM","T2","Arrival","International","72,973"
"2018 Apr 18 03:12:41 PM","2008 Dec 01 12:00:00 AM","T1","Arrival","Domestic","394,635"
"2018 Apr 18 03:12:41 PM","2018 Feb 01 12:00:00 AM","T4","Arrival","International","48,949"
"2018 Apr 18 03:12:41 PM","2014 Dec 01 12:00:00 AM","T8","Departure","International","9,736"
"2018 Apr 18 03:12:41 PM","2014 Nov 01 12:00:00 AM","T8","Departure","Domestic","134,986"
"2018 Apr 18 03:12:41 PM","2013 Feb 01 12:00:00 AM","T1","Departure","Domestic","326,986"
"2019 May 28 06:24:45 AM","2019 Apr 01 12:00:00 AM","T4","Departure","International","69,752"
"2019 Mar 01 11:09:59 AM","2019 Jan 01 12:00:00 AM","T6","Departure","Domestic","220,001"
"2018 Apr 18 03:12:41 PM","2013 Jul 01 12:00:00 AM","T7","Arrival","Domestic","309,952"
"2018 Apr 18 03:12:41 PM","2007 Nov 01 12:00:00 AM","T3","Departure","International","57,220"
"2018 Apr 18 03:12:41 PM","2009 Aug 01 12:00:00 AM","TBIT","Departure","Domestic","8,955"
"2018 Apr 18 03:12:41 PM","2006 Nov 01 12:00:00 AM","Imperial Terminal","Departure","Domestic","280"
"2018 Apr 18 03:12:41 PM","2009 May 01 12:00:00 AM","T7","Departure","Domestic","294,837"
"2018 Apr 18 03:12:41 PM","2015 Sep 01 12:00:00 AM","T4","Departure","Domestic","325,485"
"2018 Apr 18 03:12:41 PM","2013 Jun 01 12:00:00 AM","T2","Arrival","Domestic","41,801"
"2018 Apr 18 03:12:41 PM","2016 Aug 01 12:00:00 AM","T7","Departure","Domestic","307,899"
"2018 Apr 18 03:12:41 PM","2012 Sep 01 12:00:00 AM","T7","Departure","International","39,853"
"2018 Apr 18 03:12:41 PM","2017 Jan 01 12:00:00 AM","TBIT","Departure","International","516,463"
"2020 Feb 28 08:21:30 AM","2020 Jan 01 12:00:00 AM","T5","Arrival","Domestic","347,211"
"2018 Apr 18 03:12:41 PM","2014 Aug 01 12:00:00 AM","T8","Arrival","Domestic","127,356"
"2018 Apr 18 03:12:41 PM","2011 May 01 12:00:00 AM","T2","Arrival","International","179,299"
"2018 Apr 18 03:12:41 PM","2007 Dec 01 12:00:00 AM","T3","Departure","Domestic","164,033"
"2018 Aug 21 11:02:45 AM","2018 Jul 01 12:00:00 AM","T8","Arrival","Domestic","190,387"
"2018 Apr 18 03:12:41 PM","2017 Oct 01 12:00:00 AM","T2","Arrival","Domestic","219,468"
"2018 Apr 18 03:12:41 PM","2017 Jul 01 12:00:00 AM","T6","Arrival","International","95,926"
"2018 Apr 18 03:12:41 PM","2015 Sep 01 12:00:00 AM","T6","Departure","Domestic","288,123"
"2018 Apr 18 03:12:41 PM","2014 Jun 01 12:00:00 AM","T7","Departure","Domestic","305,604"
"2018 Apr 18 03:12:41 PM","2015 Mar 01 12:00:00 AM","T6","Arrival","International","745"
"2018 Apr 18 03:12:41 PM","2007 Dec 01 12:00:00 AM","T2","Arrival","International","148,789"
"2018 Apr 18 03:12:41 PM","2011 Nov 01 12:00:00 AM","T2","Departure","Domestic","21,634"
"2020 Apr 08 09:58:08 AM","2020 Feb 01 12:00:00 AM","TBIT","Departure","Domestic","20,359"
"2018 Apr 18 03:12:41 PM","2011 Dec 01 12:00:00 AM","Imperial Terminal","Departure","Domestic","132"
"2018 Apr 18 03:12:41 PM","2006 Mar 01 12:00:00 AM","Imperial Terminal","Departure","Domestic","210"
"2018 Apr 18 03:12:41 PM","2008 Dec 01 12:00:00 AM","TBIT","Departure","International","336,697"
"2018 Apr 18 03:12:41 PM","2006 Jul 01 12:00:00 AM","T5","Arrival","International","36,064"
"2019 Aug 23 03:41:00 PM","2019 Jul 01 12:00:00 AM","T7","Departure","International","49,863"
"2018 Apr 18 03:12:41 PM","2009 Nov 01 12:00:00 AM","T6","Departure","International","16,142"
"2018 Apr 18 03:12:41 PM","2014 Sep 01 12:00:00 AM","T7","Arrival","Domestic","234,369"
"2018 Oct 29 10:20:51 AM","2018 Sep 01 12:00:00 AM","T8","Arrival","International","4,476"
"2018 Apr 18 03:12:41 PM","2011 Jan 01 12:00:00 AM","TBIT","Departure","International","293,741"
"2018 Apr 18 03:12:41 PM","2006 Sep 01 12:00:00 AM","T4","Arrival","Domestic","379,889"
"2018 Apr 18 03:12:41 PM","2012 Jan 01 12:00:00 AM","T2","Departure","Domestic","21,701"
"2018 Apr 18 03:12:41 PM","2014 Sep 01 12:00:00 AM","Miscellaneous Terminal","Arrival","Domestic","48,240"
"2018 Apr 18 03:12:41 PM","2013 Jul 01 12:00:00 AM","TBIT","Arrival","Domestic","9,678"
"2018 Apr 18 03:12:41 PM","2008 Dec 01 12:00:00 AM","T5","Departure","Domestic","174,597"
"2018 Apr 18 03:12:41 PM","2012 Jan 01 12:00:00 AM","TBIT","Departure","International","308,033"
"2020 Nov 10 06:01:35 AM","2020 Oct 01 12:00:00 AM","T8","Departure","Domestic","23,186"
"2018 Apr 18 03:12:41 PM","2008 Feb 01 12:00:00 AM","T1","Arrival","Domestic","368,650"
"2018 Apr 18 03:12:41 PM","2009 Sep 01 12:00:00 AM","T2","Departure","Domestic","14,024"
"2018 Apr 18 03:12:41 PM","2014 Aug 01 12:00:00 AM","T4","Departure","Domestic","404,950"
"2018 Apr 18 03:12:41 PM","2011 Jan 01 12:00:00 AM","T5","Departure","Domestic","204,078"
"2018 Apr 18 03:12:41 PM","2016 Aug 01 12:00:00 AM","TBIT","Departure","Domestic","50,600"
"2018 Apr 18 03:12:41 PM","2015 Mar 01 12:00:00 AM","T2","Arrival","International","161,959"
"2018 Apr 18 03:12:41 PM","2009 Mar 01 12:00:00 AM","TBIT","Arrival","International","387,431"
"2018 Apr 18 03:12:41 PM","2014 Oct 01 12:00:00 AM","T7","Arrival","Domestic","264,281"
"2020 Jun 29 07:20:39 AM","2020 May 01 12:00:00 AM","T2","Arrival","Domestic","60,317"
"2018 Apr 18 03:12:41 PM","2016 Jan 01 12:00:00 AM","TBIT","Departure","International","480,966"
"2018 Apr 18 03:12:41 PM","2011 Jan 01 12:00:00 AM","T2","Departure","International","192,404"
"2018 Apr 18 03:12:41 PM","2011 Jul 01 12:00:00 AM","T1","Departure","Domestic","418,477"
"2018 Apr 18 03:12:41 PM","2015 Mar 01 12:00:00 AM","T4","Arrival","Domestic","362,569"
"2018 Apr 18 03:12:41 PM","2006 Sep 01 12:00:00 AM","T5","Departure","International","23,665"
"2020 Feb 28 08:21:30 AM","2020 Jan 01 12:00:00 AM","T7","Arrival","International","73,843"
"2018 Apr 18 03:12:41 PM","2013 Nov 01 12:00:00 AM","T5","Arrival","International","35,904"
"2018 Apr 18 03:12:41 PM","2006 Jan 01 12:00:00 AM","T3","Departure","Domestic","120,111"
"2018 Apr 18 03:12:41 PM","2007 Jul 01 12:00:00 AM","T4","Arrival","Domestic","460,896"
"2018 Apr 18 03:12:41 PM","2017 Oct 01 12:00:00 AM","TBIT","Departure","International","681,638"
"2020 Feb 28 08:21:30 AM","2020 Jan 01 12:00:00 AM","T3","Departure","Domestic","253,858"
"2018 Apr 18 03:12:41 PM","2013 Mar 01 12:00:00 AM","T4","Arrival","Domestic","361,156"
"2018 Apr 18 03:12:41 PM","2007 Dec 01 12:00:00 AM","T8","Arrival","Domestic","107,735"
"2018 Apr 18 03:12:41 PM","2012 Oct 01 12:00:00 AM","T5","Arrival","International","33,430"
"2018 Apr 18 03:12:41 PM","2011 Jul 01 12:00:00 AM","T4","Departure","International","51,236"
"2018 Apr 18 03:12:41 PM","2014 Jul 01 12:00:00 AM","T7","Departure","Domestic","325,466"
"2018 Apr 18 03:12:41 PM","2011 May 01 12:00:00 AM","Imperial Terminal","Arrival","Domestic","68"
"2018 Apr 18 03:12:41 PM","2007 Aug 01 12:00:00 AM","T4","Arrival","International","61,362"
"2018 Apr 18 03:12:41 PM","2014 Sep 01 12:00:00 AM","T4","Departure","International","32,025"
"2018 Apr 18 03:12:41 PM","2014 Jun 01 12:00:00 AM","TBIT","Arrival","International","510,476"
"2018 Apr 18 03:12:41 PM","2010 Jun 01 12:00:00 AM","T8","Arrival","Domestic","165,704"
"2018 Apr 18 03:12:41 PM","2010 Apr 01 12:00:00 AM","T6","Departure","Domestic","197,723"
"2018 Apr 18 03:12:41 PM","2007 Dec 01 12:00:00 AM","T7","Departure","Domestic","243,098"
"2018 Apr 18 03:12:41 PM","2012 Jan 01 12:00:00 AM","T2","Arrival","Domestic","22,007"
"2018 Apr 18 03:12:41 PM","2009 Jul 01 12:00:00 AM","T3","Departure","Domestic","183,431"
"2020 Jan 10 06:01:24 AM","2019 Dec 01 12:00:00 AM","T2","Departure","Domestic","291,278"
"2018 Apr 18 03:12:41 PM","2015 Aug 01 12:00:00 AM","T5","Departure","Domestic","420,314"
"2018 Apr 18 03:12:41 PM","2010 Aug 01 12:00:00 AM","T3","Arrival","Domestic","190,601"
"2018 Apr 18 03:12:41 PM","2008 Apr 01 12:00:00 AM","T7","Departure","Domestic","240,507"
"2018 Apr 18 03:12:41 PM","2017 Jul 01 12:00:00 AM","Miscellaneous Terminal","Arrival","Domestic","129,478"
"2018 Apr 18 03:12:41 PM","2014 May 01 12:00:00 AM","T2","Arrival","Domestic","34,475"
"2018 Apr 18 03:12:41 PM","2016 Feb 01 12:00:00 AM","T4","Departure","Domestic","287,137"
"2018 Apr 18 03:12:41 PM","2013 Oct 01 12:00:00 AM","TBIT","Arrival","International","393,310"
"2018 Apr 18 03:12:41 PM","2007 Apr 01 12:00:00 AM","T4","Arrival","International","60,702"
"2018 Apr 18 03:12:41 PM","2016 Nov 01 12:00:00 AM","TBIT","Departure","Domestic","31,733"
"2018 Apr 18 03:12:41 PM","2012 Mar 01 12:00:00 AM","T8","Arrival","International","1,784"
"2018 Apr 18 03:12:41 PM","2006 Dec 01 12:00:00 AM","T2","Arrival","Domestic","96,915"
"2018 Apr 18 03:12:41 PM","2011 Jun 01 12:00:00 AM","T7","Arrival","International","34,010"
"2018 Apr 18 03:12:41 PM","2008 May 01 12:00:00 AM","T1","Departure","International","336"
"2018 Apr 18 03:12:41 PM","2011 Jul 01 12:00:00 AM","T7","Arrival","Domestic","251,207"
"2018 Apr 18 03:12:41 PM","2007 Feb 01 12:00:00 AM","T4","Departure","International","40,357"
"2020 Nov 10 06:01:35 AM","2020 Oct 01 12:00:00 AM","T2","Departure","International","19,498"
"2018 Apr 18 03:12:41 PM","2012 Jun 01 12:00:00 AM","T4","Departure","Domestic","453,605"
"2018 Apr 18 03:12:41 PM","2007 Oct 01 12:00:00 AM","T2","Arrival","International","150,672"
"2018 Apr 18 03:12:41 PM","2016 Aug 01 12:00:00 AM","T5","Arrival","International","75,102"
"2019 Jul 10 06:01:27 AM","2019 May 01 12:00:00 AM","Miscellaneous Terminal","Departure","Domestic","120,061"
"2018 Apr 18 03:12:41 PM","2013 Aug 01 12:00:00 AM","T7","Departure","International","44,822"
"2018 Apr 18 03:12:41 PM","2011 Dec 01 12:00:00 AM","TBIT","Departure","Domestic","6,596"
"2018 Apr 18 03:12:41 PM","2016 Jun 01 12:00:00 AM","T5","Departure","International","71,038"
"2018 Apr 18 03:12:41 PM","2015 Mar 01 12:00:00 AM","Miscellaneous Terminal","Arrival","International","5,401"
"2018 Apr 18 03:12:41 PM","2011 Sep 01 12:00:00 AM","T5","Departure","Domestic","217,250"
"2019 Aug 23 03:41:00 PM","2019 Jul 01 12:00:00 AM","Miscellaneous Terminal","Departure","Domestic","129,011"
"2018 Apr 18 03:12:41 PM","2006 Oct 01 12:00:00 AM","T4","Departure","Domestic","397,366"
"2018 Apr 18 03:12:41 PM","2013 Apr 01 12:00:00 AM","T3","Departure","Domestic","188,708"
"2018 Apr 18 03:12:41 PM","2015 Feb 01 12:00:00 AM","T3","Departure","Domestic","194,793"
"2018 Apr 18 03:12:41 PM","2006 Jul 01 12:00:00 AM","TBIT","Departure","International","410,046"
"2018 Apr 18 03:12:41 PM","2014 Dec 01 12:00:00 AM","TBIT","Departure","Domestic","8,182"
"2018 Apr 18 03:12:41 PM","2013 Jul 01 12:00:00 AM","T6","Departure","Domestic","305,294"
"2018 Apr 18 03:12:41 PM","2010 Aug 01 12:00:00 AM","Miscellaneous Terminal","Departure","Domestic","2"
"2018 Apr 18 03:12:41 PM","2011 Sep 01 12:00:00 AM","T8","Arrival","International","3,588"
"2018 Apr 18 03:12:41 PM","2012 Sep 01 12:00:00 AM","T7","Arrival","Domestic","189,804"
"2018 Apr 18 03:12:41 PM","2017 Jan 01 12:00:00 AM","T8","Departure","Domestic","137,958"
"2018 Apr 18 03:12:41 PM","2008 Aug 01 12:00:00 AM","T3","Departure","Domestic","202,388"
"2018 Apr 18 03:12:41 PM","2007 Apr 01 12:00:00 AM","TBIT","Departure","International","335,154"
"2018 Apr 18 03:12:41 PM","2013 Oct 01 12:00:00 AM","Miscellaneous Terminal","Arrival","International","18"
"2018 Apr 18 03:12:41 PM","2017 Jan 01 12:00:00 AM","T3","Departure","Domestic","324,940"
"2020 Jan 02 10:43:42 AM","2019 Nov 01 12:00:00 AM","Miscellaneous Terminal","Arrival","International","5,374"
"2018 Apr 18 03:12:41 PM","2016 Aug 01 12:00:00 AM","T7","Arrival","International","72,874"
"2018 Apr 18 03:12:41 PM","2013 Feb 01 12:00:00 AM","Miscellaneous Terminal","Arrival","Domestic","68,050"
"2018 Apr 18 03:12:41 PM","2015 Jul 01 12:00:00 AM","T2","Arrival","International","217,723"
"2018 Apr 18 03:12:41 PM","2009 Mar 01 12:00:00 AM","T1","Arrival","Domestic","382,397"
"2018 Apr 18 03:12:41 PM","2012 Feb 01 12:00:00 AM","T3","Arrival","International","14,770"
"2018 Apr 18 03:12:41 PM","2008 Jul 01 12:00:00 AM","Miscellaneous Terminal","Departure","Domestic","95"
"2018 Apr 18 03:12:41 PM","2008 Sep 01 12:00:00 AM","Miscellaneous Terminal","Departure","Domestic","360"
"2018 Apr 18 03:12:41 PM","2007 Oct 01 12:00:00 AM","T4","Arrival","International","70,315"
"2018 Apr 18 03:12:41 PM","2007 Aug 01 12:00:00 AM","T5","Arrival","International","36,689"
"2019 Sep 27 07:57:24 AM","2019 Aug 01 12:00:00 AM","T2","Departure","International","92,341"
"2018 Apr 18 03:12:41 PM","2011 Nov 01 12:00:00 AM","T8","Arrival","International","2,768"
"2018 Apr 18 03:12:41 PM","2011 Jun 01 12:00:00 AM","Miscellaneous Terminal","Arrival","International","15"
"2021 Jan 10 06:01:37 AM","2020 Dec 01 12:00:00 AM","T1","Arrival","Domestic","90,348"
"2018 Apr 18 03:12:41 PM","2015 Jan 01 12:00:00 AM","T8","Arrival","Domestic","124,520"
"2018 Apr 18 03:12:41 PM","2006 Dec 01 12:00:00 AM","T7","Departure","Domestic","263,836"
"2018 Apr 18 03:12:41 PM","2015 May 01 12:00:00 AM","T3","Departure","International","2,965"
"2018 Apr 18 03:12:41 PM","2011 Dec 01 12:00:00 AM","Imperial Terminal","Arrival","International","0"
"2018 Apr 18 03:12:41 PM","2006 Feb 01 12:00:00 AM","T3","Departure","International","56,437"
"2018 Apr 18 03:12:41 PM","2016 Nov 01 12:00:00 AM","T2","Arrival","Domestic","41,003"
"2018 Oct 29 10:20:51 AM","2018 Sep 01 12:00:00 AM","TBIT","Departure","Domestic","12,884"
"2018 Apr 18 03:12:41 PM","2017 Nov 01 12:00:00 AM","TBIT","Departure","Domestic","24,502"
"2018 Apr 18 03:12:41 PM","2012 Jan 01 12:00:00 AM","T6","Arrival","Domestic","191,381"
"2018 Apr 18 03:12:41 PM","2014 Feb 01 12:00:00 AM","T2","Departure","International","167,110"
"2018 Apr 18 03:12:41 PM","2017 Sep 01 12:00:00 AM","T5","Arrival","Domestic","348,559"
"2018 Apr 18 03:12:41 PM","2009 Aug 01 12:00:00 AM","T3","Arrival","Domestic","182,083"
"2018 Apr 18 03:12:41 PM","2012 Jan 01 12:00:00 AM","TBIT","Arrival","International","411,628"
"2018 Apr 18 03:12:41 PM","2008 Feb 01 12:00:00 AM","T3","Departure","Domestic","138,360"
"2018 Apr 18 03:12:41 PM","2012 Mar 01 12:00:00 AM","T3","Departure","International","53,555"
"2018 Apr 18 03:12:41 PM","2010 Feb 01 12:00:00 AM","TBIT","Departure","Domestic","3,855"
"2018 Apr 18 03:12:41 PM","2016 Nov 01 12:00:00 AM","T7","Arrival","International","67,329"
"2018 Apr 18 03:12:41 PM","2017 May 01 12:00:00 AM","T7","Arrival","International","62,796"
"2018 Apr 18 03:12:41 PM","2012 Feb 01 12:00:00 AM","TBIT","Arrival","International","338,442"
"2021 Jan 10 06:01:37 AM","2020 Nov 01 12:00:00 AM","T7","Arrival","Domestic","130,537"
"2018 Apr 18 03:12:41 PM","2011 Feb 01 12:00:00 AM","TBIT","Arrival","International","327,342"
"2018 Apr 18 03:12:41 PM","2014 Apr 01 12:00:00 AM","T8","Departure","Domestic","113,797"
"2018 Apr 18 03:12:41 PM","2018 Jan 01 12:00:00 AM","T8","Arrival","International","5,708"
"2018 Apr 18 03:12:41 PM","2016 Nov 01 12:00:00 AM","T3","Departure","Domestic","338,310"
"2018 Apr 18 03:12:41 PM","2014 May 01 12:00:00 AM","T8","Arrival","International","3,271"
"2020 Dec 07 01:58:36 PM","2020 Oct 01 12:00:00 AM","T5","Departure","International","360"
"2018 Apr 18 03:12:41 PM","2012 Jun 01 12:00:00 AM","Miscellaneous Terminal","Departure","International","9"
"2018 Apr 18 03:12:41 PM","2016 Jan 01 12:00:00 AM","T8","Arrival","International","5,717"
"2019 Mar 14 06:45:08 AM","2019 Feb 01 12:00:00 AM","T6","Arrival","International","59,524"
"2018 Apr 18 03:12:41 PM","2012 Aug 01 12:00:00 AM","T7","Arrival","International","64,552"
"2018 Apr 18 03:12:41 PM","2017 Apr 01 12:00:00 AM","T8","Departure","Domestic","146,476"
"2018 Nov 10 06:01:27 AM","2018 Oct 01 12:00:00 AM","T1","Departure","Domestic","419,453"
"2018 Apr 18 03:12:41 PM","2008 Dec 01 12:00:00 AM","T3","Departure","Domestic","144,365"
"2018 Apr 18 03:12:41 PM","2007 May 01 12:00:00 AM","T7","Arrival","International","27,777"
"2018 Apr 18 03:12:41 PM","2016 Dec 01 12:00:00 AM","T2","Departure","Domestic","49,889"
"2020 Sep 28 04:07:45 PM","2020 Aug 01 12:00:00 AM","Miscellaneous Terminal","Arrival","International","7"
"2018 Apr 18 03:12:41 PM","2011 Dec 01 12:00:00 AM","T6","Arrival","International","8,461"
"2019 Mar 01 11:09:59 AM","2019 Jan 01 12:00:00 AM","T2","Arrival","Domestic","215,863"
"2018 Apr 18 03:12:41 PM","2013 Aug 01 12:00:00 AM","T2","Departure","Domestic","40,262"
"2018 Apr 18 03:12:41 PM","2014 Jan 01 12:00:00 AM","T8","Arrival","International","3,500"
"2018 Apr 18 03:12:41 PM","2013 Mar 01 12:00:00 AM","T5","Arrival","Domestic","276,472"
"2018 Apr 18 03:12:41 PM","2013 Mar 01 12:00:00 AM","T5","Departure","Domestic","281,710"
"2018 May 10 07:49:00 AM","2018 Apr 01 12:00:00 AM","T1","Departure","Domestic","401,799"
"2018 Apr 18 03:12:41 PM","2015 Sep 01 12:00:00 AM","T8","Arrival","International","4,360"
"2018 Aug 21 11:02:45 AM","2018 Jul 01 12:00:00 AM","TBIT","Departure","Domestic","25,432"
"2018 Apr 18 03:12:41 PM","2011 Mar 01 12:00:00 AM","TBIT","Arrival","International","401,027"
"2018 Apr 18 03:12:41 PM","2007 Jun 01 12:00:00 AM","T6","Departure","International","4,494"
"2018 Apr 18 03:12:41 PM","2010 Nov 01 12:00:00 AM","T7","Arrival","Domestic","225,949"
"2018 Apr 18 03:12:41 PM","2006 Apr 01 12:00:00 AM","T6","Departure","Domestic","223,222"
"2018 Apr 18 03:12:41 PM","2018 Jan 01 12:00:00 AM","T6","Arrival","International","57,216"
"2018 Apr 18 03:12:41 PM","2007 Mar 01 12:00:00 AM","TBIT","Departure","International","340,338"
"2018 Apr 18 03:12:41 PM","2007 Oct 01 12:00:00 AM","T8","Arrival","International","3,508"
"2018 Apr 18 03:12:41 PM","2012 Oct 01 12:00:00 AM","TBIT","Arrival","Domestic","8,138"
"2018 Apr 18 03:12:41 PM","2012 Jun 01 12:00:00 AM","T3","Departure","Domestic","189,423"
"2018 Apr 18 03:12:41 PM","2017 Dec 01 12:00:00 AM","Miscellaneous Terminal","Departure","Domestic","121,300"
"2018 Apr 18 03:12:41 PM","2008 Sep 01 12:00:00 AM","T2","Arrival","Domestic","91,946"
"2018 Apr 18 03:12:41 PM","2012 Sep 01 12:00:00 AM","T8","Arrival","Domestic","122,063"
"2018 Apr 18 03:12:41 PM","2013 Nov 01 12:00:00 AM","T7","Departure","Domestic","237,355"
"2018 Apr 18 03:12:41 PM","2014 Jun 01 12:00:00 AM","Miscellaneous Terminal","Arrival","Domestic","76,382"
"2018 Apr 18 03:12:41 PM","2012 Oct 01 12:00:00 AM","T6","Arrival","International","19,106"
"2018 Apr 18 03:12:41 PM","2010 Mar 01 12:00:00 AM","T7","Departure","Domestic","252,383"
"2020 Sep 10 06:01:23 AM","2020 Aug 01 12:00:00 AM","T1","Departure","Domestic","124,715"
"2018 Apr 18 03:12:41 PM","2014 May 01 12:00:00 AM","TBIT","Arrival","International","465,806"
"2021 Jan 10 06:01:37 AM","2020 Nov 01 12:00:00 AM","T4","Arrival","International","3,077"
"2018 Apr 18 03:12:41 PM","2007 Feb 01 12:00:00 AM","T6","Departure","International","3,944"
"2018 Apr 18 03:12:41 PM","2009 Apr 01 12:00:00 AM","TBIT","Arrival","Domestic","5,045"
"2018 Apr 18 03:12:41 PM","2015 Jun 01 12:00:00 AM","Miscellaneous Terminal","Arrival","International","4,891"
"2019 Mar 14 06:45:08 AM","2019 Feb 01 12:00:00 AM","T6","Departure","International","87,057"
"2019 Apr 29 01:10:30 PM","2019 Mar 01 12:00:00 AM","T6","Arrival","International","61,096"
"2018 Apr 18 03:12:41 PM","2016 Jun 01 12:00:00 AM","Miscellaneous Terminal","Arrival","International","4,569"
"2018 Apr 18 03:12:41 PM","2016 Jan 01 12:00:00 AM","T4","Departure","International","51,508"
"2018 Apr 18 03:12:41 PM","2017 Jan 01 12:00:00 AM","T7","Arrival","Domestic","266,653"
"2018 Apr 18 03:12:41 PM","2015 Feb 01 12:00:00 AM","T7","Departure","Domestic","256,276"
"2018 Apr 18 03:12:41 PM","2006 Apr 01 12:00:00 AM","T7","Arrival","International","33,734"
"2018 Apr 18 03:12:41 PM","2010 Mar 01 12:00:00 AM","T3","Departure","International","66,498"
"2018 Apr 18 03:12:41 PM","2016 Sep 01 12:00:00 AM","T1","Arrival","Domestic","386,466"
"2018 Apr 18 03:12:41 PM","2007 Mar 01 12:00:00 AM","T8","Departure","Domestic","123,375"
"2018 Apr 18 03:12:41 PM","2010 Aug 01 12:00:00 AM","T6","Arrival","International","2,772"
"2018 Apr 18 03:12:41 PM","2016 Mar 01 12:00:00 AM","T5","Arrival","International","67,492"
"2018 Apr 18 03:12:41 PM","2008 Jul 01 12:00:00 AM","Imperial Terminal","Arrival","Domestic","292"
"2018 Apr 18 03:12:41 PM","2014 Jan 01 12:00:00 AM","T1","Departure","Domestic","382,321"
"2018 Apr 18 03:12:41 PM","2006 May 01 12:00:00 AM","T5","Departure","International","28,671"
"2018 Apr 18 03:12:41 PM","2017 Sep 01 12:00:00 AM","T5","Departure","International","1,401"
"2018 Apr 18 03:12:41 PM","2017 Nov 01 12:00:00 AM","T3","Departure","Domestic","270,942"
"2018 Apr 18 03:12:41 PM","2017 Dec 01 12:00:00 AM","T3","Arrival","Domestic","299,893"
"2018 Apr 18 03:12:41 PM","2015 Nov 01 12:00:00 AM","T3","Departure","Domestic","286,808"
"2018 Apr 18 03:12:41 PM","2007 Sep 01 12:00:00 AM","T7","Arrival","Domestic","212,974"
"2018 Apr 18 03:12:41 PM","2015 Apr 01 12:00:00 AM","T8","Arrival","Domestic","166,904"
"2018 Apr 18 03:12:41 PM","2014 Apr 01 12:00:00 AM","T6","Arrival","Domestic","321,739"
"2018 Apr 18 03:12:41 PM","2011 May 01 12:00:00 AM","Imperial Terminal","Departure","Domestic","69"
"2018 Apr 18 03:12:41 PM","2014 Dec 01 12:00:00 AM","T7","Arrival","International","75,025"
"2018 Apr 18 03:12:41 PM","2015 Dec 01 12:00:00 AM","T6","Arrival","International","1,080"
"2019 Jul 10 06:01:27 AM","2019 Jun 01 12:00:00 AM","T8","Arrival","Domestic","152,082"
"2020 Sep 28 04:07:45 PM","2020 Aug 01 12:00:00 AM","T4","Arrival","Domestic","143,038"
"2020 Jan 22 06:57:11 AM","2019 Dec 01 12:00:00 AM","T5","Departure","Domestic","422,327"
"2018 Apr 18 03:12:41 PM","2010 Oct 01 12:00:00 AM","TBIT","Departure","Domestic","3,969"
"2018 Apr 18 03:12:41 PM","2016 Aug 01 12:00:00 AM","T8","Departure","International","12,401"
"2018 Oct 29 10:20:51 AM","2018 Sep 01 12:00:00 AM","T7","Departure","Domestic","302,404"
"2018 Apr 18 03:12:41 PM","2014 Feb 01 12:00:00 AM","T8","Departure","International","5,486"
"2018 Apr 18 03:12:41 PM","2017 May 01 12:00:00 AM","Miscellaneous Terminal","Departure","International","2,426"
"2018 Apr 18 03:12:41 PM","2009 Jul 01 12:00:00 AM","T7","Departure","International","33,495"
"2018 Apr 18 03:12:41 PM","2015 Mar 01 12:00:00 AM","T6","Departure","Domestic","329,870"
"2018 Apr 18 03:12:41 PM","2008 Jun 01 12:00:00 AM","T2","Departure","International","168,325"
"2018 Apr 18 03:12:41 PM","2012 May 01 12:00:00 AM","T5","Departure","Domestic","278,472"
"2018 Apr 18 03:12:41 PM","2012 Jul 01 12:00:00 AM","T5","Departure","Domestic","271,200"
"2018 Apr 18 03:12:41 PM","2011 May 01 12:00:00 AM","T2","Departure","Domestic","30,092"
"2018 Apr 18 03:12:41 PM","2012 Mar 01 12:00:00 AM","T4","Departure","International","38,625"
"2018 Apr 18 03:12:41 PM","2012 Jan 01 12:00:00 AM","T2","Departure","International","188,681"
"2018 Apr 18 03:12:41 PM","2017 Mar 01 12:00:00 AM","T4","Departure","International","77,437"
"2018 Apr 18 03:12:41 PM","2016 Jun 01 12:00:00 AM","TBIT","Arrival","Domestic","21,446"
"2019 Nov 10 06:01:31 AM","2019 Oct 01 12:00:00 AM","T1","Departure","International","5,211"
"2020 Apr 10 06:01:22 AM","2020 Mar 01 12:00:00 AM","T4","Departure","International","23,329"
"2018 Apr 18 03:12:41 PM","2015 Mar 01 12:00:00 AM","T3","Departure","International","1,792"
"2020 Oct 10 06:01:21 AM","2020 Sep 01 12:00:00 AM","T4","Departure","International","8,529"
"2018 Apr 18 03:12:41 PM","2012 Jan 01 12:00:00 AM","T3","Departure","International","77,922"
"2018 Apr 18 03:12:41 PM","2016 Apr 01 12:00:00 AM","T8","Departure","Domestic","160,101"
"2018 Apr 18 03:12:41 PM","2008 Nov 01 12:00:00 AM","T5","Arrival","International","12,190"
"2018 Apr 18 03:12:41 PM","2015 May 01 12:00:00 AM","T3","Arrival","Domestic","274,063"
"2020 Aug 27 07:15:54 AM","2020 Jul 01 12:00:00 AM","Miscellaneous Terminal","Departure","Domestic","8"
"2018 Apr 18 03:12:41 PM","2014 Jan 01 12:00:00 AM","T8","Departure","Domestic","109,035"
"2018 Oct 29 10:20:51 AM","2018 Sep 01 12:00:00 AM","T5","Arrival","Domestic","363,282"
"2018 Apr 18 03:12:41 PM","2016 May 01 12:00:00 AM","T6","Departure","Domestic","317,165"
"2018 Apr 18 03:12:41 PM","2017 Jan 01 12:00:00 AM","T4","Departure","Domestic","295,239"
"2018 Apr 18 03:12:41 PM","2016 Apr 01 12:00:00 AM","T4","Departure","Domestic","310,399"
"2018 Apr 18 03:12:41 PM","2017 Dec 01 12:00:00 AM","T5","Arrival","Domestic","363,441"
"2018 Apr 18 03:12:41 PM","2010 Mar 01 12:00:00 AM","T5","Arrival","International","12,039"
"2019 Apr 29 01:10:30 PM","2019 Mar 01 12:00:00 AM","T1","Arrival","Domestic","428,123"
"2018 Apr 18 03:12:41 PM","2010 Oct 01 12:00:00 AM","T8","Departure","International","6,720"
"2018 Apr 18 03:12:41 PM","2007 Jan 01 12:00:00 AM","T6","Arrival","Domestic","199,926"
"2018 Apr 18 03:12:41 PM","2014 Jan 01 12:00:00 AM","T5","Arrival","International","49,256"
"2018 Apr 18 03:12:41 PM","2015 Aug 01 12:00:00 AM","T7","Arrival","Domestic","299,677"
"2018 Sep 26 09:27:08 AM","2018 Aug 01 12:00:00 AM","T6","Arrival","Domestic","271,461"
"2018 Apr 18 03:12:41 PM","2009 Nov 01 12:00:00 AM","T8","Arrival","International","3,977"
"2018 Apr 18 03:12:41 PM","2009 Oct 01 12:00:00 AM","T4","Arrival","Domestic","388,381"
"2018 Apr 18 03:12:41 PM","2010 Jun 01 12:00:00 AM","T2","Arrival","Domestic","20,636"
"2018 Apr 18 03:12:41 PM","2016 Nov 01 12:00:00 AM","T5","Departure","International","46,350"
"2018 Dec 26 06:52:40 AM","2018 Nov 01 12:00:00 AM","T1","Arrival","Domestic","416,863"
"2020 Aug 03 07:35:04 AM","2020 Jun 01 12:00:00 AM","T4","Departure","Domestic","109,430"
"2018 Apr 18 03:12:41 PM","2017 Jan 01 12:00:00 AM","T8","Arrival","Domestic","137,309"
"2018 Apr 18 03:12:41 PM","2014 Oct 01 12:00:00 AM","T8","Departure","Domestic","114,277"
"2018 Apr 18 03:12:41 PM","2012 Aug 01 12:00:00 AM","T5","Departure","Domestic","295,289"
"2018 Apr 18 03:12:41 PM","2012 Mar 01 12:00:00 AM","Miscellaneous Terminal","Arrival","International","2"
"2018 Apr 18 03:12:41 PM","2012 Feb 01 12:00:00 AM","T1","Arrival","Domestic","313,056"
"2018 Apr 18 03:12:41 PM","2015 Nov 01 12:00:00 AM","T5","Arrival","Domestic","356,708"
"2018 Apr 18 03:12:41 PM","2012 Jul 01 12:00:00 AM","T1","Arrival","Domestic","458,937"
"2018 Apr 18 03:12:41 PM","2011 Feb 01 12:00:00 AM","T2","Arrival","Domestic","22,123"
"2018 Apr 18 03:12:41 PM","2006 Dec 01 12:00:00 AM","T1","Arrival","Domestic","415,516"
"2018 Apr 18 03:12:41 PM","2015 Sep 01 12:00:00 AM","T3","Departure","International","2,192"
"2018 Apr 18 03:12:41 PM","2015 Aug 01 12:00:00 AM","T7","Arrival","International","84,947"
"2018 Apr 18 03:12:41 PM","2018 Feb 01 12:00:00 AM","Miscellaneous Terminal","Departure","Domestic","103,157"
"2018 Sep 26 09:27:08 AM","2018 Aug 01 12:00:00 AM","T2","Departure","Domestic","267,643"
"2018 Apr 18 03:12:41 PM","2011 May 01 12:00:00 AM","T8","Departure","International","8,486"
"2018 Apr 18 03:12:41 PM","2006 Apr 01 12:00:00 AM","Miscellaneous Terminal","Arrival","Domestic","512"
"2018 Apr 18 03:12:41 PM","2018 Mar 01 12:00:00 AM","T3","Arrival","Domestic","345,144"
"2020 Apr 08 09:58:08 AM","2020 Feb 01 12:00:00 AM","T8","Arrival","Domestic","102,539"
"2018 Apr 18 03:12:41 PM","2017 Oct 01 12:00:00 AM","T6","Departure","International","105,922"
"2018 Apr 18 03:12:41 PM","2009 Mar 01 12:00:00 AM","Miscellaneous Terminal","Departure","International","259"
"2018 Apr 18 03:12:41 PM","2015 Jun 01 12:00:00 AM","T4","Arrival","International","1,676"
"2018 Apr 18 03:12:41 PM","2007 Aug 01 12:00:00 AM","T1","Departure","International","302"
"2018 Apr 18 03:12:41 PM","2007 Oct 01 12:00:00 AM","T2","Departure","International","163,815"
"2018 Apr 18 03:12:41 PM","2015 Apr 01 12:00:00 AM","T7","Arrival","International","73,027"
"2018 Apr 18 03:12:41 PM","2018 Jan 01 12:00:00 AM","T4","Departure","Domestic","300,850"
"2018 Apr 18 03:12:41 PM","2006 Oct 01 12:00:00 AM","T2","Departure","International","159,191"
"2018 Apr 18 03:12:41 PM","2016 Mar 01 12:00:00 AM","T4","Departure","International","46,889"
"2018 Apr 18 03:12:41 PM","2016 Jan 01 12:00:00 AM","T2","Departure","International","159,020"
"2018 Apr 18 03:12:41 PM","2010 Sep 01 12:00:00 AM","T7","Arrival","International","23,174"
"2018 Apr 18 03:12:41 PM","2017 Feb 01 12:00:00 AM","T7","Departure","Domestic","226,734"
"2018 Apr 18 03:12:41 PM","2013 Jan 01 12:00:00 AM","TBIT","Arrival","Domestic","7,124"
"2018 Apr 18 03:12:41 PM","2006 Jul 01 12:00:00 AM","T4","Arrival","Domestic","460,367"
"2018 Apr 18 03:12:41 PM","2016 Jun 01 12:00:00 AM","TBIT","Arrival","International","618,030"
"2021 Mar 03 10:48:12 AM","2021 Jan 01 12:00:00 AM","Miscellaneous Terminal","Arrival","International","26"
"2018 Apr 18 03:12:41 PM","2010 Jul 01 12:00:00 AM","T4","Arrival","International","19,459"
"2018 Apr 18 03:12:41 PM","2016 Jan 01 12:00:00 AM","T3","Departure","Domestic","281,159"
"2018 Apr 18 03:12:41 PM","2008 Apr 01 12:00:00 AM","T4","Arrival","International","77,491"
"2018 Apr 18 03:12:41 PM","2009 May 01 12:00:00 AM","TBIT","Arrival","International","359,721"
"2018 Apr 18 03:12:41 PM","2006 Apr 01 12:00:00 AM","Miscellaneous Terminal","Departure","Domestic","426"
"2018 Apr 18 03:12:41 PM","2014 Mar 01 12:00:00 AM","T6","Arrival","Domestic","291,474"
"2018 Apr 18 03:12:41 PM","2007 Mar 01 12:00:00 AM","Imperial Terminal","Arrival","Domestic","131"
"2019 Aug 23 03:41:00 PM","2019 Jul 01 12:00:00 AM","TBIT","Arrival","International","908,951"
"2018 Apr 18 03:12:41 PM","2009 Mar 01 12:00:00 AM","Miscellaneous Terminal","Arrival","Domestic","347"
"2018 Apr 18 03:12:41 PM","2013 Jun 01 12:00:00 AM","T3","Arrival","Domestic","253,345"
"2018 Apr 18 03:12:41 PM","2010 Oct 01 12:00:00 AM","Miscellaneous Terminal","Departure","Domestic","46"
"2020 Apr 08 09:58:08 AM","2020 Mar 01 12:00:00 AM","T3","Departure","International","24,531"
"2018 Apr 18 03:12:41 PM","2011 Aug 01 12:00:00 AM","T4","Arrival","Domestic","444,530"
"2018 Apr 18 03:12:41 PM","2011 Jun 01 12:00:00 AM","T2","Arrival","International","187,827"
"2018 Apr 18 03:12:41 PM","2012 Sep 01 12:00:00 AM","T2","Departure","International","197,428"
"2018 Apr 18 03:12:41 PM","2009 Sep 01 12:00:00 AM","T4","Departure","Domestic","352,380"
"2018 Apr 18 03:12:41 PM","2011 Oct 01 12:00:00 AM","T7","Arrival","Domestic","214,528"
"2018 Apr 18 03:12:41 PM","2009 May 01 12:00:00 AM","T7","Arrival","International","19,931"
"2018 Apr 18 03:12:41 PM","2013 May 01 12:00:00 AM","T3","Departure","Domestic","232,916"
"2021 Jan 10 06:01:37 AM","2020 Dec 01 12:00:00 AM","Miscellaneous Terminal","Departure","Domestic","354"
"2018 Apr 18 03:12:41 PM","2017 Mar 01 12:00:00 AM","T6","Arrival","International","5,507"
"2018 Apr 18 03:12:41 PM","2017 Aug 01 12:00:00 AM","T5","Departure","International","2,366"
"2018 Apr 18 03:12:41 PM","2008 Jun 01 12:00:00 AM","T7","Departure","International","49,133"
"2018 Apr 18 03:12:41 PM","2011 May 01 12:00:00 AM","T3","Departure","Domestic","244,433"
"2018 Apr 18 03:12:41 PM","2009 Jul 01 12:00:00 AM","T4","Arrival","Domestic","422,117"
"2019 Jun 24 01:17:06 PM","2019 May 01 12:00:00 AM","T2","Arrival","International","76,999"
"2018 Apr 18 03:12:41 PM","2013 Feb 01 12:00:00 AM","T8","Departure","International","3,323"
"2018 Apr 18 03:12:41 PM","2016 Sep 01 12:00:00 AM","T4","Arrival","Domestic","349,410"
"2020 Apr 08 09:58:08 AM","2020 Mar 01 12:00:00 AM","T2","Arrival","Domestic","123,033"
"2018 Apr 18 03:12:41 PM","2010 Mar 01 12:00:00 AM","TBIT","Arrival","International","404,032"
"2018 Apr 18 03:12:41 PM","2009 Mar 01 12:00:00 AM","T2","Arrival","Domestic","87,825"
"2018 Apr 18 03:12:41 PM","2017 Mar 01 12:00:00 AM","T7","Departure","International","37,549"
"2018 Apr 18 03:12:41 PM","2006 Jun 01 12:00:00 AM","T2","Departure","Domestic","112,702"
"2018 Apr 18 03:12:41 PM","2008 Jul 01 12:00:00 AM","TBIT","Arrival","International","473,007"
"2018 Apr 18 03:12:41 PM","2014 Dec 01 12:00:00 AM","TBIT","Arrival","International","452,981"
"2018 Jul 11 02:24:22 PM","2018 May 01 12:00:00 AM","T4","Departure","International","82,790"
"2018 Apr 18 03:12:41 PM","2015 Jan 01 12:00:00 AM","T2","Departure","Domestic","33,292"
"2018 Apr 18 03:12:41 PM","2015 Apr 01 12:00:00 AM","Miscellaneous Terminal","Departure","Domestic","90,201"
"2018 Apr 18 03:12:41 PM","2014 Sep 01 12:00:00 AM","T1","Departure","Domestic","317,339"
"2019 Nov 14 03:00:43 PM","2019 Oct 01 12:00:00 AM","T8","Arrival","International","3,938"
"2018 Apr 18 03:12:41 PM","2016 Dec 01 12:00:00 AM","TBIT","Arrival","International","553,425"
"2020 Aug 27 07:15:54 AM","2020 Jul 01 12:00:00 AM","TBIT","Arrival","Domestic","386"
"2018 Apr 18 03:12:41 PM","2009 Mar 01 12:00:00 AM","T6","Departure","Domestic","177,778"
"2018 Apr 18 03:12:41 PM","2018 Feb 01 12:00:00 AM","T8","Arrival","Domestic","91,440"
"2018 Apr 18 03:12:41 PM","2014 Mar 01 12:00:00 AM","T2","Departure","International","193,616"
"2018 Apr 18 03:12:41 PM","2016 Sep 01 12:00:00 AM","T7","Arrival","Domestic","284,361"
"2018 Apr 18 03:12:41 PM","2011 Oct 01 12:00:00 AM","Miscellaneous Terminal","Arrival","International","6"
"2018 Apr 18 03:12:41 PM","2007 Sep 01 12:00:00 AM","T8","Arrival","International","3,114"
"2018 Apr 18 03:12:41 PM","2008 Feb 01 12:00:00 AM","TBIT","Departure","Domestic","204"
"2018 Apr 18 03:12:41 PM","2009 Sep 01 12:00:00 AM","T1","Departure","Domestic","345,096"
"2018 Apr 18 03:12:41 PM","2013 Feb 01 12:00:00 AM","T7","Arrival","International","42,337"
"2018 Apr 18 03:12:41 PM","2013 Jan 01 12:00:00 AM","T4","Arrival","International","16,936"
"2018 Apr 18 03:12:41 PM","2015 May 01 12:00:00 AM","T2","Departure","Domestic","43,253"
"2018 Apr 18 03:12:41 PM","2007 Feb 01 12:00:00 AM","TBIT","Arrival","International","307,039"
"2018 Apr 18 03:12:41 PM","2014 Aug 01 12:00:00 AM","T8","Arrival","International","2,737"
"2020 Oct 10 06:01:21 AM","2020 Sep 01 12:00:00 AM","T4","Arrival","Domestic","162,884"
"2018 Apr 18 03:12:41 PM","2011 Jan 01 12:00:00 AM","T5","Arrival","International","381"
"2018 Jul 11 02:24:22 PM","2018 May 01 12:00:00 AM","T8","Arrival","International","4,531"
"2018 Apr 18 03:12:41 PM","2014 Jan 01 12:00:00 AM","T5","Arrival","Domestic","292,559"
"2018 Apr 18 03:12:41 PM","2012 Nov 01 12:00:00 AM","TBIT","Arrival","International","325,724"
"2018 Apr 18 03:12:41 PM","2008 Oct 01 12:00:00 AM","T7","Departure","International","33,794"
"2021 Apr 01 09:37:48 AM","2021 Feb 01 12:00:00 AM","T7","Arrival","International","24,730"
"2018 Apr 18 03:12:41 PM","2014 Sep 01 12:00:00 AM","T6","Departure","International","42,247"
"2019 Nov 14 03:00:43 PM","2019 Oct 01 12:00:00 AM","T6","Arrival","International","72,005"
"2019 Jun 24 01:17:06 PM","2019 May 01 12:00:00 AM","T7","Departure","Domestic","351,495"
"2018 Apr 18 03:12:41 PM","2013 Sep 01 12:00:00 AM","Miscellaneous Terminal","Arrival","International","98"
"2018 Apr 18 03:12:41 PM","2010 Jun 01 12:00:00 AM","T7","Departure","Domestic","275,962"
"2018 Apr 18 03:12:41 PM","2016 Apr 01 12:00:00 AM","T5","Departure","International","60,375"
"2018 Apr 18 03:12:41 PM","2006 May 01 12:00:00 AM","TBIT","Arrival","International","403,756"
"2018 Apr 18 03:12:41 PM","2017 Feb 01 12:00:00 AM","T8","Departure","International","6,997"
"2018 Apr 18 03:12:41 PM","2016 Mar 01 12:00:00 AM","T7","Departure","Domestic","265,184"
"2018 Apr 18 03:12:41 PM","2018 Mar 01 12:00:00 AM","TBIT","Arrival","Domestic","5,663"
"2021 Mar 03 10:48:12 AM","2021 Jan 01 12:00:00 AM","T5","Departure","Domestic","113,032"
"2018 Apr 18 03:12:41 PM","2010 Jun 01 12:00:00 AM","T5","Arrival","Domestic","225,871"
"2018 Apr 18 03:12:41 PM","2006 Mar 01 12:00:00 AM","T5","Departure","Domestic","163,103"
"2018 Apr 18 03:12:41 PM","2011 Nov 01 12:00:00 AM","Miscellaneous Terminal","Departure","International","4"
"2018 Apr 18 03:12:41 PM","2012 Aug 01 12:00:00 AM","T2","Departure","International","234,753"
"2018 Apr 18 03:12:41 PM","2010 Oct 01 12:00:00 AM","T2","Departure","Domestic","22,297"
"2018 Apr 18 03:12:41 PM","2008 May 01 12:00:00 AM","T1","Arrival","Domestic","433,808"
"2018 Apr 18 03:12:41 PM","2009 May 01 12:00:00 AM","T5","Arrival","Domestic","153,021"
"2018 Apr 18 03:12:41 PM","2017 Jun 01 12:00:00 AM","TBIT","Departure","International","759,878"
"2018 Apr 18 03:12:41 PM","2017 Apr 01 12:00:00 AM","T7","Arrival","International","74,948"
"2018 Apr 18 03:12:41 PM","2011 Apr 01 12:00:00 AM","T4","Departure","International","43,685"
"2018 Apr 18 03:12:41 PM","2011 Mar 01 12:00:00 AM","T7","Arrival","International","24,586"
"2018 Apr 18 03:12:41 PM","2017 Mar 01 12:00:00 AM","TBIT","Arrival","Domestic","5,268"
"2018 Apr 18 03:12:41 PM","2017 Dec 01 12:00:00 AM","T2","Arrival","Domestic","208,260"
"2018 Apr 18 03:12:41 PM","2007 May 01 12:00:00 AM","T8","Arrival","Domestic","123,139"
"2018 Apr 18 03:12:41 PM","2012 Jun 01 12:00:00 AM","T3","Departure","International","20,359"
"2018 Apr 18 03:12:41 PM","2015 Dec 01 12:00:00 AM","T4","Arrival","Domestic","358,052"
"2018 Apr 18 03:12:41 PM","2013 Feb 01 12:00:00 AM","T1","Arrival","Domestic","329,094"
"2018 Apr 18 03:12:41 PM","2011 Aug 01 12:00:00 AM","T5","Arrival","Domestic","285,652"
"2018 Apr 18 03:12:41 PM","2006 Jun 01 12:00:00 AM","T5","Departure","International","32,616"
"2018 Apr 18 03:12:41 PM","2015 Feb 01 12:00:00 AM","T7","Departure","International","32,791"
"2018 Apr 18 03:12:41 PM","2010 Sep 01 12:00:00 AM","T7","Departure","International","26,914"
"2018 Apr 18 03:12:41 PM","2007 Sep 01 12:00:00 AM","T7","Arrival","International","27,500"
"2018 Apr 18 03:12:41 PM","2008 Aug 01 12:00:00 AM","Miscellaneous Terminal","Departure","International","82"
"2018 Apr 18 03:12:41 PM","2009 Aug 01 12:00:00 AM","T5","Arrival","International","21,895"
"2018 Apr 18 03:12:41 PM","2014 Dec 01 12:00:00 AM","T2","Arrival","International","158,425"
"2018 Apr 18 03:12:41 PM","2011 Aug 01 12:00:00 AM","T3","Arrival","Domestic","281,772"
"2018 Apr 18 03:12:41 PM","2014 Nov 01 12:00:00 AM","T5","Arrival","International","51,689"
"2018 Apr 18 03:12:41 PM","2012 Oct 01 12:00:00 AM","T7","Departure","International","32,390"
"2018 Apr 18 03:12:41 PM","2016 Jan 01 12:00:00 AM","TBIT","Arrival","Domestic","13,739"
"2018 Apr 18 03:12:41 PM","2009 Jul 01 12:00:00 AM","T8","Arrival","Domestic","111,575"
"2018 Apr 18 03:12:41 PM","2006 Sep 01 12:00:00 AM","T3","Departure","Domestic","140,018"
"2018 Apr 18 03:12:41 PM","2013 Feb 01 12:00:00 AM","T6","Arrival","Domestic","259,567"
"2018 Apr 18 03:12:41 PM","2010 Nov 01 12:00:00 AM","T5","Departure","Domestic","217,881"
"2018 Apr 18 03:12:41 PM","2014 Sep 01 12:00:00 AM","Miscellaneous Terminal","Departure","Domestic","46,483"
"2018 Apr 18 03:12:41 PM","2007 Dec 01 12:00:00 AM","Imperial Terminal","Departure","Domestic","225"
"2018 Apr 18 03:12:41 PM","2013 Apr 01 12:00:00 AM","T8","Departure","Domestic","100,515"
"2018 Apr 18 03:12:41 PM","2007 Mar 01 12:00:00 AM","T7","Arrival","International","32,400"
"2018 Apr 18 03:12:41 PM","2016 Mar 01 12:00:00 AM","T3","Departure","International","2,074"
"2018 Apr 18 03:12:41 PM","2016 May 01 12:00:00 AM","T8","Arrival","International","4,432"
"2020 Nov 10 06:01:35 AM","2020 Oct 01 12:00:00 AM","T2","Departure","Domestic","166,086"
"2018 Apr 18 03:12:41 PM","2012 Sep 01 12:00:00 AM","T4","Departure","Domestic","407,229"
"2018 Apr 18 03:12:41 PM","2010 Sep 01 12:00:00 AM","T6","Arrival","International","2,458"
"2018 Apr 18 03:12:41 PM","2006 Jul 01 12:00:00 AM","T6","Departure","International","9,219"
"2020 Feb 10 06:01:27 AM","2020 Jan 01 12:00:00 AM","T3","Arrival","International","28,557"
"2018 Apr 18 03:12:41 PM","2016 Dec 01 12:00:00 AM","Miscellaneous Terminal","Arrival","Domestic","114,258"
"2018 Apr 18 03:12:41 PM","2012 Jul 01 12:00:00 AM","T7","Arrival","International","72,278"
"2018 Apr 18 03:12:41 PM","2016 Aug 01 12:00:00 AM","Miscellaneous Terminal","Arrival","Domestic","117,676"
"2018 Apr 18 03:12:41 PM","2008 Aug 01 12:00:00 AM","Imperial Terminal","Arrival","Domestic","586"
"2018 Apr 18 03:12:41 PM","2009 May 01 12:00:00 AM","T8","Arrival","International","4,853"
"2018 Apr 18 03:12:41 PM","2013 Jan 01 12:00:00 AM","T7","Arrival","International","50,677"
"2020 Aug 03 07:35:04 AM","2020 Jun 01 12:00:00 AM","TBIT","Departure","International","53,768"
"2018 Apr 18 03:12:41 PM","2008 Sep 01 12:00:00 AM","T8","Arrival","Domestic","98,592"
"2018 Apr 18 03:12:41 PM","2011 Jun 01 12:00:00 AM","T1","Departure","Domestic","402,357"
"2018 Jul 11 02:24:22 PM","2018 May 01 12:00:00 AM","T2","Departure","International","109,062"
"2018 Apr 18 03:12:41 PM","2010 Apr 01 12:00:00 AM","TBIT","Departure","International","293,345"
"2018 May 23 07:44:39 AM","2018 Apr 01 12:00:00 AM","T2","Departure","Domestic","215,667"
"2020 Dec 10 06:01:38 AM","2020 Nov 01 12:00:00 AM","Miscellaneous Terminal","Departure","Domestic","452"
"2018 Apr 18 03:12:41 PM","2007 Apr 01 12:00:00 AM","T1","Departure","International","299"
"2018 Apr 18 03:12:41 PM","2017 Feb 01 12:00:00 AM","Miscellaneous Terminal","Arrival","Domestic","103,776"
"2018 Apr 18 03:12:41 PM","2007 Nov 01 12:00:00 AM","T3","Arrival","International","12,874"
"2021 Jan 10 06:01:37 AM","2020 Dec 01 12:00:00 AM","T7","Departure","Domestic","141,569"
"2018 Apr 18 03:12:41 PM","2017 Apr 01 12:00:00 AM","TBIT","Departure","Domestic","29,034"
"2019 Apr 29 01:10:30 PM","2019 Mar 01 12:00:00 AM","T2","Departure","International","82,549"
"2018 Apr 18 03:12:41 PM","2008 May 01 12:00:00 AM","T5","Departure","International","34,574"
"2018 Apr 18 03:12:41 PM","2008 Nov 01 12:00:00 AM","T2","Departure","International","146,115"
"2018 Apr 18 03:12:41 PM","2008 Dec 01 12:00:00 AM","T2","Arrival","International","142,034"
"2018 Apr 18 03:12:41 PM","2010 Jul 01 12:00:00 AM","Miscellaneous Terminal","Departure","Domestic","412"
"2020 Nov 10 06:01:35 AM","2020 Oct 01 12:00:00 AM","T1","Arrival","Domestic","115,655"
"2018 Apr 18 03:12:41 PM","2013 May 01 12:00:00 AM","T4","Departure","Domestic","368,590"
"2018 Apr 18 03:12:41 PM","2011 Jul 01 12:00:00 AM","T5","Arrival","Domestic","271,741"
"2018 Apr 18 03:12:41 PM","2007 Nov 01 12:00:00 AM","T7","Departure","Domestic","245,452"
"2018 Apr 18 03:12:41 PM","2018 Jan 01 12:00:00 AM","Miscellaneous Terminal","Departure","Domestic","111,379"
"2019 Jul 18 06:18:08 AM","2019 Jun 01 12:00:00 AM","Miscellaneous Terminal","Departure","Domestic","126,682"
"2018 Apr 18 03:12:41 PM","2008 Aug 01 12:00:00 AM","T7","Departure","Domestic","275,366"
"2018 Apr 18 03:12:41 PM","2009 Jul 01 12:00:00 AM","T5","Arrival","International","24,601"
"2018 Apr 18 03:12:41 PM","2010 Aug 01 12:00:00 AM","T4","Departure","International","40,501"
"2018 Apr 18 03:12:41 PM","2012 May 01 12:00:00 AM","T6","Departure","Domestic","348,554"
"2018 Apr 18 03:12:41 PM","2012 May 01 12:00:00 AM","T1","Arrival","Domestic","417,844"
"2020 Aug 03 07:35:04 AM","2020 Jun 01 12:00:00 AM","T4","Arrival","International","3,017"
"2018 Apr 18 03:12:41 PM","2006 Mar 01 12:00:00 AM","T1","Departure","International","602"
"2019 Aug 23 03:41:00 PM","2019 Jul 01 12:00:00 AM","T4","Departure","International","73,331"
"2018 Apr 18 03:12:41 PM","2011 Nov 01 12:00:00 AM","T3","Arrival","Domestic","238,085"
"2020 Apr 29 07:14:24 AM","2020 Mar 01 12:00:00 AM","T7","Departure","International","11,407"
"2018 Apr 18 03:12:41 PM","2008 Oct 01 12:00:00 AM","TBIT","Arrival","Domestic","6,301"
"2018 Apr 18 03:12:41 PM","2011 Aug 01 12:00:00 AM","TBIT","Departure","International","340,155"
"2018 Apr 18 03:12:41 PM","2015 Sep 01 12:00:00 AM","T4","Departure","International","51,747"
"2018 Apr 18 03:12:41 PM","2007 Dec 01 12:00:00 AM","T2","Arrival","Domestic","96,870"
"2018 Apr 18 03:12:41 PM","2017 Jun 01 12:00:00 AM","T2","Arrival","Domestic","237,012"
"2018 Apr 18 03:12:41 PM","2006 Oct 01 12:00:00 AM","T2","Departure","Domestic","102,200"
"2018 Apr 18 03:12:41 PM","2013 Nov 01 12:00:00 AM","T3","Arrival","Domestic","195,021"
"2020 Oct 10 06:01:21 AM","2020 Sep 01 12:00:00 AM","T2","Arrival","Domestic","156,952"
"2018 Apr 18 03:12:41 PM","2006 Dec 01 12:00:00 AM","T8","Arrival","Domestic","117,047"
"2018 Apr 18 03:12:41 PM","2011 Aug 01 12:00:00 AM","T7","Departure","Domestic","253,531"
"2018 Apr 18 03:12:41 PM","2010 Mar 01 12:00:00 AM","T3","Arrival","Domestic","161,971"
"2018 Apr 18 03:12:41 PM","2017 Jan 01 12:00:00 AM","T3","Departure","International","1,483"
"2018 Apr 18 03:12:41 PM","2013 May 01 12:00:00 AM","T7","Arrival","Domestic","259,811"
"2018 Apr 18 03:12:41 PM","2009 Nov 01 12:00:00 AM","T1","Arrival","Domestic","343,456"
"2018 Apr 18 03:12:41 PM","2008 Mar 01 12:00:00 AM","T1","Arrival","Domestic","426,379"
"2018 Apr 18 03:12:41 PM","2015 Nov 01 12:00:00 AM","T6","Arrival","Domestic","328,062"
"2018 Apr 18 03:12:41 PM","2017 May 01 12:00:00 AM","T3","Departure","International","15,208"
"2020 Jun 29 07:20:39 AM","2020 May 01 12:00:00 AM","T5","Arrival","Domestic","39,919"
"2018 Apr 18 03:12:41 PM","2012 Jul 01 12:00:00 AM","TBIT","Arrival","Domestic","8,836"
"2018 Apr 18 03:12:41 PM","2009 Jan 01 12:00:00 AM","T7","Departure","Domestic","192,402"
"2019 Aug 23 03:41:00 PM","2019 Jul 01 12:00:00 AM","T6","Departure","Domestic","271,307"
"2018 Apr 18 03:12:41 PM","2017 Jan 01 12:00:00 AM","T6","Departure","Domestic","280,678"
"2018 Sep 26 09:27:08 AM","2018 Aug 01 12:00:00 AM","T4","Arrival","Domestic","387,490"
"2020 Jan 22 06:57:11 AM","2019 Dec 01 12:00:00 AM","T2","Departure","International","84,740"
"2018 Apr 18 03:12:41 PM","2014 Aug 01 12:00:00 AM","T3","Departure","International","2,866"
"2018 Sep 26 09:27:08 AM","2018 Aug 01 12:00:00 AM","T2","Arrival","Domestic","211,587"
"2018 Apr 18 03:12:41 PM","2014 Nov 01 12:00:00 AM","T8","Arrival","International","4,599"
"2018 Apr 18 03:12:41 PM","2012 Oct 01 12:00:00 AM","T4","Arrival","International","19,912"
"2020 Jun 10 06:01:27 AM","2020 May 01 12:00:00 AM","T6","Departure","International","4,273"
"2018 Apr 18 03:12:41 PM","2007 Aug 01 12:00:00 AM","T5","Departure","International","46,611"
"2018 Apr 18 03:12:41 PM","2012 Sep 01 12:00:00 AM","TBIT","Departure","Domestic","9,595"
"2018 Apr 18 03:12:41 PM","2013 Jun 01 12:00:00 AM","T6","Departure","Domestic","264,916"
"2018 Apr 18 03:12:41 PM","2011 Mar 01 12:00:00 AM","T1","Departure","Domestic","387,910"
"2018 Apr 18 03:12:41 PM","2009 Sep 01 12:00:00 AM","T5","Arrival","Domestic","231,732"
"2018 Apr 18 03:12:41 PM","2009 Jun 01 12:00:00 AM","TBIT","Departure","International","346,918"
"2018 Apr 18 03:12:41 PM","2015 Nov 01 12:00:00 AM","T8","Arrival","Domestic","173,734"
"2018 Apr 18 03:12:41 PM","2010 Feb 01 12:00:00 AM","T6","Departure","International","14,542"
"2018 Apr 18 03:12:41 PM","2009 Aug 01 12:00:00 AM","T8","Arrival","International","5,590"
"2018 Apr 18 03:12:41 PM","2012 Dec 01 12:00:00 AM","T8","Arrival","Domestic","131,821"
"2018 Apr 18 03:12:41 PM","2017 Apr 01 12:00:00 AM","T5","Departure","International","50,120"
"2018 Apr 18 03:12:41 PM","2010 Mar 01 12:00:00 AM","T3","Arrival","International","15,850"
"2018 Apr 18 03:12:41 PM","2010 Jul 01 12:00:00 AM","T6","Arrival","Domestic","317,445"
"2021 Mar 10 06:01:08 AM","2021 Feb 01 12:00:00 AM","T2","Arrival","Domestic","181,352"
"2018 Apr 18 03:12:41 PM","2006 Jan 01 12:00:00 AM","T3","Arrival","Domestic","121,649"
"2018 Apr 18 03:12:41 PM","2008 Jun 01 12:00:00 AM","T1","Arrival","Domestic","447,584"
"2018 Apr 18 03:12:41 PM","2007 Jan 01 12:00:00 AM","T7","Departure","International","39,908"
"2018 Oct 29 10:20:51 AM","2017 Jun 01 12:00:00 AM","TBIT","Arrival","International","763,763"
"2018 Apr 18 03:12:41 PM","2010 Aug 01 12:00:00 AM","TBIT","Arrival","Domestic","230"
"2018 Apr 18 03:12:41 PM","2013 Jun 01 12:00:00 AM","T1","Departure","Domestic","441,462"
"2019 Mar 01 11:09:59 AM","2019 Jan 01 12:00:00 AM","TBIT","Departure","Domestic","22,842"
"2018 Apr 18 03:12:41 PM","2014 Feb 01 12:00:00 AM","T1","Arrival","Domestic","292,789"
"2019 Nov 10 06:01:31 AM","2019 Sep 01 12:00:00 AM","T6","Arrival","Domestic","230,692"
"2018 Apr 18 03:12:41 PM","2009 Oct 01 12:00:00 AM","T7","Arrival","International","19,421"
"2018 Apr 18 03:12:41 PM","2010 Apr 01 12:00:00 AM","TBIT","Arrival","Domestic","5,217"
"2018 Apr 18 03:12:41 PM","2013 Aug 01 12:00:00 AM","T3","Departure","International","19,224"
"2018 Apr 18 03:12:41 PM","2011 Dec 01 12:00:00 AM","T2","Arrival","International","184,736"
"2018 Nov 25 11:40:39 AM","2018 Oct 01 12:00:00 AM","T4","Departure","Domestic","346,218"
"2018 Apr 18 03:12:41 PM","2007 Jan 01 12:00:00 AM","T2","Arrival","International","166,272"
"2018 Apr 18 03:12:41 PM","2007 Mar 01 12:00:00 AM","T5","Departure","Domestic","177,924"
"2018 Apr 18 03:12:41 PM","2012 Feb 01 12:00:00 AM","TBIT","Departure","International","253,077"
"2018 Apr 18 03:12:41 PM","2012 Mar 01 12:00:00 AM","T6","Arrival","Domestic","231,786"
"2018 Apr 18 03:12:41 PM","2006 Jul 01 12:00:00 AM","Miscellaneous Terminal","Arrival","Domestic","5"
"2018 Apr 18 03:12:41 PM","2018 Feb 01 12:00:00 AM","T4","Departure","Domestic","277,116"
"2018 Apr 18 03:12:41 PM","2015 Apr 01 12:00:00 AM","T4","Arrival","International","1,813"
"2018 Apr 18 03:12:41 PM","2009 Apr 01 12:00:00 AM","T2","Departure","International","147,223"
"2018 Apr 18 03:12:41 PM","2015 Oct 01 12:00:00 AM","T3","Departure","Domestic","291,796"
"2018 Apr 18 03:12:41 PM","2012 Nov 01 12:00:00 AM","T3","Arrival","Domestic","165,116"
"2018 Apr 18 03:12:41 PM","2015 May 01 12:00:00 AM","Miscellaneous Terminal","Arrival","Domestic","99,961"
"2018 Apr 18 03:12:41 PM","2012 Sep 01 12:00:00 AM","T8","Departure","Domestic","122,439"
"2020 Dec 10 06:01:38 AM","2020 Nov 01 12:00:00 AM","T6","Arrival","Domestic","52,584"
"2018 Apr 18 03:12:41 PM","2014 Apr 01 12:00:00 AM","Miscellaneous Terminal","Arrival","Domestic","73,018"
"2018 Apr 18 03:12:41 PM","2008 Mar 01 12:00:00 AM","T8","Arrival","International","5,142"
"2018 Apr 18 03:12:41 PM","2014 Dec 01 12:00:00 AM","Miscellaneous Terminal","Departure","Domestic","46,931"
"2018 Apr 18 03:12:41 PM","2010 Apr 01 12:00:00 AM","T7","Departure","International","21,489"
"2018 Apr 18 03:12:41 PM","2017 Jul 01 12:00:00 AM","T1","Departure","Domestic","427,003"
"2018 Apr 18 03:12:41 PM","2012 May 01 12:00:00 AM","T3","Departure","International","18,905"
"2018 Apr 18 03:12:41 PM","2012 Nov 01 12:00:00 AM","T6","Arrival","International","13,556"
"2018 Apr 18 03:12:41 PM","2008 Nov 01 12:00:00 AM","T1","Arrival","Domestic","359,066"
"2018 Apr 18 03:12:41 PM","2015 Apr 01 12:00:00 AM","T5","Arrival","International","59,248"
"2018 Sep 26 09:27:08 AM","2018 Aug 01 12:00:00 AM","TBIT","Arrival","Domestic","8,790"
"2018 Apr 18 03:12:41 PM","2016 Mar 01 12:00:00 AM","TBIT","Arrival","International","498,958"
"2018 Apr 18 03:12:41 PM","2016 Mar 01 12:00:00 AM","T6","Arrival","Domestic","317,866"
"2018 Apr 18 03:12:41 PM","2017 Jul 01 12:00:00 AM","Miscellaneous Terminal","Arrival","International","2,710"
"2018 Apr 18 03:12:41 PM","2007 Dec 01 12:00:00 AM","T8","Departure","Domestic","104,038"
"2019 Nov 26 01:26:41 PM","2019 Oct 01 12:00:00 AM","T2","Departure","Domestic","277,306"
"2018 Apr 18 03:12:41 PM","2008 Dec 01 12:00:00 AM","T5","Arrival","Domestic","165,383"
"2018 Apr 18 03:12:41 PM","2017 Sep 01 12:00:00 AM","T7","Departure","Domestic","290,409"
"2018 Apr 18 03:12:41 PM","2011 Mar 01 12:00:00 AM","T5","Departure","International","22,808"
"2018 Apr 18 03:12:41 PM","2008 Oct 01 12:00:00 AM","T1","Arrival","Domestic","398,712"
"2018 Apr 18 03:12:41 PM","2013 Nov 01 12:00:00 AM","Miscellaneous Terminal","Arrival","International","14"
"2018 Apr 18 03:12:41 PM","2014 Feb 01 12:00:00 AM","TBIT","Arrival","Domestic","5,312"
"2018 Apr 18 03:12:41 PM","2016 Sep 01 12:00:00 AM","TBIT","Departure","Domestic","44,599"
"2020 Jan 02 10:43:42 AM","2019 Nov 01 12:00:00 AM","T4","Departure","International","71,528"
"2018 Apr 18 03:12:41 PM","2009 Sep 01 12:00:00 AM","TBIT","Arrival","Domestic","8,236"
"2018 Apr 18 03:12:41 PM","2015 Nov 01 12:00:00 AM","T6","Departure","Domestic","310,174"
"2018 Apr 18 03:12:41 PM","2015 Jan 01 12:00:00 AM","T7","Departure","International","39,157"
"2018 Apr 18 03:12:41 PM","2010 Nov 01 12:00:00 AM","T7","Departure","International","26,631"
"2018 Apr 18 03:12:41 PM","2013 Dec 01 12:00:00 AM","T4","Departure","Domestic","371,511"
"2018 Apr 18 03:12:41 PM","2011 Sep 01 12:00:00 AM","Miscellaneous Terminal","Arrival","International","14"
"2018 Apr 18 03:12:41 PM","2010 Sep 01 12:00:00 AM","TBIT","Arrival","International","372,523"
"2018 Apr 18 03:12:41 PM","2014 Mar 01 12:00:00 AM","T4","Departure","International","43,343"
"2018 Apr 18 03:12:41 PM","2006 Feb 01 12:00:00 AM","T5","Arrival","Domestic","119,847"
"2018 Apr 18 03:12:41 PM","2010 Apr 01 12:00:00 AM","T1","Arrival","Domestic","352,251"
"2018 Apr 18 03:12:41 PM","2014 Apr 01 12:00:00 AM","T1","Departure","Domestic","327,814"
"2018 Apr 18 03:12:41 PM","2013 May 01 12:00:00 AM","TBIT","Departure","Domestic","8,988"
"2018 Apr 18 03:12:41 PM","2011 Dec 01 12:00:00 AM","T3","Departure","International","79,035"
"2018 Apr 18 03:12:41 PM","2007 Apr 01 12:00:00 AM","T3","Departure","International","65,249"
"2018 Apr 18 03:12:41 PM","2012 Oct 01 12:00:00 AM","T2","Arrival","International","181,946"
"2018 Apr 18 03:12:41 PM","2015 Apr 01 12:00:00 AM","T5","Departure","Domestic","371,898"
"2018 Apr 18 03:12:41 PM","2006 Jun 01 12:00:00 AM","Miscellaneous Terminal","Arrival","Domestic","5"
"2018 Apr 18 03:12:41 PM","2016 Jul 01 12:00:00 AM","T1","Departure","Domestic","411,791"
"2018 Apr 18 03:12:41 PM","2008 Jul 01 12:00:00 AM","T2","Departure","International","175,833"
"2018 Apr 18 03:12:41 PM","2015 Jun 01 12:00:00 AM","T6","Arrival","International","1,076"
"2018 Apr 18 03:12:41 PM","2010 Nov 01 12:00:00 AM","Miscellaneous Terminal","Arrival","Domestic","343"
"2018 Apr 18 03:12:41 PM","2017 Sep 01 12:00:00 AM","T6","Arrival","Domestic","258,157"
"2020 Aug 03 07:35:04 AM","2020 Jun 01 12:00:00 AM","T2","Departure","International","4,108"
"2018 Apr 18 03:12:41 PM","2009 Mar 01 12:00:00 AM","Miscellaneous Terminal","Departure","Domestic","350"
"2018 Apr 18 03:12:41 PM","2009 May 01 12:00:00 AM","T2","Arrival","Domestic","99,754"
"2018 Apr 18 03:12:41 PM","2007 Aug 01 12:00:00 AM","Miscellaneous Terminal","Arrival","International","6"
"2018 Apr 18 03:12:41 PM","2012 Nov 01 12:00:00 AM","T2","Arrival","Domestic","28,026"
"2018 Apr 18 03:12:41 PM","2015 Apr 01 12:00:00 AM","T1","Departure","Domestic","365,764"
"2018 Apr 18 03:12:41 PM","2017 Feb 01 12:00:00 AM","T6","Departure","International","60,975"
"2018 Apr 18 03:12:41 PM","2017 Dec 01 12:00:00 AM","T6","Arrival","International","56,224"
"2018 Apr 18 03:12:41 PM","2010 Apr 01 12:00:00 AM","T6","Arrival","International","10,616"
"2018 Apr 18 03:12:41 PM","2011 Dec 01 12:00:00 AM","T2","Arrival","Domestic","24,015"
"2018 Apr 18 03:12:41 PM","2015 Jun 01 12:00:00 AM","T8","Departure","International","16,473"
"2018 Apr 18 03:12:41 PM","2017 Apr 01 12:00:00 AM","T4","Arrival","International","56,882"
"2020 Mar 10 06:01:27 AM","2020 Feb 01 12:00:00 AM","T8","Arrival","International","2,015"
"2018 Apr 18 03:12:41 PM","2012 Jun 01 12:00:00 AM","T8","Departure","Domestic","161,598"
"2018 Apr 18 03:12:41 PM","2013 Sep 01 12:00:00 AM","T6","Departure","Domestic","254,069"
"2018 Apr 18 03:12:41 PM","2008 Jun 01 12:00:00 AM","T7","Arrival","International","31,827"
"2018 Apr 18 03:12:41 PM","2008 Feb 01 12:00:00 AM","Imperial Terminal","Arrival","Domestic","33"
"2018 Apr 18 03:12:41 PM","2015 Nov 01 12:00:00 AM","Miscellaneous Terminal","Arrival","International","3,968"
"2018 Apr 18 03:12:41 PM","2006 Jan 01 12:00:00 AM","Imperial Terminal","Arrival","Domestic","490"
"2018 Apr 18 03:12:41 PM","2014 Feb 01 12:00:00 AM","T8","Arrival","Domestic","102,644"
"2018 Apr 18 03:12:41 PM","2006 Nov 01 12:00:00 AM","T2","Arrival","Domestic","100,641"
"2018 Apr 18 03:12:41 PM","2014 Jun 01 12:00:00 AM","T8","Departure","International","8,209"
"2018 Apr 18 03:12:41 PM","2015 Sep 01 12:00:00 AM","T7","Departure","International","37,769"
"2018 Apr 18 03:12:41 PM","2014 May 01 12:00:00 AM","T5","Departure","International","31,974"
"2018 Apr 18 03:12:41 PM","2016 Feb 01 12:00:00 AM","T7","Departure","International","36,430"
"2018 Apr 18 03:12:41 PM","2011 Apr 01 12:00:00 AM","Miscellaneous Terminal","Arrival","International","32"
"2018 Apr 18 03:12:41 PM","2006 Jun 01 12:00:00 AM","T4","Departure","International","53,056"
"2018 Apr 18 03:12:41 PM","2007 Sep 01 12:00:00 AM","TBIT","Arrival","International","397,182"
"2018 Apr 18 03:12:41 PM","2007 Dec 01 12:00:00 AM","T4","Arrival","International","77,775"
"2018 Apr 18 03:12:41 PM","2010 Nov 01 12:00:00 AM","T2","Departure","Domestic","21,938"
"2018 Apr 18 03:12:41 PM","2012 Jan 01 12:00:00 AM","T6","Departure","International","20,498"
"2018 Apr 18 03:12:41 PM","2008 Mar 01 12:00:00 AM","T2","Departure","Domestic","104,907"
"2018 Apr 18 03:12:41 PM","2007 Jan 01 12:00:00 AM","T6","Departure","International","4,750"
"2018 Apr 18 03:12:41 PM","2008 Feb 01 12:00:00 AM","T1","Departure","International","187"
"2018 Apr 18 03:12:41 PM","2010 Aug 01 12:00:00 AM","T4","Arrival","Domestic","409,850"
"2018 Apr 18 03:12:41 PM","2009 Jan 01 12:00:00 AM","T2","Arrival","Domestic","86,725"
"2018 Apr 18 03:12:41 PM","2007 Mar 01 12:00:00 AM","T5","Departure","International","38,705"
"2018 Apr 18 03:12:41 PM","2006 Jun 01 12:00:00 AM","T5","Arrival","Domestic","174,320"
"2018 Apr 18 03:12:41 PM","2017 Nov 01 12:00:00 AM","T6","Departure","International","94,427"
"2018 Apr 18 03:12:41 PM","2012 Jul 01 12:00:00 AM","T2","Arrival","International","236,604"
"2018 Apr 18 03:12:41 PM","2013 Oct 01 12:00:00 AM","T7","Arrival","International","72,608"
"2018 Apr 18 03:12:41 PM","2007 May 01 12:00:00 AM","T5","Arrival","International","28,338"
"2018 Aug 21 11:02:45 AM","2018 Jul 01 12:00:00 AM","T1","Departure","Domestic","423,162"
"2018 Apr 18 03:12:41 PM","2008 Sep 01 12:00:00 AM","T3","Arrival","Domestic","106,207"
"2018 Apr 18 03:12:41 PM","2010 Sep 01 12:00:00 AM","T1","Departure","Domestic","342,643"
"2018 Apr 18 03:12:41 PM","2017 Mar 01 12:00:00 AM","T2","Arrival","Domestic","38,094"
"2018 Apr 18 03:12:41 PM","2015 Jun 01 12:00:00 AM","T2","Departure","International","208,701"
"2018 Apr 18 03:12:41 PM","2015 Jul 01 12:00:00 AM","T2","Departure","International","206,866"
"2018 Apr 18 03:12:41 PM","2008 Jan 01 12:00:00 AM","T4","Arrival","Domestic","383,767"
"2018 Apr 18 03:12:41 PM","2014 Apr 01 12:00:00 AM","T7","Arrival","International","89,596"
"2018 Apr 18 03:12:41 PM","2006 Apr 01 12:00:00 AM","T6","Arrival","Domestic","211,819"
"2018 Apr 18 03:12:41 PM","2011 Sep 01 12:00:00 AM","T6","Departure","Domestic","218,237"
"2018 Apr 18 03:12:41 PM","2014 Apr 01 12:00:00 AM","T7","Departure","Domestic","255,902"
"2020 Apr 08 09:58:08 AM","2020 Feb 01 12:00:00 AM","T3","Departure","International","44,138"
"2018 Nov 25 11:40:39 AM","2018 Oct 01 12:00:00 AM","Miscellaneous Terminal","Departure","International","6,149"
"2018 Apr 18 03:12:41 PM","2013 Mar 01 12:00:00 AM","T6","Departure","Domestic","321,763"
"2020 Aug 27 07:15:54 AM","2020 Jul 01 12:00:00 AM","T6","Arrival","Domestic","45,740"
"2021 Apr 01 09:37:48 AM","2021 Feb 01 12:00:00 AM","T4","Departure","International","4,762"
"2018 Apr 18 03:12:41 PM","2013 Jul 01 12:00:00 AM","TBIT","Arrival","International","483,865"
"2018 Apr 18 03:12:41 PM","2012 Aug 01 12:00:00 AM","T5","Departure","International","25,468"
"2018 Apr 18 03:12:41 PM","2015 Nov 01 12:00:00 AM","TBIT","Departure","International","442,219"
"2019 May 10 06:01:23 AM","2019 Apr 01 12:00:00 AM","T3","Arrival","International","29,291"
"2018 Apr 18 03:12:41 PM","2013 Apr 01 12:00:00 AM","T8","Departure","International","4,336"
"2018 Jul 11 02:24:22 PM","2018 Jun 01 12:00:00 AM","T4","Arrival","Domestic","385,538"
"2018 Apr 18 03:12:41 PM","2012 Aug 01 12:00:00 AM","T7","Arrival","Domestic","153,326"
"2018 Apr 18 03:12:41 PM","2015 Mar 01 12:00:00 AM","T8","Arrival","Domestic","170,270"
"2018 Apr 18 03:12:41 PM","2014 Nov 01 12:00:00 AM","Miscellaneous Terminal","Arrival","International","9"
"2018 Apr 18 03:12:41 PM","2016 Jun 01 12:00:00 AM","T6","Departure","Domestic","358,397"
"2021 Mar 03 10:48:12 AM","2021 Jan 01 12:00:00 AM","T4","Departure","International","2,963"
"2018 Apr 18 03:12:41 PM","2006 Feb 01 12:00:00 AM","T8","Arrival","Domestic","102,735"
"2018 Apr 18 03:12:41 PM","2011 Feb 01 12:00:00 AM","T4","Arrival","International","13,449"
"2019 Apr 29 01:10:30 PM","2019 Mar 01 12:00:00 AM","Miscellaneous Terminal","Departure","Domestic","127,305"
"2018 Apr 18 03:12:41 PM","2017 Jan 01 12:00:00 AM","T5","Arrival","International","66,655"
"2018 Apr 18 03:12:41 PM","2015 Feb 01 12:00:00 AM","T7","Arrival","Domestic","260,869"
"2018 Apr 18 03:12:41 PM","2011 Jun 01 12:00:00 AM","T4","Arrival","Domestic","443,345"
"2018 Apr 18 03:12:41 PM","2016 Dec 01 12:00:00 AM","TBIT","Departure","International","542,156"
"2018 Apr 18 03:12:41 PM","2014 Dec 01 12:00:00 AM","T2","Departure","Domestic","44,715"
"2018 Apr 18 03:12:41 PM","2014 Mar 01 12:00:00 AM","T7","Departure","International","45,549"
"2018 Apr 18 03:12:41 PM","2008 Aug 01 12:00:00 AM","T1","Departure","International","395"
"2018 Apr 18 03:12:41 PM","2014 Nov 01 12:00:00 AM","T4","Departure","International","30,066"
"2018 Apr 18 03:12:41 PM","2010 Feb 01 12:00:00 AM","TBIT","Arrival","International","343,316"
"2018 Apr 18 03:12:41 PM","2009 Jun 01 12:00:00 AM","T3","Arrival","International","14,034"
"2018 Apr 18 03:12:41 PM","2016 Aug 01 12:00:00 AM","T6","Arrival","International","13,006"
"2019 Mar 14 06:45:08 AM","2019 Feb 01 12:00:00 AM","T8","Arrival","Domestic","111,851"
"2018 Oct 29 10:20:51 AM","2018 Feb 01 12:00:00 AM","T2","Arrival","International","77,857"
"2018 Apr 18 03:12:41 PM","2010 Feb 01 12:00:00 AM","T5","Departure","Domestic","184,070"
"2018 Apr 18 03:12:41 PM","2016 Jun 01 12:00:00 AM","T5","Arrival","Domestic","431,757"
"2018 Apr 18 03:12:41 PM","2014 Jan 01 12:00:00 AM","T3","Departure","International","1,565"
"2018 Oct 29 10:20:51 AM","2018 Sep 01 12:00:00 AM","T5","Arrival","International","11,067"
"2018 Apr 18 03:12:41 PM","2011 Feb 01 12:00:00 AM","TBIT","Departure","International","239,918"
"2018 Apr 18 03:12:41 PM","2015 Oct 01 12:00:00 AM","T4","Arrival","International","1,545"
"2018 Apr 18 03:12:41 PM","2014 Jul 01 12:00:00 AM","T2","Departure","International","230,799"
"2018 Apr 18 03:12:41 PM","2013 Oct 01 12:00:00 AM","TBIT","Departure","Domestic","7,458"
"2018 Apr 18 03:12:41 PM","2013 Jun 01 12:00:00 AM","T5","Arrival","Domestic","318,739"
"2018 Apr 18 03:12:41 PM","2016 Mar 01 12:00:00 AM","T8","Departure","International","9,769"
"2018 Apr 18 03:12:41 PM","2016 Oct 01 12:00:00 AM","TBIT","Arrival","Domestic","19,488"
"2018 Apr 18 03:12:41 PM","2008 Sep 01 12:00:00 AM","TBIT","Departure","International","327,056"
"2018 Apr 18 03:12:41 PM","2008 Apr 01 12:00:00 AM","T5","Departure","Domestic","188,432"
"2018 Apr 18 03:12:41 PM","2018 Jan 01 12:00:00 AM","T1","Departure","Domestic","390,464"
"2018 Apr 18 03:12:41 PM","2006 Dec 01 12:00:00 AM","T7","Departure","International","40,941"
"2018 Apr 18 03:12:41 PM","2007 Aug 01 12:00:00 AM","T8","Departure","International","3,718"
"2018 Aug 21 11:02:45 AM","2018 Jul 01 12:00:00 AM","T4","Departure","International","80,668"
"2018 Apr 18 03:12:41 PM","2015 Mar 01 12:00:00 AM","T6","Departure","International","52,852"
"2018 Apr 18 03:12:41 PM","2008 Jan 01 12:00:00 AM","T2","Departure","Domestic","94,283"
"2018 Apr 18 03:12:41 PM","2011 Aug 01 12:00:00 AM","TBIT","Arrival","International","498,331"
"2018 Apr 18 03:12:41 PM","2015 May 01 12:00:00 AM","T5","Arrival","Domestic","376,833"
"2018 Apr 18 03:12:41 PM","2017 Sep 01 12:00:00 AM","TBIT","Departure","Domestic","18,014"
"2018 Apr 18 03:12:41 PM","2017 May 01 12:00:00 AM","TBIT","Arrival","Domestic","7,861"
"2018 Apr 18 03:12:41 PM","2010 Oct 01 12:00:00 AM","T2","Departure","International","198,123"
"2018 Apr 18 03:12:41 PM","2013 Aug 01 12:00:00 AM","T6","Departure","International","66,557"
"2018 Apr 18 03:12:41 PM","2008 Jun 01 12:00:00 AM","T8","Departure","International","4,873"
"2019 Nov 14 03:00:43 PM","2019 Oct 01 12:00:00 AM","T3","Arrival","International","31,959"
"2019 Apr 10 06:01:25 AM","2019 Mar 01 12:00:00 AM","T3","Departure","International","58,816"
"2018 Apr 18 03:12:41 PM","2010 Jan 01 12:00:00 AM","T6","Arrival","Domestic","177,973"
"2019 Jan 30 07:34:09 AM","2018 Dec 01 12:00:00 AM","T7","Arrival","Domestic","345,586"
"2018 Apr 18 03:12:41 PM","2009 Aug 01 12:00:00 AM","T3","Departure","Domestic","180,363"
"2018 Apr 18 03:12:41 PM","2008 Feb 01 12:00:00 AM","T7","Departure","International","39,270"
"2018 Apr 18 03:12:41 PM","2010 Aug 01 12:00:00 AM","T3","Departure","Domestic","189,788"
"2018 Apr 18 03:12:41 PM","2014 Dec 01 12:00:00 AM","Miscellaneous Terminal","Arrival","Domestic","49,371"
"2018 Apr 18 03:12:41 PM","2007 Sep 01 12:00:00 AM","T5","Departure","International","28,901"
"2018 Apr 18 03:12:41 PM","2008 Aug 01 12:00:00 AM","T1","Arrival","Domestic","439,991"
"2018 Apr 18 03:12:41 PM","2007 Nov 01 12:00:00 AM","T2","Arrival","Domestic","95,882"
"2018 Apr 18 03:12:41 PM","2017 Mar 01 12:00:00 AM","T8","Arrival","International","3,514"
"2018 Apr 18 03:12:41 PM","2016 Sep 01 12:00:00 AM","T5","Arrival","International","62,078"
"2018 Apr 18 03:12:41 PM","2008 Oct 01 12:00:00 AM","T8","Arrival","International","4,963"
"2018 Apr 18 03:12:41 PM","2008 Aug 01 12:00:00 AM","T5","Departure","Domestic","204,878"
"2019 Aug 23 03:41:00 PM","2019 Jul 01 12:00:00 AM","T3","Departure","International","51,985"
"2018 Apr 18 03:12:41 PM","2018 Jan 01 12:00:00 AM","T8","Departure","Domestic","91,112"
"2021 Apr 01 09:37:48 AM","2021 Feb 01 12:00:00 AM","T4","Arrival","Domestic","124,689"
"2018 Apr 18 03:12:41 PM","2009 Sep 01 12:00:00 AM","TBIT","Departure","International","309,742"
"2018 Apr 18 03:12:41 PM","2006 Dec 01 12:00:00 AM","T7","Arrival","International","31,720"
"2018 Apr 18 03:12:41 PM","2015 Nov 01 12:00:00 AM","T3","Arrival","Domestic","283,973"
"2018 Apr 18 03:12:41 PM","2012 Mar 01 12:00:00 AM","T6","Arrival","International","14,127"
"2018 Apr 18 03:12:41 PM","2015 Apr 01 12:00:00 AM","T7","Departure","International","35,805"
"2019 May 28 06:24:45 AM","2019 Apr 01 12:00:00 AM","T4","Departure","Domestic","353,728"
"2018 Apr 18 03:12:41 PM","2010 May 01 12:00:00 AM","T3","Arrival","International","16,518"
"2018 Apr 18 03:12:41 PM","2007 Jun 01 12:00:00 AM","TBIT","Arrival","International","428,534"
"2018 Apr 18 03:12:41 PM","2015 Oct 01 12:00:00 AM","T8","Arrival","International","6,607"
"2018 Apr 18 03:12:41 PM","2015 Feb 01 12:00:00 AM","T2","Departure","International","136,066"
"2018 Apr 18 03:12:41 PM","2007 Jan 01 12:00:00 AM","Miscellaneous Terminal","Departure","Domestic","598"
"2018 Apr 18 03:12:41 PM","2017 Mar 01 12:00:00 AM","T5","Departure","Domestic","432,244"
"2018 Apr 18 03:12:41 PM","2010 Jul 01 12:00:00 AM","T8","Departure","International","9,875"
"2018 Apr 18 03:12:41 PM","2009 Dec 01 12:00:00 AM","T6","Departure","International","16,626"
"2018 Apr 18 03:12:41 PM","2011 Dec 01 12:00:00 AM","T4","Arrival","International","16,977"
"2018 Oct 29 10:20:51 AM","2018 Sep 01 12:00:00 AM","T8","Departure","International","6,884"
"2018 Apr 18 03:12:41 PM","2017 Mar 01 12:00:00 AM","T8","Arrival","Domestic","160,869"
"2019 Nov 14 03:00:43 PM","2019 Oct 01 12:00:00 AM","T8","Arrival","Domestic","143,217"
"2018 Apr 18 03:12:41 PM","2012 Dec 01 12:00:00 AM","T2","Departure","International","187,853"
"2018 Apr 18 03:12:41 PM","2008 Jul 01 12:00:00 AM","T7","Arrival","Domestic","279,531"
"2018 Apr 18 03:12:41 PM","2009 Dec 01 12:00:00 AM","Miscellaneous Terminal","Departure","Domestic","157"
"2018 Apr 18 03:12:41 PM","2013 Mar 01 12:00:00 AM","T7","Arrival","International","55,586"
"2018 Apr 18 03:12:41 PM","2010 Aug 01 12:00:00 AM","T8","Arrival","Domestic","166,986"
"2019 Mar 14 06:45:08 AM","2019 Feb 01 12:00:00 AM","T5","Arrival","International","4,693"
"2018 Apr 18 03:12:41 PM","2017 Jan 01 12:00:00 AM","TBIT","Arrival","Domestic","10,313"
"2018 Apr 18 03:12:41 PM","2015 Aug 01 12:00:00 AM","T8","Arrival","International","6,256"
"2018 Apr 18 03:12:41 PM","2016 Aug 01 12:00:00 AM","T7","Departure","International","42,799"
"2018 Apr 18 03:12:41 PM","2013 Sep 01 12:00:00 AM","T4","Departure","International","36,709"
"2018 Apr 18 03:12:41 PM","2017 Sep 01 12:00:00 AM","T2","Arrival","Domestic","209,788"
"2018 Apr 18 03:12:41 PM","2013 Aug 01 12:00:00 AM","T1","Departure","Domestic","440,463"
"2019 Apr 10 06:01:25 AM","2019 Mar 01 12:00:00 AM","T3","Arrival","International","29,755"
"2018 Apr 18 03:12:41 PM","2018 Mar 01 12:00:00 AM","T2","Departure","Domestic","242,129"
"2019 Jun 10 06:01:29 AM","2019 May 01 12:00:00 AM","T3","Arrival","International","34,360"
"2018 Apr 18 03:12:41 PM","2007 Aug 01 12:00:00 AM","T7","Departure","Domestic","285,320"
"2018 Apr 18 03:12:41 PM","2006 Sep 01 12:00:00 AM","T7","Arrival","Domestic","241,417"
"2018 Apr 18 03:12:41 PM","2013 Feb 01 12:00:00 AM","T8","Arrival","International","3,432"
"2018 Apr 18 03:12:41 PM","2014 Jul 01 12:00:00 AM","T5","Departure","Domestic","415,770"
"2018 Apr 18 03:12:41 PM","2007 Apr 01 12:00:00 AM","T8","Departure","International","3,313"
"2018 Apr 18 03:12:41 PM","2006 Feb 01 12:00:00 AM","T4","Departure","Domestic","340,906"
"2018 Apr 18 03:12:41 PM","2007 Sep 01 12:00:00 AM","T5","Arrival","Domestic","195,618"
"2020 May 10 06:01:34 AM","2020 Apr 01 12:00:00 AM","T2","Arrival","International","284"
"2018 Apr 18 03:12:41 PM","2015 Aug 01 12:00:00 AM","T2","Departure","Domestic","53,586"
"2018 Jul 11 02:24:22 PM","2018 Jun 01 12:00:00 AM","T5","Departure","International","701"
"2020 Jun 01 07:57:59 AM","2020 Apr 01 12:00:00 AM","T5","Departure","Domestic","27,580"
"2018 Apr 18 03:12:41 PM","2007 May 01 12:00:00 AM","Miscellaneous Terminal","Arrival","Domestic","50"
"2018 Apr 18 03:12:41 PM","2016 Jun 01 12:00:00 AM","T7","Arrival","Domestic","282,776"
"2018 Apr 18 03:12:41 PM","2017 Oct 01 12:00:00 AM","T8","Arrival","Domestic","143,928"
"2018 Apr 18 03:12:41 PM","2011 Sep 01 12:00:00 AM","T5","Arrival","Domestic","220,619"
"2018 Apr 18 03:12:41 PM","2007 Oct 01 12:00:00 AM","T6","Arrival","International","233"
"2018 Apr 18 03:12:41 PM","2008 Sep 01 12:00:00 AM","T5","Departure","Domestic","142,157"
"2020 Sep 28 04:07:45 PM","2020 Aug 01 12:00:00 AM","T6","Arrival","Domestic","50,225"
"2018 Apr 18 03:12:41 PM","2008 Feb 01 12:00:00 AM","T2","Arrival","Domestic","89,935"
"2020 Jun 10 06:01:27 AM","2020 May 01 12:00:00 AM","T6","Departure","Domestic","17,063"
"2018 Apr 18 03:12:41 PM","2014 Feb 01 12:00:00 AM","T5","Arrival","Domestic","268,274"
"2018 Apr 18 03:12:41 PM","2007 Aug 01 12:00:00 AM","T3","Arrival","International","26,190"
"2018 Apr 18 03:12:41 PM","2017 Dec 01 12:00:00 AM","TBIT","Arrival","Domestic","8,945"
"2018 Apr 18 03:12:41 PM","2007 Mar 01 12:00:00 AM","T5","Arrival","International","27,508"
"2018 Apr 18 03:12:41 PM","2014 May 01 12:00:00 AM","T4","Arrival","International","3,988"
"2018 Apr 18 03:12:41 PM","2018 Feb 01 12:00:00 AM","Miscellaneous Terminal","Arrival","International","4,102"
"2018 Apr 18 03:12:41 PM","2008 Apr 01 12:00:00 AM","T2","Arrival","Domestic","91,954"
"2018 Apr 18 03:12:41 PM","2015 May 01 12:00:00 AM","T8","Departure","International","12,728"
"2018 Apr 18 03:12:41 PM","2014 Feb 01 12:00:00 AM","TBIT","Departure","Domestic","4,409"
"2018 Apr 18 03:12:41 PM","2016 Jun 01 12:00:00 AM","T6","Arrival","International","12,741"
"2018 Apr 18 03:12:41 PM","2011 May 01 12:00:00 AM","Miscellaneous Terminal","Arrival","International","3"
"2018 Apr 18 03:12:41 PM","2006 Sep 01 12:00:00 AM","T8","Arrival","Domestic","114,518"
"2018 Apr 18 03:12:41 PM","2011 May 01 12:00:00 AM","Miscellaneous Terminal","Arrival","Domestic","82"
"2018 Apr 18 03:12:41 PM","2013 Apr 01 12:00:00 AM","T6","Departure","International","70,690"
"2018 Apr 18 03:12:41 PM","2006 Oct 01 12:00:00 AM","T6","Arrival","International","3,569"
"2018 Apr 18 03:12:41 PM","2013 Dec 01 12:00:00 AM","T6","Arrival","Domestic","287,416"
"2018 Apr 18 03:12:41 PM","2017 Jan 01 12:00:00 AM","Miscellaneous Terminal","Arrival","International","4,637"
"2019 May 10 06:01:23 AM","2019 Apr 01 12:00:00 AM","T7","Arrival","Domestic","330,358"
"2018 Oct 29 10:20:51 AM","2018 Sep 01 12:00:00 AM","T3","Departure","International","19,587"
"2018 Apr 18 03:12:41 PM","2017 May 01 12:00:00 AM","T7","Departure","International","43,548"
"2018 Apr 18 03:12:41 PM","2014 Sep 01 12:00:00 AM","TBIT","Arrival","Domestic","13,432"
"2018 Apr 18 03:12:41 PM","2014 Apr 01 12:00:00 AM","T4","Departure","Domestic","362,783"
"2018 Apr 18 03:12:41 PM","2014 Nov 01 12:00:00 AM","T2","Departure","International","169,511"
"2018 Apr 18 03:12:41 PM","2009 Jul 01 12:00:00 AM","TBIT","Arrival","Domestic","8,369"
"2018 Apr 18 03:12:41 PM","2011 Dec 01 12:00:00 AM","T3","Arrival","International","14,796"
"2018 Apr 18 03:12:41 PM","2010 Sep 01 12:00:00 AM","T4","Departure","International","37,248"
"2018 Apr 18 03:12:41 PM","2015 Jan 01 12:00:00 AM","T5","Departure","International","65,897"
"2018 Apr 18 03:12:41 PM","2009 Sep 01 12:00:00 AM","Miscellaneous Terminal","Arrival","International","2"
"2018 Apr 18 03:12:41 PM","2015 Jun 01 12:00:00 AM","T5","Arrival","International","67,743"
"2018 Apr 18 03:12:41 PM","2012 Dec 01 12:00:00 AM","Miscellaneous Terminal","Departure","Domestic","49,949"
"2018 Apr 18 03:12:41 PM","2012 Aug 01 12:00:00 AM","T4","Departure","Domestic","483,077"
"2018 Apr 18 03:12:41 PM","2014 Feb 01 12:00:00 AM","T7","Arrival","Domestic","209,439"
"2018 Apr 18 03:12:41 PM","2006 Dec 01 12:00:00 AM","T5","Departure","International","45,877"
"2019 Jul 10 06:01:27 AM","2019 Jun 01 12:00:00 AM","T1","Arrival","Domestic","406,842"
"2018 Apr 18 03:12:41 PM","2008 Nov 01 12:00:00 AM","T8","Departure","International","2,898"
"2018 Apr 18 03:12:41 PM","2011 Jul 01 12:00:00 AM","T7","Departure","Domestic","260,912"
"2018 Apr 18 03:12:41 PM","2010 Nov 01 12:00:00 AM","T4","Departure","International","39,348"
"2018 Apr 18 03:12:41 PM","2008 May 01 12:00:00 AM","Miscellaneous Terminal","Arrival","Domestic","119"
"2018 Jul 11 02:24:22 PM","2018 May 01 12:00:00 AM","T5","Departure","Domestic","416,328"
"2018 Apr 18 03:12:41 PM","2011 Feb 01 12:00:00 AM","T1","Departure","Domestic","313,228"
"2018 Apr 18 03:12:41 PM","2013 Jul 01 12:00:00 AM","T2","Departure","International","248,515"
"2018 Apr 18 03:12:41 PM","2007 Oct 01 12:00:00 AM","T5","Departure","Domestic","209,813"
"2018 Apr 18 03:12:41 PM","2015 Jan 01 12:00:00 AM","T6","Departure","Domestic","263,585"
"2018 Apr 18 03:12:41 PM","2006 Jan 01 12:00:00 AM","T4","Arrival","International","68,348"
"2018 Apr 18 03:12:41 PM","2007 Dec 01 12:00:00 AM","Miscellaneous Terminal","Arrival","Domestic","387"
"2018 Apr 18 03:12:41 PM","2014 Sep 01 12:00:00 AM","T2","Departure","Domestic","38,839"
"2018 Apr 18 03:12:41 PM","2017 Apr 01 12:00:00 AM","T5","Arrival","International","63,947"
"2018 Apr 18 03:12:41 PM","2011 Nov 01 12:00:00 AM","T5","Departure","International","19,220"
"2018 Apr 18 03:12:41 PM","2008 Nov 01 12:00:00 AM","T2","Departure","Domestic","89,389"
"2018 Apr 18 03:12:41 PM","2012 Sep 01 12:00:00 AM","T4","Departure","International","36,388"
"2018 Apr 18 03:12:41 PM","2012 Sep 01 12:00:00 AM","T5","Arrival","International","38,663"
"2018 Apr 18 03:12:41 PM","2017 Jun 01 12:00:00 AM","T6","Departure","Domestic","282,888"
"2018 Apr 18 03:12:41 PM","2011 May 01 12:00:00 AM","TBIT","Departure","International","321,766"
"2018 Apr 18 03:12:41 PM","2010 Feb 01 12:00:00 AM","T7","Departure","International","21,367"
"2018 Apr 18 03:12:41 PM","2015 May 01 12:00:00 AM","T4","Departure","International","41,534"
"2018 Apr 18 03:12:41 PM","2017 Oct 01 12:00:00 AM","T7","Arrival","Domestic","323,286"
"2018 Apr 18 03:12:41 PM","2006 Oct 01 12:00:00 AM","T5","Departure","International","24,564"
"2018 Apr 18 03:12:41 PM","2006 Nov 01 12:00:00 AM","TBIT","Arrival","International","332,217"
"2019 Jan 30 07:34:09 AM","2018 Dec 01 12:00:00 AM","T5","Departure","Domestic","403,418"
"2018 Apr 18 03:12:41 PM","2017 Mar 01 12:00:00 AM","T1","Departure","Domestic","401,875"
"2018 Apr 18 03:12:41 PM","2014 May 01 12:00:00 AM","T6","Departure","Domestic","286,334"
"2020 Sep 28 04:07:45 PM","2020 Aug 01 12:00:00 AM","T7","Departure","Domestic","112,945"
"2018 Apr 18 03:12:41 PM","2014 Nov 01 12:00:00 AM","T2","Departure","Domestic","36,030"
"2018 Apr 18 03:12:41 PM","2014 Feb 01 12:00:00 AM","Miscellaneous Terminal","Departure","Domestic","71,183"
"2018 Apr 18 03:12:41 PM","2012 Jun 01 12:00:00 AM","T2","Arrival","Domestic","30,940"
"2018 Apr 18 03:12:41 PM","2007 Mar 01 12:00:00 AM","T8","Arrival","Domestic","125,657"
"2018 Apr 18 03:12:41 PM","2015 Sep 01 12:00:00 AM","T4","Arrival","International","1,900"
"2018 Aug 21 11:02:45 AM","2018 Jul 01 12:00:00 AM","T1","Arrival","Domestic","422,807"
"2018 Apr 18 03:12:41 PM","2007 Jun 01 12:00:00 AM","TBIT","Departure","International","400,715"
"2018 Apr 18 03:12:41 PM","2010 Feb 01 12:00:00 AM","T3","Departure","International","61,317"
"2018 Apr 18 03:12:41 PM","2009 Mar 01 12:00:00 AM","T3","Departure","International","55,441"
"2020 May 10 06:01:34 AM","2020 Apr 01 12:00:00 AM","T6","Arrival","International","668"
"2018 Apr 18 03:12:41 PM","2012 Aug 01 12:00:00 AM","Miscellaneous Terminal","Arrival","Domestic","92"
"2020 May 04 06:39:48 AM","2020 Mar 01 12:00:00 AM","Miscellaneous Terminal","Departure","International","3,527"
"2018 Apr 18 03:12:41 PM","2013 Aug 01 12:00:00 AM","T8","Departure","Domestic","137,463"
"2018 Apr 18 03:12:41 PM","2010 Apr 01 12:00:00 AM","Miscellaneous Terminal","Departure","Domestic","14"
"2018 Apr 18 03:12:41 PM","2012 Sep 01 12:00:00 AM","T6","Arrival","Domestic","273,651"
"2018 Apr 18 03:12:41 PM","2006 Aug 01 12:00:00 AM","T6","Arrival","International","9,858"
"2018 Apr 18 03:12:41 PM","2009 Jun 01 12:00:00 AM","T5","Departure","International","26,479"
"2019 Aug 23 03:41:00 PM","2019 Jul 01 12:00:00 AM","Miscellaneous Terminal","Departure","International","6,532"
"2018 Apr 18 03:12:41 PM","2007 Aug 01 12:00:00 AM","T5","Departure","Domestic","211,847"
"2019 Nov 26 01:26:41 PM","2019 Oct 01 12:00:00 AM","T3","Departure","Domestic","279,045"
"2018 Sep 26 09:27:08 AM","2018 Aug 01 12:00:00 AM","T1","Departure","Domestic","430,453"
"2018 Apr 18 03:12:41 PM","2011 Nov 01 12:00:00 AM","T7","Arrival","International","30,576"
"2018 Apr 18 03:12:41 PM","2011 Jun 01 12:00:00 AM","T1","Arrival","Domestic","402,323"
"2019 Apr 29 01:10:30 PM","2019 Mar 01 12:00:00 AM","TBIT","Departure","International","657,435"
"2018 Apr 18 03:12:41 PM","2012 Nov 01 12:00:00 AM","T7","Departure","Domestic","198,465"
"2018 Apr 18 03:12:41 PM","2006 Jul 01 12:00:00 AM","T6","Departure","Domestic","266,116"
"2018 Apr 18 03:12:41 PM","2015 Dec 01 12:00:00 AM","T2","Arrival","International","158,941"
"2018 Apr 18 03:12:41 PM","2013 Nov 01 12:00:00 AM","T2","Arrival","Domestic","27,420"
"2019 Nov 26 01:26:41 PM","2019 Oct 01 12:00:00 AM","T3","Departure","International","41,048"
"2018 Apr 18 03:12:41 PM","2015 Nov 01 12:00:00 AM","TBIT","Arrival","Domestic","12,248"
"2018 Apr 18 03:12:41 PM","2013 Jun 01 12:00:00 AM","T2","Departure","International","222,091"
"2018 Apr 18 03:12:41 PM","2011 May 01 12:00:00 AM","T4","Arrival","Domestic","437,546"
"2018 Nov 10 06:01:27 AM","2018 Oct 01 12:00:00 AM","T1","Arrival","Domestic","426,632"
"2019 Mar 14 06:45:08 AM","2019 Feb 01 12:00:00 AM","T4","Departure","Domestic","313,939"
"2020 Jun 01 07:57:59 AM","2020 Apr 01 12:00:00 AM","T5","Arrival","Domestic","27,103"
"2018 Apr 18 03:12:41 PM","2015 Aug 01 12:00:00 AM","T4","Arrival","Domestic","382,669"
"2018 Apr 18 03:12:41 PM","2006 Jun 01 12:00:00 AM","T1","Departure","Domestic","460,256"
"2019 Jul 18 06:18:08 AM","2019 Jun 01 12:00:00 AM","T6","Arrival","Domestic","258,837"
"2018 Apr 18 03:12:41 PM","2009 Mar 01 12:00:00 AM","TBIT","Arrival","Domestic","3,866"
"2018 Apr 18 03:12:41 PM","2007 May 01 12:00:00 AM","T7","Arrival","Domestic","269,849"
"2018 Apr 18 03:12:41 PM","2016 Jun 01 12:00:00 AM","T5","Arrival","International","68,512"
"2018 Apr 18 03:12:41 PM","2014 May 01 12:00:00 AM","Miscellaneous Terminal","Arrival","Domestic","79,634"
"2018 Apr 18 03:12:41 PM","2009 Jul 01 12:00:00 AM","TBIT","Arrival","International","473,470"
"2018 Apr 18 03:12:41 PM","2010 Jun 01 12:00:00 AM","T3","Departure","International","59,819"
"2018 Apr 18 03:12:41 PM","2008 Sep 01 12:00:00 AM","T2","Departure","International","159,584"
"2019 Nov 10 06:01:31 AM","2019 Sep 01 12:00:00 AM","T6","Arrival","International","75,875"
"2018 Apr 18 03:12:41 PM","2007 Jun 01 12:00:00 AM","T5","Arrival","International","33,732"
"2018 Apr 18 03:12:41 PM","2016 Oct 01 12:00:00 AM","T6","Departure","Domestic","320,293"
"2018 Apr 18 03:12:41 PM","2010 Nov 01 12:00:00 AM","T8","Arrival","International","3,217"
"2019 Apr 10 06:01:25 AM","2019 Mar 01 12:00:00 AM","T8","Arrival","Domestic","144,933"
"2020 Apr 10 06:01:22 AM","2020 Mar 01 12:00:00 AM","T4","Arrival","Domestic","211,027"
"2018 Apr 18 03:12:41 PM","2008 Mar 01 12:00:00 AM","Imperial Terminal","Arrival","Domestic","140"
"2018 Apr 18 03:12:41 PM","2013 Sep 01 12:00:00 AM","T6","Arrival","International","11,153"
"2018 Apr 18 03:12:41 PM","2007 Aug 01 12:00:00 AM","Miscellaneous Terminal","Arrival","Domestic","2"
"2018 Apr 18 03:12:41 PM","2010 Dec 01 12:00:00 AM","T2","Arrival","Domestic","30,949"
"2018 Apr 18 03:12:41 PM","2015 Feb 01 12:00:00 AM","T6","Departure","International","46,575"
"2018 Apr 18 03:12:41 PM","2016 Nov 01 12:00:00 AM","T8","Departure","Domestic","139,378"
"2018 Apr 18 03:12:41 PM","2018 Jan 01 12:00:00 AM","T7","Arrival","International","73,843"
"2018 Apr 18 03:12:41 PM","2017 May 01 12:00:00 AM","T2","Departure","International","171,463"
"2018 Apr 18 03:12:41 PM","2012 May 01 12:00:00 AM","T3","Arrival","Domestic","177,371"
"2018 Apr 18 03:12:41 PM","2018 Mar 01 12:00:00 AM","T2","Arrival","Domestic","197,411"
"2018 Apr 18 03:12:41 PM","2009 Sep 01 12:00:00 AM","T8","Departure","Domestic","104,439"
"2018 Apr 18 03:12:41 PM","2012 Mar 01 12:00:00 AM","T4","Arrival","Domestic","434,864"
"2018 Apr 18 03:12:41 PM","2016 Dec 01 12:00:00 AM","T6","Arrival","International","11,005"
"2018 Apr 18 03:12:41 PM","2015 Dec 01 12:00:00 AM","T1","Arrival","Domestic","391,622"
"2018 Apr 18 03:12:41 PM","2010 Jun 01 12:00:00 AM","T6","Departure","Domestic","282,783"
"2018 Apr 18 03:12:41 PM","2013 Aug 01 12:00:00 AM","T6","Arrival","Domestic","310,526"
"2018 Apr 18 03:12:41 PM","2015 Aug 01 12:00:00 AM","T5","Departure","International","75,300"
"2018 Apr 18 03:12:41 PM","2010 Oct 01 12:00:00 AM","T1","Arrival","Domestic","378,946"
"2018 Apr 18 03:12:41 PM","2017 Jun 01 12:00:00 AM","Miscellaneous Terminal","Departure","International","2,314"
"2018 Apr 18 03:12:41 PM","2008 Aug 01 12:00:00 AM","T4","Arrival","Domestic","425,460"
"2018 Apr 18 03:12:41 PM","2016 Sep 01 12:00:00 AM","T8","Arrival","Domestic","152,444"
"2020 Apr 08 09:58:08 AM","2020 Feb 01 12:00:00 AM","T2","Arrival","International","63,432"
"2018 Apr 18 03:12:41 PM","2010 Aug 01 12:00:00 AM","T7","Arrival","International","28,818"
"2018 Apr 18 03:12:41 PM","2009 Apr 01 12:00:00 AM","T7","Departure","Domestic","295,252"
"2018 Apr 18 03:12:41 PM","2007 Dec 01 12:00:00 AM","Imperial Terminal","Arrival","International","61"
"2018 Apr 18 03:12:41 PM","2010 Apr 01 12:00:00 AM","T7","Arrival","International","20,215"
"2018 Apr 18 03:12:41 PM","2007 Feb 01 12:00:00 AM","T5","Departure","Domestic","130,205"
"2018 Apr 18 03:12:41 PM","2009 Feb 01 12:00:00 AM","T3","Departure","International","45,546"
"2018 Apr 18 03:12:41 PM","2015 Nov 01 12:00:00 AM","T7","Departure","International","37,782"
"2018 Apr 18 03:12:41 PM","2007 Sep 01 12:00:00 AM","T2","Departure","International","170,102"
"2018 Apr 18 03:12:41 PM","2006 Sep 01 12:00:00 AM","T2","Departure","Domestic","93,291"
"2020 Apr 08 09:58:08 AM","2020 Feb 01 12:00:00 AM","T4","Departure","Domestic","335,524"
"2018 Apr 18 03:12:41 PM","2011 Feb 01 12:00:00 AM","T7","Arrival","Domestic","194,391"
"2018 Apr 18 03:12:41 PM","2007 Jun 01 12:00:00 AM","T7","Arrival","International","27,450"
"2018 Apr 18 03:12:41 PM","2017 Aug 01 12:00:00 AM","T8","Departure","International","12,053"
"2018 Apr 18 03:12:41 PM","2012 Oct 01 12:00:00 AM","T4","Departure","International","40,590"
"2018 Apr 18 03:12:41 PM","2016 Feb 01 12:00:00 AM","T3","Arrival","International","0"
"2018 Apr 18 03:12:41 PM","2017 Sep 01 12:00:00 AM","T3","Departure","International","21,136"
"2018 Apr 18 03:12:41 PM","2011 Sep 01 12:00:00 AM","T4","Departure","Domestic","400,632"
"2018 Apr 18 03:12:41 PM","2015 Apr 01 12:00:00 AM","T5","Arrival","Domestic","348,333"
"2018 May 10 07:49:00 AM","2018 Apr 01 12:00:00 AM","T7","Departure","International","44,181"
"2018 Apr 18 03:12:41 PM","2010 Jan 01 12:00:00 AM","T2","Arrival","International","170,377"
"2018 Apr 18 03:12:41 PM","2014 Dec 01 12:00:00 AM","T6","Departure","Domestic","290,271"
"2018 Apr 18 03:12:41 PM","2016 Apr 01 12:00:00 AM","T6","Departure","Domestic","305,456"
"2019 Mar 14 06:45:08 AM","2019 Feb 01 12:00:00 AM","T4","Departure","International","67,211"
"2018 Apr 18 03:12:41 PM","2017 Sep 01 12:00:00 AM","TBIT","Departure","International","670,013"
"2018 Apr 18 03:12:41 PM","2006 May 01 12:00:00 AM","Imperial Terminal","Arrival","Domestic","210"
"2018 Apr 18 03:12:41 PM","2009 Mar 01 12:00:00 AM","T6","Arrival","International","441"
"2019 Feb 10 06:01:29 AM","2019 Jan 01 12:00:00 AM","T7","Arrival","International","63,683"
"2018 Apr 18 03:12:41 PM","2012 Aug 01 12:00:00 AM","T6","Arrival","International","24,298"
"2018 Apr 18 03:12:41 PM","2014 Jul 01 12:00:00 AM","T7","Arrival","Domestic","309,501"
"2018 Apr 18 03:12:41 PM","2015 Oct 01 12:00:00 AM","T7","Arrival","Domestic","275,058"
"2018 Apr 18 03:12:41 PM","2014 Nov 01 12:00:00 AM","T4","Arrival","Domestic","333,493"
"2018 Apr 18 03:12:41 PM","2010 May 01 12:00:00 AM","T2","Arrival","Domestic","16,397"
"2018 Apr 18 03:12:41 PM","2013 Nov 01 12:00:00 AM","T5","Arrival","Domestic","255,045"
"2019 Mar 14 06:45:08 AM","2019 Feb 01 12:00:00 AM","T5","Arrival","Domestic","307,999"
"2018 Apr 18 03:12:41 PM","2015 Jul 01 12:00:00 AM","T8","Arrival","Domestic","218,026"
"2018 Apr 18 03:12:41 PM","2008 May 01 12:00:00 AM","T4","Arrival","International","74,953"
"2018 Apr 18 03:12:41 PM","2018 Jan 01 12:00:00 AM","T6","Departure","Domestic","246,790"
"2018 Apr 18 03:12:41 PM","2018 Feb 01 12:00:00 AM","T5","Arrival","International","9,052"
"2018 Apr 18 03:12:41 PM","2015 Oct 01 12:00:00 AM","T5","Arrival","Domestic","362,815"
"2020 Jan 10 06:01:24 AM","2019 Dec 01 12:00:00 AM","T7","Arrival","Domestic","341,357"
"2020 Dec 07 01:58:36 PM","2020 Oct 01 12:00:00 AM","TBIT","Departure","Domestic","21,791"
"2018 Apr 18 03:12:41 PM","2017 May 01 12:00:00 AM","Miscellaneous Terminal","Arrival","Domestic","115,727"
"2018 Apr 18 03:12:41 PM","2010 Jun 01 12:00:00 AM","TBIT","Departure","International","364,097"
"2018 Apr 18 03:12:41 PM","2008 Aug 01 12:00:00 AM","T2","Arrival","Domestic","108,212"
"2018 Apr 18 03:12:41 PM","2008 Jul 01 12:00:00 AM","T2","Arrival","Domestic","120,143"
"2018 Apr 18 03:12:41 PM","2012 Feb 01 12:00:00 AM","T6","Arrival","Domestic","185,108"
"2018 Apr 18 03:12:41 PM","2010 Dec 01 12:00:00 AM","Miscellaneous Terminal","Arrival","International","6"
"2019 Mar 22 10:49:20 AM","2018 Jan 01 12:00:00 AM","TBIT","Departure","International","651,165"
"2018 Apr 18 03:12:41 PM","2007 Sep 01 12:00:00 AM","T4","Arrival","Domestic","381,062"
"2018 Apr 18 03:12:41 PM","2016 May 01 12:00:00 AM","T5","Arrival","Domestic","408,555"
"2018 Apr 18 03:12:41 PM","2011 Nov 01 12:00:00 AM","TBIT","Departure","International","271,004"
"2018 Apr 18 03:12:41 PM","2017 May 01 12:00:00 AM","T7","Departure","Domestic","298,138"
"2018 Apr 18 03:12:41 PM","2012 Dec 01 12:00:00 AM","T6","Departure","Domestic","304,804"
"2018 Apr 18 03:12:41 PM","2015 Sep 01 12:00:00 AM","T4","Arrival","Domestic","331,976"
"2018 Oct 29 10:20:51 AM","2018 Sep 01 12:00:00 AM","T7","Arrival","International","59,422"
"2018 Apr 18 03:12:41 PM","2007 Aug 01 12:00:00 AM","T3","Arrival","Domestic","229,337"
"2018 Apr 18 03:12:41 PM","2016 Feb 01 12:00:00 AM","T5","Arrival","Domestic","313,922"
"2018 Jul 11 02:24:22 PM","2018 May 01 12:00:00 AM","T6","Departure","International","112,079"
"2018 Apr 18 03:12:41 PM","2007 Aug 01 12:00:00 AM","T6","Arrival","Domestic","258,121"
"2018 Apr 18 03:12:41 PM","2011 Sep 01 12:00:00 AM","TBIT","Departure","Domestic","6,839"
"2018 Apr 18 03:12:41 PM","2013 Jun 01 12:00:00 AM","T6","Arrival","International","48,860"
"2018 Apr 18 03:12:41 PM","2016 Mar 01 12:00:00 AM","T6","Departure","Domestic","319,105"
"2018 Oct 29 10:20:51 AM","2018 Sep 01 12:00:00 AM","T8","Departure","Domestic","142,263"
"2018 Apr 18 03:12:41 PM","2017 Jun 01 12:00:00 AM","TBIT","Arrival","Domestic","8,433"
"2018 Apr 18 03:12:41 PM","2013 Feb 01 12:00:00 AM","T3","Departure","International","15,834"
"2018 Apr 18 03:12:41 PM","2016 May 01 12:00:00 AM","Miscellaneous Terminal","Arrival","Domestic","102,776"
"2018 Apr 18 03:12:41 PM","2007 Dec 01 12:00:00 AM","T3","Departure","International","63,263"
"2019 Jan 30 07:34:09 AM","2018 Nov 01 12:00:00 AM","Miscellaneous Terminal","Arrival","Domestic","118,445"
"2019 Dec 10 06:01:20 AM","2019 Oct 01 12:00:00 AM","T6","Departure","Domestic","232,467"
"2018 Apr 18 03:12:41 PM","2008 Jul 01 12:00:00 AM","T8","Arrival","International","5,240"
"2018 Apr 18 03:12:41 PM","2011 Oct 01 12:00:00 AM","Miscellaneous Terminal","Departure","Domestic","75"
"2020 Jan 02 10:43:42 AM","2019 Nov 01 12:00:00 AM","T8","Departure","Domestic","130,261"
"2018 Apr 18 03:12:41 PM","2007 Jun 01 12:00:00 AM","T5","Departure","International","50,790"
"2018 Apr 18 03:12:41 PM","2010 Dec 01 12:00:00 AM","T7","Departure","International","35,337"
"2018 Apr 18 03:12:41 PM","2017 Mar 01 12:00:00 AM","Miscellaneous Terminal","Arrival","International","4,448"
"2020 May 10 06:01:34 AM","2020 Apr 01 12:00:00 AM","T4","Arrival","International","644"
"2018 Apr 18 03:12:41 PM","2012 Jul 01 12:00:00 AM","T7","Arrival","Domestic","150,480"
"2018 Apr 18 03:12:41 PM","2010 Jun 01 12:00:00 AM","T7","Arrival","International","26,666"
"2020 Jun 29 07:20:39 AM","2020 May 01 12:00:00 AM","T7","Arrival","Domestic","28,189"
"2018 Apr 18 03:12:41 PM","2009 Aug 01 12:00:00 AM","T7","Arrival","Domestic","319,834"
"2018 Apr 18 03:12:41 PM","2006 Sep 01 12:00:00 AM","T8","Departure","Domestic","110,864"
"2019 Nov 26 01:26:41 PM","2019 Oct 01 12:00:00 AM","TBIT","Departure","International","711,911"
"2020 Jan 10 06:01:24 AM","2019 Dec 01 12:00:00 AM","T3","Arrival","Domestic","292,533"
"2019 Jul 10 06:01:27 AM","2019 Jun 01 12:00:00 AM","T7","Departure","International","47,569"
"2018 Oct 29 10:20:51 AM","2018 Sep 01 12:00:00 AM","T4","Departure","Domestic","316,955"
"2018 Apr 18 03:12:41 PM","2009 Jul 01 12:00:00 AM","T5","Departure","International","42,818"
"2018 Apr 18 03:12:41 PM","2009 Sep 01 12:00:00 AM","T4","Arrival","Domestic","355,401"
"2018 Apr 18 03:12:41 PM","2017 Aug 01 12:00:00 AM","T6","Arrival","Domestic","289,090"
"2018 Apr 18 03:12:41 PM","2011 Apr 01 12:00:00 AM","T3","Arrival","Domestic","213,650"
"2018 Apr 18 03:12:41 PM","2016 Jul 01 12:00:00 AM","T6","Arrival","Domestic","374,394"
"2018 Apr 18 03:12:41 PM","2007 Apr 01 12:00:00 AM","T4","Arrival","Domestic","416,559"
"2018 Apr 18 03:12:41 PM","2011 Jan 01 12:00:00 AM","T8","Departure","Domestic","134,002"
"2019 Jun 24 01:17:06 PM","2019 May 01 12:00:00 AM","T3","Departure","Domestic","298,801"
"2018 Apr 18 03:12:41 PM","2014 Apr 01 12:00:00 AM","T5","Arrival","Domestic","333,540"
"2018 Apr 18 03:12:41 PM","2015 Jun 01 12:00:00 AM","T8","Arrival","International","4,101"
"2018 Apr 18 03:12:41 PM","2014 May 01 12:00:00 AM","T2","Departure","International","199,334"
"2018 Apr 18 03:12:41 PM","2013 Nov 01 12:00:00 AM","T5","Departure","International","37,063"
"2020 Apr 08 09:58:08 AM","2020 Feb 01 12:00:00 AM","T7","Arrival","International","54,855"
"2018 Apr 18 03:12:41 PM","2016 Sep 01 12:00:00 AM","T6","Departure","International","41,757"
"2018 Apr 18 03:12:41 PM","2006 May 01 12:00:00 AM","T2","Departure","Domestic","102,882"
"2018 Apr 18 03:12:41 PM","2013 Feb 01 12:00:00 AM","T7","Arrival","Domestic","188,383"
"2018 Apr 18 03:12:41 PM","2007 Jul 01 12:00:00 AM","Miscellaneous Terminal","Arrival","Domestic","14"
"2018 Apr 18 03:12:41 PM","2012 Oct 01 12:00:00 AM","T3","Departure","International","21,860"
"2018 Apr 18 03:12:41 PM","2015 Sep 01 12:00:00 AM","T6","Arrival","International","1,470"
"2018 Apr 18 03:12:41 PM","2008 Oct 01 12:00:00 AM","T2","Arrival","International","144,776"
"2018 Apr 18 03:12:41 PM","2012 Feb 01 12:00:00 AM","T5","Arrival","Domestic","211,510"
"2018 Apr 18 03:12:41 PM","2014 Aug 01 12:00:00 AM","Miscellaneous Terminal","Departure","Domestic","61,579"
"2018 Apr 18 03:12:41 PM","2017 Oct 01 12:00:00 AM","T4","Arrival","International","47,957"
"2018 Apr 18 03:12:41 PM","2012 Oct 01 12:00:00 AM","T3","Departure","Domestic","163,832"
"2019 May 10 06:01:23 AM","2019 Apr 01 12:00:00 AM","T7","Arrival","International","71,630"
"2018 Apr 18 03:12:41 PM","2015 Apr 01 12:00:00 AM","T2","Departure","International","165,997"
"2018 Apr 18 03:12:41 PM","2017 Jul 01 12:00:00 AM","T5","Departure","International","2,257"
"2018 Apr 18 03:12:41 PM","2018 Mar 01 12:00:00 AM","Miscellaneous Terminal","Departure","International","4,597"
"2018 Apr 18 03:12:41 PM","2010 Aug 01 12:00:00 AM","T3","Arrival","International","20,458"
"2018 Apr 18 03:12:41 PM","2012 May 01 12:00:00 AM","T8","Arrival","Domestic","143,433"
"2018 Apr 18 03:12:41 PM","2009 Sep 01 12:00:00 AM","T6","Arrival","International","11,125"
"2018 Apr 18 03:12:41 PM","2013 May 01 12:00:00 AM","Miscellaneous Terminal","Departure","International","17"
"2018 Apr 18 03:12:41 PM","2008 Jun 01 12:00:00 AM","T4","Departure","Domestic","412,649"
"2021 Mar 10 06:01:08 AM","2021 Feb 01 12:00:00 AM","T1","Arrival","Domestic","78,577"
"2018 Apr 18 03:12:41 PM","2012 Aug 01 12:00:00 AM","T5","Arrival","International","40,195"
"2018 Apr 18 03:12:41 PM","2010 Aug 01 12:00:00 AM","TBIT","Departure","International","339,816"
"2019 Oct 10 06:01:25 AM","2019 Sep 01 12:00:00 AM","TBIT","Arrival","Domestic","6,323"
"2018 Apr 18 03:12:41 PM","2014 Jun 01 12:00:00 AM","T3","Departure","International","2,931"
"2018 Apr 18 03:12:41 PM","2009 Apr 01 12:00:00 AM","T4","Departure","International","36,245"
"2018 Apr 18 03:12:41 PM","2013 Mar 01 12:00:00 AM","TBIT","Arrival","Domestic","5,987"
"2018 Apr 18 03:12:41 PM","2011 Jun 01 12:00:00 AM","T6","Arrival","Domestic","246,003"
"2018 Apr 18 03:12:41 PM","2016 Aug 01 12:00:00 AM","T4","Departure","Domestic","379,123"
"2018 Apr 18 03:12:41 PM","2015 Sep 01 12:00:00 AM","Miscellaneous Terminal","Arrival","Domestic","84,179"
"2019 Aug 23 03:41:00 PM","2019 Jul 01 12:00:00 AM","T5","Arrival","Domestic","504,207"
"2018 Apr 18 03:12:41 PM","2008 Aug 01 12:00:00 AM","T8","Departure","International","5,721"
"2020 Jan 02 10:43:42 AM","2019 Nov 01 12:00:00 AM","TBIT","Arrival","International","641,618"
"2018 Apr 18 03:12:41 PM","2009 Jun 01 12:00:00 AM","T5","Arrival","Domestic","171,589"
"2018 Apr 18 03:12:41 PM","2015 Jun 01 12:00:00 AM","T6","Departure","Domestic","316,362"
"2018 Apr 18 03:12:41 PM","2015 Jun 01 12:00:00 AM","TBIT","Departure","International","523,033"
"2018 Apr 18 03:12:41 PM","2016 Apr 01 12:00:00 AM","TBIT","Arrival","International","527,926"
"2018 Apr 18 03:12:41 PM","2013 Jan 01 12:00:00 AM","T5","Departure","Domestic","235,382"
"2018 Aug 21 11:02:45 AM","2018 Jul 01 12:00:00 AM","TBIT","Departure","International","798,857"
"2018 Apr 18 03:12:41 PM","2016 Aug 01 12:00:00 AM","T5","Arrival","Domestic","403,073"
"2018 Apr 18 03:12:41 PM","2009 May 01 12:00:00 AM","T2","Arrival","International","127,298"
"2018 Apr 18 03:12:41 PM","2014 Apr 01 12:00:00 AM","T2","Departure","International","178,124"
"2018 Apr 18 03:12:41 PM","2016 Dec 01 12:00:00 AM","Miscellaneous Terminal","Departure","Domestic","109,614"
"2018 Apr 18 03:12:41 PM","2014 Oct 01 12:00:00 AM","T5","Arrival","Domestic","334,386"
"2018 Apr 18 03:12:41 PM","2013 Oct 01 12:00:00 AM","T5","Arrival","International","30,889"
"2018 Apr 18 03:12:41 PM","2017 Jan 01 12:00:00 AM","T4","Arrival","International","46,133"
"2018 Apr 18 03:12:41 PM","2006 Mar 01 12:00:00 AM","T6","Departure","Domestic","215,690"
"2018 Apr 18 03:12:41 PM","2014 Jan 01 12:00:00 AM","T5","Departure","Domestic","294,466"
"2018 Apr 18 03:12:41 PM","2015 Jul 01 12:00:00 AM","T7","Departure","International","46,011"
"2018 Apr 18 03:12:41 PM","2010 Nov 01 12:00:00 AM","T7","Departure","Domestic","236,219"
"2018 Apr 18 03:12:41 PM","2008 May 01 12:00:00 AM","T3","Arrival","International","17,356"
"2018 Apr 18 03:12:41 PM","2015 Dec 01 12:00:00 AM","T6","Departure","International","57,183"
"2018 Apr 18 03:12:41 PM","2010 Oct 01 12:00:00 AM","T6","Departure","International","7,812"
"2018 Apr 18 03:12:41 PM","2014 Nov 01 12:00:00 AM","T7","Departure","Domestic","297,046"
"2018 Apr 18 03:12:41 PM","2007 Jul 01 12:00:00 AM","T4","Arrival","International","62,076"
"2019 Apr 29 01:10:30 PM","2019 Mar 01 12:00:00 AM","TBIT","Departure","Domestic","24,976"
"2018 Apr 18 03:12:41 PM","2017 Mar 01 12:00:00 AM","T8","Departure","International","8,591"
"2018 Apr 18 03:12:41 PM","2006 Sep 01 12:00:00 AM","T5","Arrival","Domestic","140,796"
"2018 Apr 18 03:12:41 PM","2010 Feb 01 12:00:00 AM","T5","Arrival","Domestic","177,502"
"2018 Apr 18 03:12:41 PM","2010 Dec 01 12:00:00 AM","T4","Departure","International","37,015"
"2020 Apr 08 09:58:08 AM","2020 Mar 01 12:00:00 AM","T3","Arrival","Domestic","130,674"
"2018 Apr 18 03:12:41 PM","2009 Jul 01 12:00:00 AM","T6","Departure","International","15,745"
"2018 Apr 18 03:12:41 PM","2009 Dec 01 12:00:00 AM","T8","Departure","International","6,853"
"2018 Apr 18 03:12:41 PM","2008 Apr 01 12:00:00 AM","T6","Arrival","Domestic","218,851"
"2018 Apr 18 03:12:41 PM","2009 Nov 01 12:00:00 AM","TBIT","Departure","Domestic","6,145"
"2018 Apr 18 03:12:41 PM","2008 Jan 01 12:00:00 AM","T4","Departure","Domestic","372,797"
"2018 Apr 18 03:12:41 PM","2016 Feb 01 12:00:00 AM","T3","Departure","International","1,045"
"2018 Oct 29 10:20:51 AM","2018 May 01 12:00:00 AM","TBIT","Arrival","International","745,176"
"2018 Apr 18 03:12:41 PM","2011 Nov 01 12:00:00 AM","T6","Arrival","Domestic","228,019"
"2018 Apr 18 03:12:41 PM","2016 Aug 01 12:00:00 AM","T8","Departure","Domestic","192,860"
"2018 Aug 10 06:01:24 AM","2018 Jul 01 12:00:00 AM","TBIT","Arrival","Domestic","10,000"
"2018 Apr 18 03:12:41 PM","2010 Jul 01 12:00:00 AM","T4","Departure","International","43,492"
"2018 Apr 18 03:12:41 PM","2011 Feb 01 12:00:00 AM","T5","Departure","Domestic","222,136"
"2018 Apr 18 03:12:41 PM","2014 Jun 01 12:00:00 AM","T2","Arrival","International","191,844"
"2018 Apr 18 03:12:41 PM","2010 Nov 01 12:00:00 AM","T5","Arrival","Domestic","226,401"
"2018 Apr 18 03:12:41 PM","2010 Sep 01 12:00:00 AM","T7","Arrival","Domestic","230,821"
"2018 Apr 18 03:12:41 PM","2014 Jul 01 12:00:00 AM","T5","Arrival","Domestic","410,742"
"2018 Apr 18 03:12:41 PM","2015 Mar 01 12:00:00 AM","T4","Departure","Domestic","376,884"
"2018 Oct 29 10:20:51 AM","2017 Sep 01 12:00:00 AM","TBIT","Arrival","International","740,557"
"2018 Apr 18 03:12:41 PM","2010 May 01 12:00:00 AM","T1","Departure","Domestic","371,162"
"2018 Apr 18 03:12:41 PM","2017 Oct 01 12:00:00 AM","T3","Arrival","International","3,924"
"2018 Apr 18 03:12:41 PM","2014 Dec 01 12:00:00 AM","T6","Arrival","Domestic","320,796"
"2018 Apr 18 03:12:41 PM","2010 Nov 01 12:00:00 AM","T2","Arrival","Domestic","22,216"
"2018 Apr 18 03:12:41 PM","2011 May 01 12:00:00 AM","T5","Departure","Domestic","282,546"
"2021 Jan 10 06:01:37 AM","2020 Nov 01 12:00:00 AM","T7","Departure","International","15,116"
"2018 Apr 18 03:12:41 PM","2016 Sep 01 12:00:00 AM","T5","Departure","International","56,460"
"2018 Apr 18 03:12:41 PM","2014 Nov 01 12:00:00 AM","T4","Arrival","International","2,609"
"2018 Apr 18 03:12:41 PM","2006 Nov 01 12:00:00 AM","T2","Arrival","International","147,574"
"2018 Apr 18 03:12:41 PM","2017 Apr 01 12:00:00 AM","T1","Departure","Domestic","409,315"
"2018 Apr 18 03:12:41 PM","2006 Jan 01 12:00:00 AM","TBIT","Departure","International","361,082"
"2018 Apr 18 03:12:41 PM","2017 Dec 01 12:00:00 AM","T4","Departure","International","82,261"
"2018 Apr 18 03:12:41 PM","2014 Mar 01 12:00:00 AM","T8","Departure","International","6,608"
"2018 Apr 18 03:12:41 PM","2013 May 01 12:00:00 AM","T3","Departure","International","19,567"
"2018 Apr 18 03:12:41 PM","2006 Jun 01 12:00:00 AM","T8","Departure","Domestic","115,685"
"2018 Apr 18 03:12:41 PM","2014 Apr 01 12:00:00 AM","T3","Departure","Domestic","317,569"
"2018 Apr 18 03:12:41 PM","2011 Nov 01 12:00:00 AM","T4","Arrival","International","14,452"
"2019 Sep 27 07:57:24 AM","2019 Aug 01 12:00:00 AM","T3","Departure","International","53,986"
"2018 Apr 18 03:12:41 PM","2017 Feb 01 12:00:00 AM","T7","Arrival","Domestic","224,868"
"2020 Apr 29 07:14:24 AM","2020 Mar 01 12:00:00 AM","T6","Departure","International","57,091"
"2018 Apr 18 03:12:41 PM","2013 Jun 01 12:00:00 AM","T8","Arrival","International","2,761"
"2018 Apr 18 03:12:41 PM","2007 Oct 01 12:00:00 AM","Miscellaneous Terminal","Departure","Domestic","335"
"2019 Jan 30 07:34:09 AM","2018 Dec 01 12:00:00 AM","T6","Arrival","International","60,233"
"2018 Apr 18 03:12:41 PM","2015 Jun 01 12:00:00 AM","T4","Arrival","Domestic","382,849"
"2018 Apr 18 03:12:41 PM","2017 Apr 01 12:00:00 AM","T8","Departure","International","12,964"
"2018 Apr 18 03:12:41 PM","2012 Jul 01 12:00:00 AM","T5","Arrival","Domestic","284,948"
"2018 Apr 18 03:12:41 PM","2015 Mar 01 12:00:00 AM","T1","Arrival","Domestic","368,454"
"2018 Apr 18 03:12:41 PM","2014 Nov 01 12:00:00 AM","T3","Departure","International","2,362"
"2018 Apr 18 03:12:41 PM","2017 Aug 01 12:00:00 AM","T3","Departure","Domestic","310,613"
"2018 Apr 18 03:12:41 PM","2011 Feb 01 12:00:00 AM","T8","Arrival","Domestic","124,593"
"2018 Apr 18 03:12:41 PM","2014 Jan 01 12:00:00 AM","T7","Arrival","International","86,137"
"2018 Apr 18 03:12:41 PM","2013 Apr 01 12:00:00 AM","T2","Departure","Domestic","27,695"
"2018 Apr 18 03:12:41 PM","2013 May 01 12:00:00 AM","Miscellaneous Terminal","Arrival","International","7"
"2018 Apr 18 03:12:41 PM","2011 Feb 01 12:00:00 AM","T5","Departure","International","14,254"
"2020 May 10 06:01:34 AM","2020 Apr 01 12:00:00 AM","T4","Departure","Domestic","23,476"
"2018 Apr 18 03:12:41 PM","2009 Mar 01 12:00:00 AM","T3","Departure","Domestic","157,899"
"2018 Apr 18 03:12:41 PM","2014 Dec 01 12:00:00 AM","T4","Arrival","International","15,034"
"2018 Apr 18 03:12:41 PM","2016 Jun 01 12:00:00 AM","T4","Departure","Domestic","400,004"
"2018 Apr 18 03:12:41 PM","2009 Jun 01 12:00:00 AM","T4","Arrival","Domestic","391,868"
"2019 Nov 10 06:01:31 AM","2019 Sep 01 12:00:00 AM","T6","Departure","International","104,892"
"2018 Apr 18 03:12:41 PM","2012 Jul 01 12:00:00 AM","T1","Departure","Domestic","456,660"
"2018 Apr 18 03:12:41 PM","2014 Jul 01 12:00:00 AM","T6","Arrival","Domestic","334,880"
"2018 Apr 18 03:12:41 PM","2015 Jun 01 12:00:00 AM","T5","Arrival","Domestic","364,808"
"2018 Apr 18 03:12:41 PM","2013 Mar 01 12:00:00 AM","TBIT","Arrival","International","377,874"
"2018 Apr 18 03:12:41 PM","2016 Apr 01 12:00:00 AM","T1","Departure","Domestic","387,323"
"2019 May 10 06:01:23 AM","2019 Apr 01 12:00:00 AM","T1","Departure","International","8,207"
"2018 Apr 18 03:12:41 PM","2010 Jan 01 12:00:00 AM","Miscellaneous Terminal","Arrival","Domestic","576"
"2018 Apr 18 03:12:41 PM","2006 Mar 01 12:00:00 AM","TBIT","Arrival","Domestic","2,350"
"2018 Apr 18 03:12:41 PM","2017 Mar 01 12:00:00 AM","T3","Departure","Domestic","352,646"
"2018 Apr 18 03:12:41 PM","2006 Jan 01 12:00:00 AM","T4","Arrival","Domestic","381,419"
"2018 Apr 18 03:12:41 PM","2009 May 01 12:00:00 AM","T5","Departure","Domestic","157,369"
"2018 Apr 18 03:12:41 PM","2008 May 01 12:00:00 AM","T7","Arrival","International","28,621"
"2018 Apr 18 03:12:41 PM","2007 Jun 01 12:00:00 AM","T2","Arrival","Domestic","109,858"
"2018 Apr 18 03:12:41 PM","2010 Dec 01 12:00:00 AM","T6","Departure","Domestic","332,069"
"2018 Apr 18 03:12:41 PM","2010 Jun 01 12:00:00 AM","Miscellaneous Terminal","Departure","Domestic","33"
"2018 Apr 18 03:12:41 PM","2015 Oct 01 12:00:00 AM","T2","Departure","International","161,906"
"2021 Apr 01 09:37:48 AM","2021 Feb 01 12:00:00 AM","T4","Arrival","International","737"
"2018 Apr 18 03:12:41 PM","2009 Jun 01 12:00:00 AM","T6","Arrival","International","1,128"
"2018 Apr 18 03:12:41 PM","2012 Feb 01 12:00:00 AM","Miscellaneous Terminal","Departure","Domestic","137"
"2018 Apr 18 03:12:41 PM","2011 Sep 01 12:00:00 AM","T2","Arrival","Domestic","22,496"
"2018 Apr 18 03:12:41 PM","2011 Sep 01 12:00:00 AM","T7","Departure","International","32,255"
"2018 Apr 18 03:12:41 PM","2011 Feb 01 12:00:00 AM","T2","Departure","Domestic","21,436"
"2018 Apr 18 03:12:41 PM","2013 Apr 01 12:00:00 AM","T7","Arrival","Domestic","230,589"
"2018 Apr 18 03:12:41 PM","2008 Mar 01 12:00:00 AM","T8","Arrival","Domestic","113,516"
"2018 Apr 18 03:12:41 PM","2012 Aug 01 12:00:00 AM","TBIT","Departure","International","363,821"
"2020 Sep 28 04:07:45 PM","2020 Aug 01 12:00:00 AM","T7","Departure","International","2,931"
"2018 Apr 18 03:12:41 PM","2017 Apr 01 12:00:00 AM","T7","Departure","Domestic","291,985"
"2018 Apr 18 03:12:41 PM","2007 Aug 01 12:00:00 AM","T6","Departure","International","7,335"
"2018 Apr 18 03:12:41 PM","2013 Apr 01 12:00:00 AM","Miscellaneous Terminal","Arrival","Domestic","76,108"
"2018 Apr 18 03:12:41 PM","2015 Feb 01 12:00:00 AM","Miscellaneous Terminal","Arrival","International","4,934"
"2018 Apr 18 03:12:41 PM","2008 Nov 01 12:00:00 AM","T3","Departure","International","49,672"
"2018 Apr 18 03:12:41 PM","2007 Jul 01 12:00:00 AM","Imperial Terminal","Arrival","Domestic","120"
"2018 Apr 18 03:12:41 PM","2016 Dec 01 12:00:00 AM","T7","Departure","Domestic","315,054"
"2018 Apr 18 03:12:41 PM","2017 Mar 01 12:00:00 AM","T5","Arrival","International","57,261"
"2018 Apr 18 03:12:41 PM","2014 Nov 01 12:00:00 AM","TBIT","Arrival","International","398,341"
"2018 Apr 18 03:12:41 PM","2007 Sep 01 12:00:00 AM","T1","Arrival","Domestic","380,639"
"2018 Apr 18 03:12:41 PM","2007 Feb 01 12:00:00 AM","T2","Departure","Domestic","82,926"
"2018 Apr 18 03:12:41 PM","2010 May 01 12:00:00 AM","Miscellaneous Terminal","Departure","Domestic","26"
"2020 Jan 22 06:57:11 AM","2019 Dec 01 12:00:00 AM","TBIT","Departure","Domestic","26,203"
"2018 Apr 18 03:12:41 PM","2010 Apr 01 12:00:00 AM","Miscellaneous Terminal","Arrival","Domestic","11"
"2018 Apr 18 03:12:41 PM","2012 Mar 01 12:00:00 AM","TBIT","Departure","International","289,303"
"2020 Apr 08 09:58:08 AM","2020 Mar 01 12:00:00 AM","T3","Arrival","International","10,191"
"2018 Apr 18 03:12:41 PM","2013 Aug 01 12:00:00 AM","Miscellaneous Terminal","Departure","Domestic","86,075"
"2018 Apr 18 03:12:41 PM","2012 Aug 01 12:00:00 AM","T8","Arrival","International","1,987"
"2018 Apr 18 03:12:41 PM","2010 Dec 01 12:00:00 AM","T8","Departure","Domestic","145,001"
"2018 Apr 18 03:12:41 PM","2007 Oct 01 12:00:00 AM","T1","Departure","Domestic","389,281"
"2018 Apr 18 03:12:41 PM","2012 Nov 01 12:00:00 AM","T3","Departure","International","18,139"
"2018 Apr 18 03:12:41 PM","2012 Apr 01 12:00:00 AM","Miscellaneous Terminal","Arrival","Domestic","4"
"2018 Apr 18 03:12:41 PM","2008 May 01 12:00:00 AM","T8","Arrival","International","4,454"
"2018 Apr 18 03:12:41 PM","2011 Jan 01 12:00:00 AM","T8","Arrival","Domestic","133,620"
"2018 Apr 18 03:12:41 PM","2010 Jul 01 12:00:00 AM","T1","Departure","Domestic","403,081"
"2018 Apr 18 03:12:41 PM","2015 Dec 01 12:00:00 AM","T6","Departure","Domestic","316,567"
"2018 Apr 18 03:12:41 PM","2013 Jul 01 12:00:00 AM","T6","Arrival","International","16,297"
"2018 Apr 18 03:12:41 PM","2006 Mar 01 12:00:00 AM","T2","Departure","Domestic","105,012"
"2019 Nov 26 01:26:41 PM","2019 Oct 01 12:00:00 AM","Miscellaneous Terminal","Arrival","International","6,358"
"2018 Apr 18 03:12:41 PM","2009 Jul 01 12:00:00 AM","Imperial Terminal","Departure","International","241"
"2018 Apr 18 03:12:41 PM","2008 Jan 01 12:00:00 AM","T1","Departure","International","235"
"2018 Apr 18 03:12:41 PM","2013 Nov 01 12:00:00 AM","Miscellaneous Terminal","Departure","Domestic","70,512"
"2018 Apr 18 03:12:41 PM","2011 Mar 01 12:00:00 AM","T3","Arrival","International","19,241"
"2018 Apr 18 03:12:41 PM","2006 Apr 01 12:00:00 AM","T2","Departure","International","147,160"
"2018 Apr 18 03:12:41 PM","2012 Jun 01 12:00:00 AM","T4","Arrival","Domestic","448,519"
"2018 Apr 18 03:12:41 PM","2015 Jun 01 12:00:00 AM","T3","Departure","International","3,905"
"2018 Jul 11 02:24:22 PM","2018 May 01 12:00:00 AM","TBIT","Departure","International","750,987"
"2018 Apr 18 03:12:41 PM","2006 Mar 01 12:00:00 AM","T2","Departure","International","151,851"
"2018 Apr 18 03:12:41 PM","2007 Nov 01 12:00:00 AM","T5","Arrival","International","28,789"
"2018 Apr 18 03:12:41 PM","2009 Dec 01 12:00:00 AM","T1","Departure","Domestic","365,618"
"2018 Apr 18 03:12:41 PM","2007 Sep 01 12:00:00 AM","T2","Arrival","International","158,981"
"2020 Apr 08 09:58:08 AM","2020 Feb 01 12:00:00 AM","T2","Departure","International","58,252"
"2018 Apr 18 03:12:41 PM","2015 Apr 01 12:00:00 AM","T1","Arrival","Domestic","364,725"
"2019 Jul 18 06:18:08 AM","2019 Jun 01 12:00:00 AM","T6","Departure","International","125,320"
"2018 Apr 18 03:12:41 PM","2012 Nov 01 12:00:00 AM","Miscellaneous Terminal","Arrival","Domestic","28,416"
"2019 Jun 24 01:17:06 PM","2019 May 01 12:00:00 AM","T4","Arrival","International","59,373"
"2018 Apr 18 03:12:41 PM","2013 Jan 01 12:00:00 AM","Miscellaneous Terminal","Arrival","Domestic","48,203"
"2018 Apr 18 03:12:41 PM","2011 Feb 01 12:00:00 AM","T5","Arrival","International","3,436"
"2018 Apr 18 03:12:41 PM","2011 May 01 12:00:00 AM","T2","Departure","International","190,540"
"2021 Jan 10 06:01:37 AM","2020 Nov 01 12:00:00 AM","T4","Arrival","Domestic","154,230"
"2018 Apr 18 03:12:41 PM","2011 Aug 01 12:00:00 AM","T3","Arrival","International","17,988"
"2018 Apr 18 03:12:41 PM","2015 Jun 01 12:00:00 AM","TBIT","Arrival","International","560,989"
"2018 Apr 18 03:12:41 PM","2011 Dec 01 12:00:00 AM","TBIT","Departure","International","306,352"
"2018 Apr 18 03:12:41 PM","2009 Apr 01 12:00:00 AM","T8","Departure","International","4,760"
"2018 Apr 18 03:12:41 PM","2016 Feb 01 12:00:00 AM","T6","Departure","Domestic","269,391"
"2020 Aug 03 07:35:04 AM","2020 Jun 01 12:00:00 AM","T4","Arrival","Domestic","109,089"
"2018 Apr 18 03:12:41 PM","2012 Feb 01 12:00:00 AM","T7","Arrival","Domestic","196,771"
"2018 Apr 18 03:12:41 PM","2014 Sep 01 12:00:00 AM","T3","Arrival","Domestic","303,043"
"2018 Apr 18 03:12:41 PM","2008 Sep 01 12:00:00 AM","Miscellaneous Terminal","Arrival","Domestic","352"
"2018 May 23 07:44:39 AM","2018 Apr 01 12:00:00 AM","Miscellaneous Terminal","Arrival","Domestic","117,475"
"2018 Apr 18 03:12:41 PM","2014 Jul 01 12:00:00 AM","T3","Departure","Domestic","379,428"
"2018 Jul 11 02:24:22 PM","2018 May 01 12:00:00 AM","T3","Departure","Domestic","351,795"
"2018 Apr 18 03:12:41 PM","2014 Nov 01 12:00:00 AM","T2","Arrival","International","158,459"
"2018 Apr 18 03:12:41 PM","2016 Jul 01 12:00:00 AM","T4","Arrival","Domestic","422,257"
"2018 Apr 18 03:12:41 PM","2011 Jan 01 12:00:00 AM","TBIT","Departure","Domestic","3,817"
"2018 Apr 18 03:12:41 PM","2014 Oct 01 12:00:00 AM","Miscellaneous Terminal","Arrival","International","21"
"2018 Apr 18 03:12:41 PM","2011 Jun 01 12:00:00 AM","Miscellaneous Terminal","Departure","Domestic","32"
"2018 Oct 29 10:20:51 AM","2018 Apr 01 12:00:00 AM","TBIT","Arrival","International","756,143"
"2018 Apr 18 03:12:41 PM","2014 Apr 01 12:00:00 AM","TBIT","Arrival","Domestic","7,116"
"2018 Apr 18 03:12:41 PM","2015 Nov 01 12:00:00 AM","T7","Departure","Domestic","246,573"
"2019 Aug 23 03:41:00 PM","2019 Jul 01 12:00:00 AM","T7","Departure","Domestic","384,322"
"2018 Apr 18 03:12:41 PM","2018 Mar 01 12:00:00 AM","T8","Departure","Domestic","100,612"
"2018 Oct 29 10:20:51 AM","2017 Feb 01 12:00:00 AM","T2","Arrival","International","175,815"
"2018 Apr 18 03:12:41 PM","2016 Aug 01 12:00:00 AM","T4","Arrival","Domestic","421,218"
"2018 Apr 18 03:12:41 PM","2007 Jul 01 12:00:00 AM","T5","Departure","Domestic","243,381"
"2019 Nov 10 06:01:31 AM","2019 Sep 01 12:00:00 AM","T6","Departure","Domestic","233,177"
"2018 Apr 18 03:12:41 PM","2016 Sep 01 12:00:00 AM","T3","Arrival","Domestic","332,145"
"2018 Apr 18 03:12:41 PM","2015 May 01 12:00:00 AM","TBIT","Departure","International","495,661"
"2018 Apr 18 03:12:41 PM","2014 Dec 01 12:00:00 AM","T7","Departure","International","43,585"
"2018 Apr 18 03:12:41 PM","2011 Oct 01 12:00:00 AM","T3","Departure","International","72,254"
"2018 Apr 18 03:12:41 PM","2017 Jul 01 12:00:00 AM","T5","Arrival","Domestic","449,295"
"2019 Jan 30 07:34:09 AM","2018 Dec 01 12:00:00 AM","T2","Arrival","International","72,256"
"2018 Apr 18 03:12:41 PM","2010 Nov 01 12:00:00 AM","T3","Departure","International","64,118"
"2018 Apr 18 03:12:41 PM","2014 Apr 01 12:00:00 AM","T8","Departure","International","5,469"
"2018 Apr 18 03:12:41 PM","2013 Aug 01 12:00:00 AM","T1","Arrival","Domestic","428,442"
"2018 Apr 18 03:12:41 PM","2013 Jan 01 12:00:00 AM","T2","Departure","International","178,307"
"2018 Apr 18 03:12:41 PM","2010 Aug 01 12:00:00 AM","T5","Arrival","Domestic","266,090"
"2018 Dec 26 06:52:40 AM","2018 Nov 01 12:00:00 AM","T3","Departure","International","20,761"
"2018 Apr 18 03:12:41 PM","2017 Apr 01 12:00:00 AM","T4","Departure","International","70,037"
"2018 Apr 18 03:12:41 PM","2006 Oct 01 12:00:00 AM","T4","Departure","International","50,131"
"2018 Apr 18 03:12:41 PM","2009 Jul 01 12:00:00 AM","T5","Departure","Domestic","306,919"
"2018 Apr 18 03:12:41 PM","2009 Feb 01 12:00:00 AM","T2","Departure","International","127,961"
"2018 Apr 18 03:12:41 PM","2016 Mar 01 12:00:00 AM","Miscellaneous Terminal","Arrival","International","4,830"
"2018 Apr 18 03:12:41 PM","2013 Mar 01 12:00:00 AM","T7","Arrival","Domestic","257,831"
"2018 Apr 18 03:12:41 PM","2007 Jul 01 12:00:00 AM","T7","Departure","Domestic","270,341"
"2018 Apr 18 03:12:41 PM","2015 Mar 01 12:00:00 AM","T8","Departure","International","9,726"
"2019 Jan 30 07:34:09 AM","2018 Dec 01 12:00:00 AM","TBIT","Departure","Domestic","22,452"
"2018 Oct 29 10:20:51 AM","2018 Aug 01 12:00:00 AM","T2","Arrival","International","124,242"
"2018 Apr 18 03:12:41 PM","2013 Feb 01 12:00:00 AM","T7","Departure","Domestic","210,580"
"2018 Apr 18 03:12:41 PM","2012 Oct 01 12:00:00 AM","TBIT","Departure","International","340,936"
"2018 Apr 18 03:12:41 PM","2012 Feb 01 12:00:00 AM","T5","Departure","International","19,853"
"2018 Apr 18 03:12:41 PM","2013 Sep 01 12:00:00 AM","TBIT","Arrival","International","424,628"
"2018 Apr 18 03:12:41 PM","2016 Jun 01 12:00:00 AM","T6","Departure","International","46,844"
"2018 Apr 18 03:12:41 PM","2017 Mar 01 12:00:00 AM","Miscellaneous Terminal","Departure","International","4,540"
"2018 Apr 18 03:12:41 PM","2011 Feb 01 12:00:00 AM","T2","Departure","International","161,350"
"2018 Apr 18 03:12:41 PM","2008 Dec 01 12:00:00 AM","T7","Arrival","Domestic","223,868"
"2018 Apr 18 03:12:41 PM","2015 Feb 01 12:00:00 AM","T1","Departure","Domestic","292,486"
"2018 Apr 18 03:12:41 PM","2008 Aug 01 12:00:00 AM","T8","Arrival","Domestic","104,857"
"2018 Jul 11 02:24:22 PM","2018 May 01 12:00:00 AM","T8","Departure","International","10,371"
"2018 Apr 18 03:12:41 PM","2015 Oct 01 12:00:00 AM","T7","Departure","Domestic","278,711"
"2018 Apr 18 03:12:41 PM","2013 Apr 01 12:00:00 AM","T4","Departure","Domestic","362,869"
"2018 Apr 18 03:12:41 PM","2016 Jan 01 12:00:00 AM","Miscellaneous Terminal","Departure","Domestic","95,414"
"2018 Apr 18 03:12:41 PM","2010 Aug 01 12:00:00 AM","T8","Arrival","International","3,854"
"2018 Apr 18 03:12:41 PM","2009 Jan 01 12:00:00 AM","T3","Arrival","Domestic","127,674"
"2018 Apr 18 03:12:41 PM","2016 Dec 01 12:00:00 AM","T7","Arrival","Domestic","317,373"
"2018 Apr 18 03:12:41 PM","2018 Jan 01 12:00:00 AM","T2","Departure","Domestic","223,645"
"2019 Jul 18 06:18:08 AM","2019 Jun 01 12:00:00 AM","Miscellaneous Terminal","Departure","International","6,475"
"2021 Apr 01 09:37:48 AM","2021 Feb 01 12:00:00 AM","T8","Arrival","Domestic","27,199"
"2018 Apr 18 03:12:41 PM","2016 Mar 01 12:00:00 AM","T2","Departure","Domestic","39,090"
"2021 Mar 03 10:48:12 AM","2021 Jan 01 12:00:00 AM","T4","Arrival","International","2,252"
"2018 Apr 18 03:12:41 PM","2016 Aug 01 12:00:00 AM","T1","Departure","Domestic","413,249"
"2018 Apr 18 03:12:41 PM","2006 May 01 12:00:00 AM","Imperial Terminal","Departure","Domestic","229"
"2018 Apr 18 03:12:41 PM","2017 Feb 01 12:00:00 AM","Miscellaneous Terminal","Arrival","International","4,085"
"2019 Mar 22 10:49:20 AM","2018 Jan 01 12:00:00 AM","TBIT","Departure","Domestic","29,189"
"2019 May 10 06:01:23 AM","2019 Apr 01 12:00:00 AM","T8","Departure","International","8,012"
"2018 Apr 18 03:12:41 PM","2015 May 01 12:00:00 AM","T1","Arrival","Domestic","392,405"
"2018 Apr 18 03:12:41 PM","2016 Nov 01 12:00:00 AM","T4","Departure","Domestic","318,080"
"2018 Apr 18 03:12:41 PM","2012 Jan 01 12:00:00 AM","T4","Arrival","Domestic","406,375"
"2018 Apr 18 03:12:41 PM","2013 Apr 01 12:00:00 AM","TBIT","Departure","Domestic","8,147"
"2018 Apr 18 03:12:41 PM","2011 Nov 01 12:00:00 AM","T1","Departure","Domestic","366,118"
"2018 Apr 18 03:12:41 PM","2013 Nov 01 12:00:00 AM","T3","Departure","International","16,593"
"2019 Jan 10 06:01:19 AM","2018 Dec 01 12:00:00 AM","T2","Departure","Domestic","267,238"
"2018 Apr 18 03:12:41 PM","2007 May 01 12:00:00 AM","T4","Arrival","Domestic","420,116"
"2018 Apr 18 03:12:41 PM","2012 Nov 01 12:00:00 AM","T8","Arrival","International","1,584"
"2018 Dec 26 06:52:40 AM","2018 Nov 01 12:00:00 AM","T7","Arrival","International","60,652"
"2018 Apr 18 03:12:41 PM","2011 Jan 01 12:00:00 AM","T4","Departure","Domestic","333,685"
"2018 Apr 18 03:12:41 PM","2014 Aug 01 12:00:00 AM","T2","Arrival","Domestic","55,895"
"2018 Apr 18 03:12:41 PM","2006 Sep 01 12:00:00 AM","T6","Departure","International","3,446"
"2020 Apr 08 09:58:08 AM","2020 Mar 01 12:00:00 AM","TBIT","Arrival","Domestic","2,864"
"2018 Apr 18 03:12:41 PM","2017 May 01 12:00:00 AM","T3","Arrival","International","2,126"
"2018 Nov 25 11:40:39 AM","2018 Oct 01 12:00:00 AM","T4","Arrival","International","60,687"
"2018 Apr 18 03:12:41 PM","2009 Mar 01 12:00:00 AM","T6","Departure","International","4,803"
"2018 Apr 18 03:12:41 PM","2016 Jun 01 12:00:00 AM","T4","Departure","International","61,845"
"2018 Apr 18 03:12:41 PM","2006 Jul 01 12:00:00 AM","T6","Arrival","International","13,247"
"2019 Apr 29 01:10:30 PM","2019 Jan 01 12:00:00 AM","T1","Departure","Domestic","374,394"
"2018 Sep 26 09:27:08 AM","2018 Aug 01 12:00:00 AM","T4","Arrival","International","72,403"
"2018 Apr 18 03:12:41 PM","2016 May 01 12:00:00 AM","T1","Departure","International","1,713"
"2018 Apr 18 03:12:41 PM","2017 Jan 01 12:00:00 AM","T1","Departure","Domestic","363,332"
"2018 Apr 18 03:12:41 PM","2015 Jul 01 12:00:00 AM","T3","Departure","International","4,480"
"2020 Sep 28 04:07:45 PM","2020 Aug 01 12:00:00 AM","T6","Departure","International","20,722"
"2018 Apr 18 03:12:41 PM","2015 Nov 01 12:00:00 AM","T8","Departure","International","12,445"
"2018 Oct 29 10:20:51 AM","2018 Sep 01 12:00:00 AM","T4","Arrival","Domestic","332,474"
"2018 Apr 18 03:12:41 PM","2009 Jul 01 12:00:00 AM","T7","Arrival","International","27,364"
"2018 Apr 18 03:12:41 PM","2017 Jun 01 12:00:00 AM","T5","Departure","Domestic","459,054"
"2018 Apr 18 03:12:41 PM","2016 Mar 01 12:00:00 AM","TBIT","Departure","International","468,125"
"2018 Apr 18 03:12:41 PM","2013 Apr 01 12:00:00 AM","T5","Departure","Domestic","284,807"
"2018 Apr 18 03:12:41 PM","2017 Sep 01 12:00:00 AM","T4","Departure","International","65,647"
"2018 Apr 18 03:12:41 PM","2014 Nov 01 12:00:00 AM","T7","Departure","International","37,090"
"2020 Jan 10 06:01:24 AM","2019 Dec 01 12:00:00 AM","T2","Arrival","Domestic","265,005"
"2018 Apr 18 03:12:41 PM","2013 Oct 01 12:00:00 AM","Miscellaneous Terminal","Departure","International","9"
"2021 Jan 11 11:36:47 AM","2020 Dec 01 12:00:00 AM","T6","Departure","Domestic","58,461"
"2021 Jan 10 06:01:37 AM","2020 Dec 01 12:00:00 AM","Miscellaneous Terminal","Arrival","Domestic","261"
"2018 Apr 18 03:12:41 PM","2014 Sep 01 12:00:00 AM","TBIT","Arrival","International","472,484"
"2018 Apr 18 03:12:41 PM","2013 Jun 01 12:00:00 AM","T3","Departure","Domestic","255,154"
"2020 Feb 28 08:21:30 AM","2020 Jan 01 12:00:00 AM","T6","Departure","International","96,354"
"2018 Oct 29 10:20:51 AM","2017 Mar 01 12:00:00 AM","T2","Arrival","International","198,726"
"2018 Apr 18 03:12:41 PM","2008 Dec 01 12:00:00 AM","T8","Arrival","International","4,147"
"2019 Jun 10 06:01:29 AM","2019 May 01 12:00:00 AM","T1","Departure","Domestic","413,249"
"2018 Apr 18 03:12:41 PM","2011 Mar 01 12:00:00 AM","T8","Arrival","Domestic","154,272"
"2018 Apr 18 03:12:41 PM","2017 Feb 01 12:00:00 AM","TBIT","Departure","International","432,538"
"2018 Apr 18 03:12:41 PM","2012 Jun 01 12:00:00 AM","T5","Arrival","International","37,622"
"2018 Sep 26 09:27:08 AM","2018 Aug 01 12:00:00 AM","T3","Departure","Domestic","366,557"
"2018 Apr 18 03:12:41 PM","2008 Feb 01 12:00:00 AM","T4","Arrival","Domestic","356,838"
"2019 Sep 27 07:57:24 AM","2019 Aug 01 12:00:00 AM","T6","Arrival","International","99,653"
"2018 Apr 18 03:12:41 PM","2018 Mar 01 12:00:00 AM","T1","Arrival","Domestic","417,051"
"2018 Apr 18 03:12:41 PM","2017 Nov 01 12:00:00 AM","Miscellaneous Terminal","Departure","Domestic","118,945"
"2018 Apr 18 03:12:41 PM","2010 Jan 01 12:00:00 AM","T6","Arrival","International","10,038"
"2018 Apr 18 03:12:41 PM","2007 Feb 01 12:00:00 AM","T5","Arrival","International","27,250"
"2019 Jan 30 07:34:09 AM","2018 Dec 01 12:00:00 AM","T1","Departure","Domestic","409,581"
"2018 Apr 18 03:12:41 PM","2016 Jul 01 12:00:00 AM","T3","Departure","Domestic","390,418"
"2018 Apr 18 03:12:41 PM","2015 Jan 01 12:00:00 AM","T2","Arrival","Domestic","35,390"
"2018 Apr 18 03:12:41 PM","2016 Feb 01 12:00:00 AM","TBIT","Departure","Domestic","18,532"
"2018 Apr 18 03:12:41 PM","2010 Mar 01 12:00:00 AM","T6","Departure","Domestic","195,959"
"2018 Apr 18 03:12:41 PM","2007 Dec 01 12:00:00 AM","T4","Arrival","Domestic","418,774"
"2018 Apr 18 03:12:41 PM","2017 Apr 01 12:00:00 AM","T7","Arrival","Domestic","281,947"
"2018 Apr 18 03:12:41 PM","2016 Jul 01 12:00:00 AM","T4","Departure","Domestic","384,861"
"2018 Apr 18 03:12:41 PM","2017 Jul 01 12:00:00 AM","T5","Arrival","International","22,998"
"2018 Apr 18 03:12:41 PM","2008 Apr 01 12:00:00 AM","T6","Arrival","International","1,094"
"2018 Apr 18 03:12:41 PM","2014 Sep 01 12:00:00 AM","T7","Arrival","International","56,137"
"2018 Apr 18 03:12:41 PM","2007 Apr 01 12:00:00 AM","T7","Departure","International","33,288"
"2018 Apr 18 03:12:41 PM","2006 Apr 01 12:00:00 AM","T3","Arrival","International","25,800"
"2018 Apr 18 03:12:41 PM","2017 Jun 01 12:00:00 AM","T8","Departure","International","14,913"
"2020 Aug 10 06:01:25 AM","2020 Jul 01 12:00:00 AM","T2","Departure","International","7,208"
"2018 Apr 18 03:12:41 PM","2009 Jan 01 12:00:00 AM","T6","Arrival","Domestic","169,184"
"2018 Apr 18 03:12:41 PM","2014 Jan 01 12:00:00 AM","T4","Arrival","Domestic","346,767"
"2018 Apr 18 03:12:41 PM","2007 Jul 01 12:00:00 AM","T3","Arrival","International","24,401"
"2018 Apr 18 03:12:41 PM","2016 Oct 01 12:00:00 AM","Miscellaneous Terminal","Arrival","Domestic","115,955"
"2018 Apr 18 03:12:41 PM","2014 Feb 01 12:00:00 AM","T4","Departure","Domestic","307,162"
"2018 Apr 18 03:12:41 PM","2015 Jul 01 12:00:00 AM","TBIT","Departure","International","555,465"
"2018 Apr 18 03:12:41 PM","2017 Oct 01 12:00:00 AM","T5","Arrival","Domestic","383,484"
"2018 Apr 18 03:12:41 PM","2008 Jun 01 12:00:00 AM","T2","Arrival","International","150,390"
"2019 Mar 10 06:01:32 AM","2019 Feb 01 12:00:00 AM","T7","Arrival","International","51,066"
"2018 Apr 18 03:12:41 PM","2011 Jul 01 12:00:00 AM","T1","Arrival","Domestic","422,174"
"2020 Sep 28 04:07:45 PM","2020 Aug 01 12:00:00 AM","T8","Departure","International","52"
"2018 Apr 18 03:12:41 PM","2015 Dec 01 12:00:00 AM","T1","Departure","Domestic","379,328"
"2018 Apr 18 03:12:41 PM","2012 Nov 01 12:00:00 AM","T2","Departure","International","162,919"
"2018 Apr 18 03:12:41 PM","2013 Sep 01 12:00:00 AM","T2","Arrival","International","204,922"
"2018 Apr 18 03:12:41 PM","2007 Apr 01 12:00:00 AM","Miscellaneous Terminal","Arrival","Domestic","359"
"2018 Apr 18 03:12:41 PM","2015 Jun 01 12:00:00 AM","T7","Departure","International","44,793"
"2018 Apr 18 03:12:41 PM","2007 Dec 01 12:00:00 AM","T5","Departure","International","56,075"
"2018 Apr 18 03:12:41 PM","2008 Aug 01 12:00:00 AM","T7","Arrival","International","29,158"
"2018 Apr 18 03:12:41 PM","2011 Jun 01 12:00:00 AM","T7","Departure","International","36,024"
"2018 Apr 18 03:12:41 PM","2006 Mar 01 12:00:00 AM","Miscellaneous Terminal","Arrival","Domestic","727"
"2018 Apr 18 03:12:41 PM","2014 Mar 01 12:00:00 AM","T1","Departure","Domestic","333,701"
"2021 Mar 03 10:48:12 AM","2021 Jan 01 12:00:00 AM","T5","Departure","International","1,042"
"2018 Apr 18 03:12:41 PM","2016 Nov 01 12:00:00 AM","T1","Arrival","Domestic","402,293"
"2018 Apr 18 03:12:41 PM","2014 Oct 01 12:00:00 AM","T5","Arrival","International","44,966"
"2018 Apr 18 03:12:41 PM","2008 Apr 01 12:00:00 AM","T8","Arrival","Domestic","107,309"
"2018 Apr 18 03:12:41 PM","2010 Nov 01 12:00:00 AM","T8","Departure","Domestic","135,456"
"2018 Apr 18 03:12:41 PM","2015 Jul 01 12:00:00 AM","Miscellaneous Terminal","Arrival","Domestic","100,316"
"2018 Apr 18 03:12:41 PM","2006 Jun 01 12:00:00 AM","T4","Arrival","International","67,925"
"2018 Apr 18 03:12:41 PM","2017 May 01 12:00:00 AM","T5","Arrival","Domestic","427,551"
"2018 Apr 18 03:12:41 PM","2011 Jan 01 12:00:00 AM","T6","Arrival","Domestic","197,567"
"2018 Apr 18 03:12:41 PM","2013 Aug 01 12:00:00 AM","T4","Arrival","International","7,235"
"2018 Apr 18 03:12:41 PM","2016 Oct 01 12:00:00 AM","T6","Departure","International","53,029"
"2019 Sep 27 07:57:24 AM","2019 Aug 01 12:00:00 AM","T4","Arrival","International","64,550"
"2018 Apr 18 03:12:41 PM","2008 Mar 01 12:00:00 AM","T2","Arrival","International","161,206"
"2020 May 04 06:39:48 AM","2020 Feb 01 12:00:00 AM","Miscellaneous Terminal","Arrival","Domestic","102,520"
"2018 Apr 18 03:12:41 PM","2008 Apr 01 12:00:00 AM","T3","Arrival","International","15,720"
"2018 Apr 18 03:12:41 PM","2009 Feb 01 12:00:00 AM","T4","Departure","Domestic","310,063"
"2018 Apr 18 03:12:41 PM","2012 Sep 01 12:00:00 AM","T5","Departure","Domestic","233,851"
"2018 Apr 18 03:12:41 PM","2015 Dec 01 12:00:00 AM","T8","Departure","Domestic","178,035"
"2018 Apr 18 03:12:41 PM","2014 Dec 01 12:00:00 AM","T4","Departure","International","33,932"
"2018 Sep 26 09:27:08 AM","2018 Aug 01 12:00:00 AM","T6","Arrival","International","100,587"
"2020 Jan 02 10:43:42 AM","2019 Nov 01 12:00:00 AM","Miscellaneous Terminal","Departure","International","5,398"
"2018 Apr 18 03:12:41 PM","2010 Aug 01 12:00:00 AM","T6","Departure","Domestic","304,380"
"2018 Apr 18 03:12:41 PM","2007 Jul 01 12:00:00 AM","T2","Arrival","International","181,925"
"2018 Apr 18 03:12:41 PM","2015 Dec 01 12:00:00 AM","Miscellaneous Terminal","Arrival","International","3,475"
"2020 Aug 03 07:35:04 AM","2020 Jun 01 12:00:00 AM","TBIT","Departure","Domestic","679"
"2018 Apr 18 03:12:41 PM","2007 Jan 01 12:00:00 AM","T8","Departure","International","3,575"
"2018 Apr 18 03:12:41 PM","2016 Jan 01 12:00:00 AM","T6","Departure","International","54,376"
"2019 Sep 27 07:57:24 AM","2019 Aug 01 12:00:00 AM","T1","Departure","International","6,106"
"2019 Mar 14 06:45:08 AM","2019 Feb 01 12:00:00 AM","TBIT","Departure","Domestic","25,008"
"2019 Apr 10 06:01:25 AM","2019 Mar 01 12:00:00 AM","T4","Departure","Domestic","389,888"
"2018 Apr 18 03:12:41 PM","2013 Dec 01 12:00:00 AM","TBIT","Departure","International","350,906"
"2018 Apr 18 03:12:41 PM","2013 Apr 01 12:00:00 AM","T5","Arrival","Domestic","263,748"
"2018 Apr 18 03:12:41 PM","2010 Jul 01 12:00:00 AM","Miscellaneous Terminal","Arrival","Domestic","239"
"2018 Apr 18 03:12:41 PM","2010 Nov 01 12:00:00 AM","Miscellaneous Terminal","Departure","Domestic","379"
"2018 Apr 18 03:12:41 PM","2009 Jun 01 12:00:00 AM","TBIT","Arrival","International","386,473"
"2019 Nov 10 06:01:31 AM","2019 Sep 01 12:00:00 AM","TBIT","Departure","Domestic","24,432"
"2018 Apr 18 03:12:41 PM","2017 Dec 01 12:00:00 AM","T7","Departure","International","56,650"
"2018 Apr 18 03:12:41 PM","2014 Jan 01 12:00:00 AM","T4","Departure","Domestic","338,827"
"2018 Apr 18 03:12:41 PM","2015 Feb 01 12:00:00 AM","TBIT","Departure","Domestic","3,695"
"2020 Aug 27 07:15:54 AM","2020 Jul 01 12:00:00 AM","Miscellaneous Terminal","Arrival","International","6"
"2018 Apr 18 03:12:41 PM","2008 Aug 01 12:00:00 AM","T5","Arrival","Domestic","221,661"
"2018 Apr 18 03:12:41 PM","2011 Nov 01 12:00:00 AM","T5","Departure","Domestic","232,636"
"2019 Jan 30 07:34:09 AM","2018 Dec 01 12:00:00 AM","T1","Arrival","Domestic","416,459"
"2020 Jan 10 06:01:24 AM","2019 Dec 01 12:00:00 AM","T7","Departure","International","45,176"
"2018 Apr 18 03:12:41 PM","2007 Nov 01 12:00:00 AM","T4","Arrival","International","73,992"
"2018 Apr 18 03:12:41 PM","2010 Oct 01 12:00:00 AM","T3","Departure","Domestic","186,794"
"2018 Apr 18 03:12:41 PM","2017 Jun 01 12:00:00 AM","T8","Departure","Domestic","177,501"
"2018 Apr 18 03:12:41 PM","2016 Jan 01 12:00:00 AM","T5","Departure","Domestic","338,862"
"2018 Apr 18 03:12:41 PM","2006 Oct 01 12:00:00 AM","T3","Departure","International","47,829"
"2018 Apr 18 03:12:41 PM","2007 Jul 01 12:00:00 AM","T6","Arrival","International","2,312"
"2018 Apr 18 03:12:41 PM","2015 Sep 01 12:00:00 AM","T6","Arrival","Domestic","298,442"
"2018 Apr 18 03:12:41 PM","2014 Aug 01 12:00:00 AM","TBIT","Departure","International","484,675"
"2020 Feb 28 08:21:30 AM","2020 Jan 01 12:00:00 AM","T8","Arrival","Domestic","118,008"
"2019 Jul 18 06:18:08 AM","2019 Jun 01 12:00:00 AM","Miscellaneous Terminal","Arrival","Domestic","123,994"
"2020 Nov 10 06:01:35 AM","2020 Oct 01 12:00:00 AM","T7","Arrival","Domestic","140,683"
"2021 Jan 10 06:01:37 AM","2020 Nov 01 12:00:00 AM","T5","Departure","International","1,513"
"2018 Apr 18 03:12:41 PM","2010 Nov 01 12:00:00 AM","TBIT","Departure","International","259,067"
"2018 Sep 26 09:27:08 AM","2018 Aug 01 12:00:00 AM","Miscellaneous Terminal","Departure","Domestic","126,807"
"2018 Apr 18 03:12:41 PM","2017 Aug 01 12:00:00 AM","TBIT","Arrival","Domestic","8,639"
"2018 Apr 18 03:12:41 PM","2009 Jan 01 12:00:00 AM","T1","Arrival","Domestic","346,898"
"2018 Apr 18 03:12:41 PM","2010 Dec 01 12:00:00 AM","TBIT","Departure","Domestic","5,016"
"2019 Nov 10 06:01:31 AM","2019 Sep 01 12:00:00 AM","T2","Departure","International","83,109"
"2018 Apr 18 03:12:41 PM","2015 May 01 12:00:00 AM","TBIT","Arrival","International","517,377"
"2018 Apr 18 03:12:41 PM","2012 Jun 01 12:00:00 AM","Miscellaneous Terminal","Departure","Domestic","128"
"2018 Apr 18 03:12:41 PM","2016 Feb 01 12:00:00 AM","T6","Arrival","International","4,368"
"2018 Apr 18 03:12:41 PM","2010 Sep 01 12:00:00 AM","T3","Departure","Domestic","156,285"
"2018 Apr 18 03:12:41 PM","2012 Apr 01 12:00:00 AM","T7","Departure","Domestic","183,534"
"2018 Apr 18 03:12:41 PM","2016 Apr 01 12:00:00 AM","T8","Arrival","International","4,121"
"2018 Apr 18 03:12:41 PM","2007 Oct 01 12:00:00 AM","T7","Arrival","International","26,501"
"2018 Apr 18 03:12:41 PM","2018 Feb 01 12:00:00 AM","T5","Departure","Domestic","328,169"
"2018 Apr 18 03:12:41 PM","2012 Jan 01 12:00:00 AM","T8","Departure","Domestic","133,835"
"2018 Apr 18 03:12:41 PM","2012 Jul 01 12:00:00 AM","T6","Departure","Domestic","455,832"
"2018 Apr 18 03:12:41 PM","2009 Nov 01 12:00:00 AM","TBIT","Arrival","Domestic","7,044"
"2019 Nov 10 06:01:31 AM","2019 Aug 01 12:00:00 AM","TBIT","Arrival","International","873,919"
"2018 Apr 18 03:12:41 PM","2014 Feb 01 12:00:00 AM","T6","Departure","Domestic","219,351"
"2018 Apr 18 03:12:41 PM","2011 Apr 01 12:00:00 AM","T6","Arrival","International","22,618"
"2018 Apr 18 03:12:41 PM","2010 Mar 01 12:00:00 AM","T2","Departure","International","162,792"
"2018 Apr 18 03:12:41 PM","2017 Oct 01 12:00:00 AM","T5","Departure","Domestic","388,989"
"2018 Apr 18 03:12:41 PM","2016 Oct 01 12:00:00 AM","Miscellaneous Terminal","Departure","Domestic","115,972"
"2018 Apr 18 03:12:41 PM","2012 Mar 01 12:00:00 AM","T3","Departure","Domestic","238,752"
"2018 Apr 18 03:12:41 PM","2006 May 01 12:00:00 AM","TBIT","Departure","International","386,494"
"2018 Oct 29 10:20:51 AM","2018 Sep 01 12:00:00 AM","T7","Departure","International","39,317"
"2018 Apr 18 03:12:41 PM","2009 Aug 01 12:00:00 AM","T8","Departure","International","7,388"
"2018 Apr 18 03:12:41 PM","2011 Jan 01 12:00:00 AM","T1","Arrival","Domestic","352,873"
"2018 Apr 18 03:12:41 PM","2015 Apr 01 12:00:00 AM","T4","Departure","International","39,611"
"2018 Apr 18 03:12:41 PM","2007 Oct 01 12:00:00 AM","T8","Departure","Domestic","112,789"
"2018 Apr 18 03:12:41 PM","2007 Jan 01 12:00:00 AM","T5","Departure","International","40,452"
"2018 Apr 18 03:12:41 PM","2014 Nov 01 12:00:00 AM","T8","Departure","International","8,926"
"2018 Apr 18 03:12:41 PM","2016 Jun 01 12:00:00 AM","T1","Departure","Domestic","414,521"
"2018 Apr 18 03:12:41 PM","2011 Oct 01 12:00:00 AM","T6","Arrival","Domestic","223,354"
"2018 Apr 18 03:12:41 PM","2013 Mar 01 12:00:00 AM","T1","Arrival","Domestic","419,621"
"2018 Apr 18 03:12:41 PM","2010 Jul 01 12:00:00 AM","T6","Departure","Domestic","310,019"
"2018 Apr 18 03:12:41 PM","2011 Jul 01 12:00:00 AM","T4","Arrival","International","20,583"
"2018 Apr 18 03:12:41 PM","2013 Sep 01 12:00:00 AM","T7","Departure","Domestic","230,725"
"2018 Apr 18 03:12:41 PM","2014 Jan 01 12:00:00 AM","T6","Departure","International","75,577"
"2018 Apr 18 03:12:41 PM","2006 Oct 01 12:00:00 AM","T8","Departure","Domestic","122,141"
"2018 Apr 18 03:12:41 PM","2006 Aug 01 12:00:00 AM","T5","Departure","International","39,815"
"2018 Jul 11 02:24:22 PM","2018 Jun 01 12:00:00 AM","T7","Arrival","International","83,902"
"2018 Apr 18 03:12:41 PM","2013 Jul 01 12:00:00 AM","TBIT","Departure","Domestic","7,447"
"2018 Apr 18 03:12:41 PM","2009 Mar 01 12:00:00 AM","T6","Arrival","Domestic","175,185"
"2018 Apr 18 03:12:41 PM","2015 Aug 01 12:00:00 AM","T5","Arrival","Domestic","379,191"
"2018 Apr 18 03:12:41 PM","2012 Feb 01 12:00:00 AM","T4","Arrival","Domestic","382,645"
"2018 Apr 18 03:12:41 PM","2007 Jul 01 12:00:00 AM","T5","Arrival","International","49,246"
"2018 Apr 18 03:12:41 PM","2007 Oct 01 12:00:00 AM","T6","Departure","Domestic","207,534"
"2018 Apr 18 03:12:41 PM","2014 Oct 01 12:00:00 AM","T8","Departure","International","3,431"
"2018 Apr 18 03:12:41 PM","2017 Aug 01 12:00:00 AM","T6","Arrival","International","92,610"
"2018 Apr 18 03:12:41 PM","2008 Jan 01 12:00:00 AM","TBIT","Arrival","International","427,648"
"2019 Jul 18 06:18:08 AM","2019 Jun 01 12:00:00 AM","T4","Arrival","International","60,998"
"2018 Apr 18 03:12:41 PM","2015 Mar 01 12:00:00 AM","T7","Arrival","International","78,448"
"2018 Apr 18 03:12:41 PM","2007 May 01 12:00:00 AM","T7","Departure","International","34,494"
"2018 Apr 18 03:12:41 PM","2011 Jun 01 12:00:00 AM","T8","Arrival","International","3,576"
"2019 Sep 27 07:57:24 AM","2019 Aug 01 12:00:00 AM","T6","Arrival","Domestic","269,938"
"2018 Apr 18 03:12:41 PM","2013 Nov 01 12:00:00 AM","T8","Departure","Domestic","107,507"
"2020 Jan 02 10:43:42 AM","2019 Nov 01 12:00:00 AM","T7","Arrival","International","65,782"
"2018 Apr 18 03:12:41 PM","2013 Jun 01 12:00:00 AM","TBIT","Departure","Domestic","9,890"
"2018 Apr 18 03:12:41 PM","2008 Nov 01 12:00:00 AM","Miscellaneous Terminal","Departure","International","31"
"2018 Apr 18 03:12:41 PM","2017 Mar 01 12:00:00 AM","T5","Departure","International","51,118"
"2018 Apr 18 03:12:41 PM","2016 Aug 01 12:00:00 AM","T7","Arrival","Domestic","298,749"
"2019 Sep 27 07:57:24 AM","2019 Aug 01 12:00:00 AM","Miscellaneous Terminal","Departure","Domestic","123,590"
"2020 Oct 10 06:01:21 AM","2020 Sep 01 12:00:00 AM","T2","Departure","Domestic","148,262"
"2018 Apr 18 03:12:41 PM","2014 Mar 01 12:00:00 AM","T2","Departure","Domestic","29,575"
"2018 Apr 18 03:12:41 PM","2011 Dec 01 12:00:00 AM","T8","Departure","Domestic","153,435"
"2019 Oct 10 06:01:25 AM","2019 Sep 01 12:00:00 AM","T7","Departure","International","32,741"
"2018 Apr 18 03:12:41 PM","2010 Jan 01 12:00:00 AM","T5","Arrival","International","30,347"
"2018 Apr 18 03:12:41 PM","2015 Jan 01 12:00:00 AM","Miscellaneous Terminal","Arrival","International","5,002"
"2018 Apr 18 03:12:41 PM","2011 Jan 01 12:00:00 AM","T7","Departure","Domestic","211,646"
"2018 Apr 18 03:12:41 PM","2007 Mar 01 12:00:00 AM","T2","Departure","Domestic","97,610"
"2019 Aug 23 03:41:00 PM","2019 Jul 01 12:00:00 AM","T1","Departure","Domestic","412,975"
"2019 Nov 10 06:01:31 AM","2019 Sep 01 12:00:00 AM","T5","Departure","Domestic","401,624"
"2018 Apr 18 03:12:41 PM","2012 Feb 01 12:00:00 AM","T5","Arrival","International","28,087"
"2018 Apr 18 03:12:41 PM","2017 Mar 01 12:00:00 AM","Miscellaneous Terminal","Arrival","Domestic","123,255"
"2020 Dec 10 06:01:38 AM","2020 Nov 01 12:00:00 AM","Miscellaneous Terminal","Arrival","International","6"
"2018 Apr 18 03:12:41 PM","2012 Nov 01 12:00:00 AM","T2","Arrival","International","153,123"
"2018 Apr 18 03:12:41 PM","2010 Apr 01 12:00:00 AM","T2","Arrival","International","154,999"
"2018 Sep 26 09:27:08 AM","2018 Aug 01 12:00:00 AM","T8","Arrival","International","7,439"
"2018 Apr 18 03:12:41 PM","2006 May 01 12:00:00 AM","Imperial Terminal","Arrival","International","54"
"2019 Apr 10 06:01:25 AM","2019 Mar 01 12:00:00 AM","T8","Departure","International","5,225"
"2018 Apr 18 03:12:41 PM","2012 Jul 01 12:00:00 AM","T6","Arrival","Domestic","463,572"
"2018 Apr 18 03:12:41 PM","2009 Mar 01 12:00:00 AM","Miscellaneous Terminal","Arrival","International","190"
"2019 Jan 30 07:34:09 AM","2018 Dec 01 12:00:00 AM","TBIT","Arrival","Domestic","6,462"
"2018 Apr 18 03:12:41 PM","2017 Aug 01 12:00:00 AM","T2","Arrival","Domestic","248,528"
"2018 Apr 18 03:12:41 PM","2011 May 01 12:00:00 AM","T3","Arrival","International","14,725"
"2018 Apr 18 03:12:41 PM","2009 Mar 01 12:00:00 AM","T3","Arrival","International","14,609"
"2018 Apr 18 03:12:41 PM","2006 Oct 01 12:00:00 AM","Miscellaneous Terminal","Arrival","Domestic","456"
"2018 Apr 18 03:12:41 PM","2011 Nov 01 12:00:00 AM","T7","Departure","Domestic","202,695"
"2018 Apr 18 03:12:41 PM","2013 Jul 01 12:00:00 AM","T2","Departure","Domestic","48,760"
"2018 Apr 18 03:12:41 PM","2017 May 01 12:00:00 AM","TBIT","Departure","International","644,774"
"2018 Apr 18 03:12:41 PM","2009 Oct 01 12:00:00 AM","T3","Departure","Domestic","159,425"
"2018 Aug 21 11:02:45 AM","2018 Jul 01 12:00:00 AM","T7","Arrival","Domestic","387,616"
"2018 Apr 18 03:12:41 PM","2011 Apr 01 12:00:00 AM","T6","Arrival","Domestic","182,175"
"2021 Jan 10 06:01:37 AM","2020 Dec 01 12:00:00 AM","T2","Departure","International","18,998"
"2018 Aug 21 11:02:45 AM","2018 Jul 01 12:00:00 AM","T6","Departure","International","142,626"
"2018 Apr 18 03:12:41 PM","2014 Feb 01 12:00:00 AM","T1","Departure","Domestic","288,784"
"2018 Apr 18 03:12:41 PM","2013 Feb 01 12:00:00 AM","T8","Arrival","Domestic","116,332"
"2018 Apr 18 03:12:41 PM","2012 Jul 01 12:00:00 AM","T2","Departure","Domestic","38,127"
"2020 Feb 10 06:01:27 AM","2020 Jan 01 12:00:00 AM","T1","Departure","International","1,306"
"2018 Apr 18 03:12:41 PM","2017 Jun 01 12:00:00 AM","T1","Departure","Domestic","417,777"
"2018 Apr 18 03:12:41 PM","2012 Apr 01 12:00:00 AM","Miscellaneous Terminal","Arrival","International","116"
"2018 Apr 18 03:12:41 PM","2014 Sep 01 12:00:00 AM","T7","Departure","International","35,858"
"2018 Apr 18 03:12:41 PM","2015 Aug 01 12:00:00 AM","T3","Arrival","Domestic","307,995"
"2018 Apr 18 03:12:41 PM","2014 Apr 01 12:00:00 AM","T6","Arrival","International","12,581"
"2018 Apr 18 03:12:41 PM","2006 Jan 01 12:00:00 AM","T6","Departure","Domestic","195,765"
"2018 Apr 18 03:12:41 PM","2016 Dec 01 12:00:00 AM","T8","Arrival","Domestic","146,004"
"2018 Apr 18 03:12:41 PM","2010 Jun 01 12:00:00 AM","T4","Arrival","International","18,179"
"2018 Apr 18 03:12:41 PM","2009 Feb 01 12:00:00 AM","T6","Departure","Domestic","148,828"
"2018 Apr 18 03:12:41 PM","2008 Sep 01 12:00:00 AM","T6","Departure","International","4,516"
"2018 Apr 18 03:12:41 PM","2012 Aug 01 12:00:00 AM","T1","Arrival","Domestic","449,003"
"2020 Apr 29 07:14:24 AM","2020 Mar 01 12:00:00 AM","TBIT","Departure","International","282,244"
"2020 May 10 06:01:34 AM","2020 Apr 01 12:00:00 AM","T2","Departure","International","3,793"
"2018 Apr 18 03:12:41 PM","2015 Apr 01 12:00:00 AM","T8","Arrival","International","4,648"
"2018 Jul 11 02:24:22 PM","2018 Jun 01 12:00:00 AM","T4","Departure","Domestic","371,230"
"2018 Apr 18 03:12:41 PM","2008 Oct 01 12:00:00 AM","T5","Departure","International","26,298"
"2018 Apr 18 03:12:41 PM","2006 Jun 01 12:00:00 AM","T4","Arrival","Domestic","428,312"
"2018 Jul 16 02:36:06 PM","2018 Jun 01 12:00:00 AM","T1","Arrival","Domestic","416,239"
"2018 Apr 18 03:12:41 PM","2018 Jan 01 12:00:00 AM","Miscellaneous Terminal","Arrival","Domestic","110,996"
"2018 May 10 07:49:00 AM","2018 Apr 01 12:00:00 AM","T7","Arrival","International","76,387"
"2018 Apr 18 03:12:41 PM","2016 Sep 01 12:00:00 AM","T1","Departure","International","1,023"
"2018 Apr 18 03:12:41 PM","2012 Aug 01 12:00:00 AM","T6","Arrival","Domestic","437,748"
"2018 Apr 18 03:12:41 PM","2008 Oct 01 12:00:00 AM","T4","Arrival","Domestic","360,943"
"2018 Apr 18 03:12:41 PM","2018 Feb 01 12:00:00 AM","T1","Arrival","Domestic","350,204"
"2018 Apr 18 03:12:41 PM","2014 Mar 01 12:00:00 AM","T6","Arrival","International","13,893"
"2018 Apr 18 03:12:41 PM","2006 Aug 01 12:00:00 AM","T7","Arrival","International","30,644"
"2018 Apr 18 03:12:41 PM","2009 Dec 01 12:00:00 AM","T5","Departure","Domestic","227,444"
"2018 Apr 18 03:12:41 PM","2013 Jul 01 12:00:00 AM","T7","Arrival","International","94,763"
"2018 Apr 18 03:12:41 PM","2015 Dec 01 12:00:00 AM","T7","Arrival","Domestic","267,711"
"2018 Apr 18 03:12:41 PM","2009 Jan 01 12:00:00 AM","TBIT","Departure","Domestic","4,051"
"2018 Apr 18 03:12:41 PM","2008 Apr 01 12:00:00 AM","T7","Arrival","International","30,695"
"2018 Apr 18 03:12:41 PM","2008 Feb 01 12:00:00 AM","T8","Departure","Domestic","104,496"
"2018 Apr 18 03:12:41 PM","2013 Apr 01 12:00:00 AM","Miscellaneous Terminal","Departure","International","805"
"2018 Apr 18 03:12:41 PM","2013 Jan 01 12:00:00 AM","Miscellaneous Terminal","Departure","International","1,143"
"2018 Apr 18 03:12:41 PM","2007 Sep 01 12:00:00 AM","T3","Arrival","International","16,572"
"2018 Apr 18 03:12:41 PM","2016 Jul 01 12:00:00 AM","T6","Departure","Domestic","351,316"
"2018 Apr 18 03:12:41 PM","2009 Oct 01 12:00:00 AM","T5","Departure","Domestic","230,927"
"2019 May 28 06:24:45 AM","2019 Apr 01 12:00:00 AM","T6","Arrival","International","64,515"
"2018 Apr 18 03:12:41 PM","2010 Dec 01 12:00:00 AM","T7","Arrival","Domestic","219,208"
"2018 Apr 18 03:12:41 PM","2011 Oct 01 12:00:00 AM","T5","Arrival","Domestic","245,031"
"2018 Apr 18 03:12:41 PM","2008 May 01 12:00:00 AM","TBIT","Arrival","Domestic","322"
"2018 Apr 18 03:12:41 PM","2015 May 01 12:00:00 AM","Miscellaneous Terminal","Departure","International","6,125"
"2018 Apr 18 03:12:41 PM","2008 Oct 01 12:00:00 AM","T5","Arrival","International","15,241"
"2018 Apr 18 03:12:41 PM","2011 Aug 01 12:00:00 AM","T6","Departure","International","15,387"
"2018 Apr 18 03:12:41 PM","2006 Oct 01 12:00:00 AM","T4","Arrival","Domestic","409,053"
"2021 Apr 01 09:37:48 AM","2021 Feb 01 12:00:00 AM","Miscellaneous Terminal","Arrival","Domestic","2,237"
"2020 Nov 10 06:01:35 AM","2020 Oct 01 12:00:00 AM","T1","Departure","Domestic","113,701"
"2018 Apr 18 03:12:41 PM","2008 Mar 01 12:00:00 AM","TBIT","Arrival","International","420,390"
"2018 Apr 18 03:12:41 PM","2010 Aug 01 12:00:00 AM","T7","Departure","Domestic","286,987"
"2018 Apr 18 03:12:41 PM","2015 Apr 01 12:00:00 AM","T3","Departure","International","2,693"
"2018 Apr 18 03:12:41 PM","2013 May 01 12:00:00 AM","T2","Arrival","International","185,517"
"2018 Apr 18 03:12:41 PM","2007 Sep 01 12:00:00 AM","T6","Arrival","Domestic","200,410"
"2018 Apr 18 03:12:41 PM","2014 Jun 01 12:00:00 AM","TBIT","Departure","Domestic","9,219"
"2018 Apr 18 03:12:41 PM","2009 May 01 12:00:00 AM","TBIT","Departure","International","306,669"
"2018 Apr 18 03:12:41 PM","2012 Nov 01 12:00:00 AM","T1","Departure","Domestic","389,021"
"2018 Apr 18 03:12:41 PM","2007 Jun 01 12:00:00 AM","T6","Arrival","International","1,659"
"2018 Apr 18 03:12:41 PM","2006 Apr 01 12:00:00 AM","T1","Departure","Domestic","439,128"
"2021 Jan 10 06:01:37 AM","2020 Nov 01 12:00:00 AM","T5","Arrival","Domestic","190,758"
"2018 Apr 18 03:12:41 PM","2016 Nov 01 12:00:00 AM","Miscellaneous Terminal","Departure","Domestic","109,948"
"2019 Nov 26 01:26:41 PM","2019 Oct 01 12:00:00 AM","T2","Departure","International","84,390"
"2018 Apr 18 03:12:41 PM","2016 May 01 12:00:00 AM","TBIT","Arrival","International","544,400"
"2018 Apr 18 03:12:41 PM","2012 Dec 01 12:00:00 AM","T4","Departure","International","34,930"
"2018 Apr 18 03:12:41 PM","2013 Sep 01 12:00:00 AM","T2","Departure","Domestic","29,053"
"2018 Apr 18 03:12:41 PM","2006 May 01 12:00:00 AM","TBIT","Arrival","Domestic","2,944"
"2018 Apr 18 03:12:41 PM","2008 Mar 01 12:00:00 AM","T7","Departure","Domestic","244,868"
"2018 Apr 18 03:12:41 PM","2006 Oct 01 12:00:00 AM","T7","Arrival","Domestic","258,890"
"2018 Apr 18 03:12:41 PM","2015 Oct 01 12:00:00 AM","T2","Arrival","International","166,891"
"2018 Apr 18 03:12:41 PM","2015 Feb 01 12:00:00 AM","T8","Departure","International","6,332"
"2019 Nov 14 03:00:43 PM","2019 Oct 01 12:00:00 AM","T5","Arrival","Domestic","415,707"
"2018 Apr 18 03:12:41 PM","2012 Nov 01 12:00:00 AM","T4","Arrival","International","27,218"
"2018 Apr 18 03:12:41 PM","2007 Jan 01 12:00:00 AM","Imperial Terminal","Departure","Domestic","256"
"2018 Apr 18 03:12:41 PM","2007 Nov 01 12:00:00 AM","T2","Arrival","International","137,579"
"2018 Oct 29 10:20:51 AM","2018 Sep 01 12:00:00 AM","T1","Departure","Domestic","372,523"
"2018 Apr 18 03:12:41 PM","2013 May 01 12:00:00 AM","Miscellaneous Terminal","Arrival","Domestic","79,832"
"2018 Apr 18 03:12:41 PM","2016 Dec 01 12:00:00 AM","T3","Departure","International","3,024"
"2018 Apr 18 03:12:41 PM","2009 Apr 01 12:00:00 AM","T6","Departure","International","4,505"
"2018 Apr 18 03:12:41 PM","2016 Feb 01 12:00:00 AM","Miscellaneous Terminal","Arrival","International","4,567"
"2018 Apr 18 03:12:41 PM","2008 Apr 01 12:00:00 AM","TBIT","Arrival","Domestic","329"
"2018 Apr 18 03:12:41 PM","2006 Jun 01 12:00:00 AM","TBIT","Departure","International","419,807"
"2018 Oct 29 10:20:51 AM","2017 Nov 01 12:00:00 AM","T2","Arrival","International","80,810"
"2018 Apr 18 03:12:41 PM","2010 Jan 01 12:00:00 AM","T7","Departure","International","24,425"
"2018 Apr 18 03:12:41 PM","2008 Aug 01 12:00:00 AM","T5","Arrival","International","34,062"
"2018 Apr 18 03:12:41 PM","2007 Mar 01 12:00:00 AM","T2","Arrival","Domestic","94,524"
"2018 Apr 18 03:12:41 PM","2006 Jan 01 12:00:00 AM","T5","Arrival","Domestic","135,622"
"2018 Apr 18 03:12:41 PM","2016 Oct 01 12:00:00 AM","T1","Departure","International","1,684"
"2018 Apr 18 03:12:41 PM","2013 Oct 01 12:00:00 AM","T6","Arrival","Domestic","277,083"
"2018 Apr 18 03:12:41 PM","2015 Apr 01 12:00:00 AM","T3","Arrival","Domestic","237,674"
"2018 Apr 18 03:12:41 PM","2017 Aug 01 12:00:00 AM","TBIT","Departure","Domestic","26,327"
"2018 Apr 18 03:12:41 PM","2013 Aug 01 12:00:00 AM","T8","Arrival","International","3,666"
"2018 Apr 18 03:12:41 PM","2017 Jun 01 12:00:00 AM","TBIT","Departure","Domestic","25,463"
"2018 Apr 18 03:12:41 PM","2006 Jan 01 12:00:00 AM","T1","Departure","Domestic","389,745"
"2018 Apr 18 03:12:41 PM","2016 Nov 01 12:00:00 AM","T5","Arrival","International","51,557"
"2018 Apr 18 03:12:41 PM","2013 Oct 01 12:00:00 AM","TBIT","Arrival","Domestic","9,379"
"2018 Apr 18 03:12:41 PM","2010 Jan 01 12:00:00 AM","T6","Departure","Domestic","246,926"
"2018 Apr 18 03:12:41 PM","2009 Feb 01 12:00:00 AM","T2","Arrival","Domestic","76,069"
"2018 Apr 18 03:12:41 PM","2015 May 01 12:00:00 AM","T4","Departure","Domestic","360,102"
"2018 Apr 18 03:12:41 PM","2015 May 01 12:00:00 AM","T5","Departure","International","62,641"
"2018 Apr 18 03:12:41 PM","2012 Jul 01 12:00:00 AM","T6","Departure","International","73,210"
"2018 Apr 18 03:12:41 PM","2007 Jul 01 12:00:00 AM","T8","Departure","International","3,114"
"2018 Apr 18 03:12:41 PM","2009 Dec 01 12:00:00 AM","T6","Departure","Domestic","199,832"
"2018 Apr 18 03:12:41 PM","2013 Apr 01 12:00:00 AM","T1","Arrival","Domestic","394,326"
"2018 Apr 18 03:12:41 PM","2018 Mar 01 12:00:00 AM","T5","Departure","Domestic","396,888"
"2018 Apr 18 03:12:41 PM","2014 Sep 01 12:00:00 AM","T8","Departure","International","3,329"
"2018 Apr 18 03:12:41 PM","2008 Oct 01 12:00:00 AM","T6","Departure","International","4,611"
"2018 Apr 18 03:12:41 PM","2008 Feb 01 12:00:00 AM","T4","Arrival","International","68,369"
"2020 Jan 02 10:43:42 AM","2019 Nov 01 12:00:00 AM","T2","Departure","Domestic","268,414"
"2018 Apr 18 03:12:41 PM","2010 Jul 01 12:00:00 AM","T8","Departure","Domestic","172,680"
"2018 Apr 18 03:12:41 PM","2010 Oct 01 12:00:00 AM","T7","Departure","Domestic","256,343"
"2018 Apr 18 03:12:41 PM","2012 Jun 01 12:00:00 AM","TBIT","Departure","Domestic","8,991"
"2018 Apr 18 03:12:41 PM","2008 Feb 01 12:00:00 AM","T6","Departure","Domestic","178,771"
"2020 Jun 10 06:01:27 AM","2020 May 01 12:00:00 AM","T6","Arrival","Domestic","17,051"
"2018 Apr 18 03:12:41 PM","2012 Dec 01 12:00:00 AM","T7","Arrival","Domestic","220,914"
"2019 Apr 10 06:01:25 AM","2019 Mar 01 12:00:00 AM","T3","Departure","Domestic","310,613"
"2018 Apr 18 03:12:41 PM","2014 Jun 01 12:00:00 AM","T1","Departure","Domestic","384,976"
"2019 May 28 06:24:45 AM","2019 Apr 01 12:00:00 AM","T5","Departure","Domestic","372,949"
"2018 Apr 18 03:12:41 PM","2007 Jul 01 12:00:00 AM","T8","Arrival","International","3,404"
"2020 Jun 29 07:20:39 AM","2020 May 01 12:00:00 AM","T5","Departure","International","81"
"2018 Apr 18 03:12:41 PM","2011 Aug 01 12:00:00 AM","T1","Departure","Domestic","416,094"
"2018 Apr 18 03:12:41 PM","2010 Jan 01 12:00:00 AM","T8","Arrival","International","5,266"
"2018 Apr 18 03:12:41 PM","2015 Jul 01 12:00:00 AM","T4","Departure","International","52,715"
"2019 Mar 22 10:49:20 AM","2018 Jan 01 12:00:00 AM","TBIT","Arrival","International","773,436"
"2018 Apr 18 03:12:41 PM","2011 Aug 01 12:00:00 AM","T6","Departure","Domestic","267,995"
"2018 Apr 18 03:12:41 PM","2007 Apr 01 12:00:00 AM","T8","Arrival","Domestic","124,222"
"2018 Apr 18 03:12:41 PM","2013 Aug 01 12:00:00 AM","T4","Departure","International","47,260"
"2018 Sep 26 09:27:08 AM","2018 Aug 01 12:00:00 AM","T3","Arrival","Domestic","392,314"
"2018 Apr 18 03:12:41 PM","2007 Feb 01 12:00:00 AM","T7","Departure","Domestic","227,577"
"2018 Sep 26 09:27:08 AM","2018 Aug 01 12:00:00 AM","T7","Departure","Domestic","371,306"
"2021 Mar 03 10:48:12 AM","2021 Jan 01 12:00:00 AM","T7","Arrival","Domestic","97,939"
"2019 Sep 27 07:57:24 AM","2019 Aug 01 12:00:00 AM","T2","Arrival","International","87,369"
"2018 Apr 18 03:12:41 PM","2014 Sep 01 12:00:00 AM","T5","Arrival","International","37,076"
"2018 Apr 18 03:12:41 PM","2017 Dec 01 12:00:00 AM","T7","Arrival","International","78,118"
"2020 Sep 28 04:07:45 PM","2020 Aug 01 12:00:00 AM","T5","Arrival","Domestic","153,345"
"2018 Apr 18 03:12:41 PM","2016 Dec 01 12:00:00 AM","T4","Arrival","Domestic","355,396"
"2018 Apr 18 03:12:41 PM","2015 Oct 01 12:00:00 AM","T8","Departure","International","10,169"
"2019 Oct 10 06:01:25 AM","2019 Sep 01 12:00:00 AM","T8","Arrival","Domestic","131,314"
"2018 Apr 18 03:12:41 PM","2017 Apr 01 12:00:00 AM","T2","Departure","International","210,154"
"2018 Apr 18 03:12:41 PM","2009 Sep 01 12:00:00 AM","T6","Arrival","Domestic","187,499"
"2018 Apr 18 03:12:41 PM","2016 Jul 01 12:00:00 AM","T1","Departure","International","3,777"
"2018 Apr 18 03:12:41 PM","2007 Feb 01 12:00:00 AM","TBIT","Departure","International","279,374"
"2018 Apr 18 03:12:41 PM","2009 Jun 01 12:00:00 AM","T6","Arrival","Domestic","215,962"
"2018 Apr 18 03:12:41 PM","2011 Jan 01 12:00:00 AM","Miscellaneous Terminal","Arrival","Domestic","209"
"2018 Apr 18 03:12:41 PM","2010 Mar 01 12:00:00 AM","Miscellaneous Terminal","Departure","Domestic","234"
"2018 Apr 18 03:12:41 PM","2017 Jan 01 12:00:00 AM","T3","Arrival","Domestic","324,638"
"2018 Apr 18 03:12:41 PM","2017 Jun 01 12:00:00 AM","T3","Departure","International","28,137"
"2018 Apr 18 03:12:41 PM","2009 Dec 01 12:00:00 AM","T7","Arrival","International","18,892"
"2018 Apr 18 03:12:41 PM","2014 Aug 01 12:00:00 AM","TBIT","Arrival","International","559,898"
"2018 Apr 18 03:12:41 PM","2006 Oct 01 12:00:00 AM","T3","Arrival","International","17,982"
"2018 Apr 18 03:12:41 PM","2012 Feb 01 12:00:00 AM","T6","Departure","International","18,007"
"2018 Apr 18 03:12:41 PM","2013 May 01 12:00:00 AM","T7","Arrival","International","51,121"
"2018 Apr 18 03:12:41 PM","2011 Feb 01 12:00:00 AM","T8","Departure","Domestic","123,068"
"2018 Apr 18 03:12:41 PM","2011 Mar 01 12:00:00 AM","T5","Departure","Domestic","224,538"
"2018 Apr 18 03:12:41 PM","2013 May 01 12:00:00 AM","T8","Departure","Domestic","121,530"
"2019 Sep 10 06:01:34 AM","2019 Aug 01 12:00:00 AM","T7","Departure","International","42,413"
"2018 Apr 18 03:12:41 PM","2016 Oct 01 12:00:00 AM","T2","Departure","Domestic","40,802"
"2018 Apr 18 03:12:41 PM","2011 Aug 01 12:00:00 AM","T8","Arrival","International","4,014"
"2018 Apr 18 03:12:41 PM","2013 Jul 01 12:00:00 AM","T5","Departure","International","44,372"
"2018 Apr 18 03:12:41 PM","2010 May 01 12:00:00 AM","T8","Arrival","International","5,086"
"2018 Apr 18 03:12:41 PM","2012 Jan 01 12:00:00 AM","Miscellaneous Terminal","Departure","Domestic","808"
"2019 Jul 18 06:18:08 AM","2019 Jun 01 12:00:00 AM","T4","Departure","Domestic","400,445"
"2018 Apr 18 03:12:41 PM","2014 Sep 01 12:00:00 AM","T5","Departure","International","35,822"
"2018 Apr 18 03:12:41 PM","2013 Dec 01 12:00:00 AM","T5","Arrival","International","41,491"
"2018 Apr 18 03:12:41 PM","2009 Apr 01 12:00:00 AM","TBIT","Departure","International","299,554"
"2020 Dec 07 01:58:36 PM","2020 Oct 01 12:00:00 AM","T6","Departure","Domestic","55,960"
"2020 May 04 06:39:48 AM","2020 Mar 01 12:00:00 AM","Miscellaneous Terminal","Arrival","Domestic","55,061"
"2019 Jun 24 01:17:06 PM","2019 May 01 12:00:00 AM","TBIT","Arrival","International","756,577"
"2018 Apr 18 03:12:41 PM","2014 Nov 01 12:00:00 AM","T6","Arrival","Domestic","271,520"
"2018 Apr 18 03:12:41 PM","2008 Jun 01 12:00:00 AM","T6","Arrival","Domestic","246,211"
"2018 Apr 18 03:12:41 PM","2010 Aug 01 12:00:00 AM","Miscellaneous Terminal","Arrival","International","13"
"2018 Apr 18 03:12:41 PM","2015 Jul 01 12:00:00 AM","Miscellaneous Terminal","Departure","International","5,348"
"2019 Jan 10 06:01:19 AM","2018 Dec 01 12:00:00 AM","T2","Arrival","Domestic","223,855"
"2018 Apr 18 03:12:41 PM","2010 Aug 01 12:00:00 AM","T2","Departure","Domestic","29,146"
"2018 Aug 10 06:01:24 AM","2018 Jun 01 12:00:00 AM","Miscellaneous Terminal","Departure","Domestic","121,845"
"2018 Apr 18 03:12:41 PM","2012 Jan 01 12:00:00 AM","T7","Arrival","Domestic","191,967"
"2018 Apr 18 03:12:41 PM","2011 Aug 01 12:00:00 AM","T7","Departure","International","37,078"
"2018 Apr 18 03:12:41 PM","2012 Mar 01 12:00:00 AM","T5","Departure","International","22,927"
"2018 Apr 18 03:12:41 PM","2015 Jul 01 12:00:00 AM","T7","Arrival","International","88,934"
"2018 Apr 18 03:12:41 PM","2013 Oct 01 12:00:00 AM","T8","Departure","Domestic","113,938"
"2018 Apr 18 03:12:41 PM","2016 Dec 01 12:00:00 AM","T1","Departure","International","15,847"
"2018 Apr 18 03:12:41 PM","2007 Jul 01 12:00:00 AM","T2","Arrival","Domestic","120,476"
"2018 Apr 18 03:12:41 PM","2014 Mar 01 12:00:00 AM","T8","Arrival","International","3,679"
"2018 Oct 29 10:20:51 AM","2018 Sep 01 12:00:00 AM","T1","Arrival","Domestic","377,083"
"2018 Apr 18 03:12:41 PM","2016 Jun 01 12:00:00 AM","T1","Arrival","Domestic","412,949"
"2021 Jan 10 06:01:37 AM","2020 Nov 01 12:00:00 AM","TBIT","Departure","Domestic","19,684"
"2018 Apr 18 03:12:41 PM","2009 Dec 01 12:00:00 AM","T3","Departure","International","69,201"
"2018 Apr 18 03:12:41 PM","2014 Feb 01 12:00:00 AM","T2","Arrival","Domestic","24,858"
"2019 Mar 14 06:45:08 AM","2019 Feb 01 12:00:00 AM","T2","Departure","Domestic","235,865"
"2018 Apr 18 03:12:41 PM","2017 Nov 01 12:00:00 AM","Miscellaneous Terminal","Departure","International","3,724"
"2018 Apr 18 03:12:41 PM","2009 May 01 12:00:00 AM","T4","Departure","International","32,943"
"2018 Apr 18 03:12:41 PM","2014 May 01 12:00:00 AM","T7","Arrival","Domestic","265,726"
"2018 Oct 29 10:20:51 AM","2016 Nov 01 12:00:00 AM","T2","Arrival","International","183,748"
"2018 Jul 12 02:24:30 PM","2018 Jun 01 12:00:00 AM","T2","Departure","Domestic","252,126"
"2018 Apr 18 03:12:41 PM","2009 Dec 01 12:00:00 AM","T4","Departure","Domestic","365,220"
"2021 Apr 01 09:37:48 AM","2021 Feb 01 12:00:00 AM","T5","Departure","Domestic","121,963"
"2018 Apr 18 03:12:41 PM","2006 Jun 01 12:00:00 AM","T1","Arrival","Domestic","459,302"
"2018 Apr 18 03:12:41 PM","2014 Sep 01 12:00:00 AM","T8","Arrival","International","2,935"
"2020 Jan 02 10:43:42 AM","2019 Nov 01 12:00:00 AM","T7","Arrival","Domestic","309,673"
"2018 Nov 25 11:40:39 AM","2018 Oct 01 12:00:00 AM","T2","Departure","Domestic","233,231"
"2018 Apr 18 03:12:41 PM","2006 Jun 01 12:00:00 AM","Imperial Terminal","Arrival","Domestic","25"
"2018 Apr 18 03:12:41 PM","2008 Jul 01 12:00:00 AM","T4","Departure","International","49,566"
"2018 Apr 18 03:12:41 PM","2012 Nov 01 12:00:00 AM","T1","Arrival","Domestic","390,769"
"2018 Apr 18 03:12:41 PM","2009 Dec 01 12:00:00 AM","T3","Arrival","International","14,836"
"2018 Apr 18 03:12:41 PM","2012 Jul 01 12:00:00 AM","T4","Departure","Domestic","476,971"
"2019 Mar 01 11:09:59 AM","2019 Jan 01 12:00:00 AM","T4","Arrival","International","66,834"
"2018 Apr 18 03:12:41 PM","2013 Nov 01 12:00:00 AM","TBIT","Departure","Domestic","7,083"
"2018 Apr 18 03:12:41 PM","2008 Sep 01 12:00:00 AM","T7","Arrival","International","18,533"
"2018 Apr 18 03:12:41 PM","2012 Jul 01 12:00:00 AM","TBIT","Arrival","International","459,053"
"2018 Apr 18 03:12:41 PM","2009 Jan 01 12:00:00 AM","T8","Departure","Domestic","91,091"
"2018 Apr 18 03:12:41 PM","2015 Mar 01 12:00:00 AM","T5","Arrival","International","68,159"
"2018 Nov 25 11:40:39 AM","2018 Oct 01 12:00:00 AM","T3","Departure","Domestic","297,209"
"2018 Apr 18 03:12:41 PM","2015 Jun 01 12:00:00 AM","T1","Departure","Domestic","379,392"
"2018 Apr 18 03:12:41 PM","2009 Sep 01 12:00:00 AM","T3","Departure","International","44,521"
"2018 Apr 18 03:12:41 PM","2014 Oct 01 12:00:00 AM","Miscellaneous Terminal","Departure","Domestic","49,277"
"2018 Apr 18 03:12:41 PM","2009 Dec 01 12:00:00 AM","T5","Departure","International","19,781"
"2018 Apr 18 03:12:41 PM","2014 Mar 01 12:00:00 AM","T7","Arrival","International","94,062"
"2018 Apr 18 03:12:41 PM","2006 Dec 01 12:00:00 AM","T3","Arrival","International","23,419"
"2018 Apr 18 03:12:41 PM","2012 Jan 01 12:00:00 AM","T3","Departure","Domestic","220,843"
"2018 Apr 18 03:12:41 PM","2011 Mar 01 12:00:00 AM","T6","Arrival","International","9,858"
"2018 Apr 18 03:12:41 PM","2010 Feb 01 12:00:00 AM","T4","Arrival","Domestic","302,898"
"2019 Sep 27 07:57:24 AM","2019 Aug 01 12:00:00 AM","T2","Arrival","Domestic","284,424"
"2018 Apr 18 03:12:41 PM","2018 Jan 01 12:00:00 AM","T5","Arrival","International","12,223"
"2018 Apr 18 03:12:41 PM","2009 Jun 01 12:00:00 AM","T6","Departure","International","4,758"
"2018 Apr 18 03:12:41 PM","2014 Apr 01 12:00:00 AM","TBIT","Departure","International","363,893"
"2018 Apr 18 03:12:41 PM","2016 Feb 01 12:00:00 AM","T2","Departure","International","145,493"
"2020 Sep 28 04:07:45 PM","2020 Aug 01 12:00:00 AM","T4","Departure","International","5,024"
"2018 Apr 18 03:12:41 PM","2015 Jul 01 12:00:00 AM","T5","Departure","International","79,836"
"2020 Aug 27 07:15:54 AM","2020 Jul 01 12:00:00 AM","T7","Arrival","Domestic","75,949"
"2018 Apr 18 03:12:41 PM","2010 Oct 01 12:00:00 AM","Miscellaneous Terminal","Arrival","Domestic","50"
"2018 Apr 18 03:12:41 PM","2007 Dec 01 12:00:00 AM","T1","Arrival","Domestic","395,023"
"2018 Apr 18 03:12:41 PM","2015 Apr 01 12:00:00 AM","T6","Arrival","International","632"
"2018 Apr 18 03:12:41 PM","2015 Jun 01 12:00:00 AM","Miscellaneous Terminal","Arrival","Domestic","100,223"
"2018 Oct 29 10:20:51 AM","2017 Sep 01 12:00:00 AM","T2","Arrival","International","100,772"
"2018 Apr 18 03:12:41 PM","2009 Apr 01 12:00:00 AM","T5","Arrival","International","7,078"
"2018 Apr 18 03:12:41 PM","2011 Aug 01 12:00:00 AM","T5","Arrival","International","29,218"
"2018 Apr 18 03:12:41 PM","2008 Jun 01 12:00:00 AM","T1","Departure","International","306"
"2018 Apr 18 03:12:41 PM","2006 Oct 01 12:00:00 AM","T6","Departure","Domestic","216,110"
"2018 Apr 18 03:12:41 PM","2009 Jun 01 12:00:00 AM","T8","Departure","Domestic","111,739"
"2018 Apr 18 03:12:41 PM","2011 Jun 01 12:00:00 AM","TBIT","Departure","Domestic","6,208"
"2018 Apr 18 03:12:41 PM","2006 Sep 01 12:00:00 AM","T3","Arrival","International","19,726"
"2018 Apr 18 03:12:41 PM","2009 Sep 01 12:00:00 AM","T6","Departure","Domestic","182,653"
"2018 Oct 29 10:20:51 AM","2018 Sep 01 12:00:00 AM","T5","Departure","International","374"
"2018 Apr 18 03:12:41 PM","2010 Jul 01 12:00:00 AM","T2","Departure","International","211,465"
"2018 Apr 18 03:12:41 PM","2008 Feb 01 12:00:00 AM","T5","Departure","Domestic","167,421"
"2018 Apr 18 03:12:41 PM","2007 Apr 01 12:00:00 AM","T2","Departure","Domestic","93,558"
"2018 Apr 18 03:12:41 PM","2007 Mar 01 12:00:00 AM","T8","Departure","International","3,501"
"2018 Apr 18 03:12:41 PM","2009 Nov 01 12:00:00 AM","T3","Arrival","Domestic","156,751"
"2019 Jul 10 06:01:27 AM","2019 Jun 01 12:00:00 AM","T8","Departure","International","12,615"
"2018 Apr 18 03:12:41 PM","2008 Jul 01 12:00:00 AM","T8","Arrival","Domestic","109,063"
"2018 Apr 18 03:12:41 PM","2015 Feb 01 12:00:00 AM","T6","Departure","Domestic","243,781"
"2018 Apr 18 03:12:41 PM","2010 Feb 01 12:00:00 AM","Miscellaneous Terminal","Arrival","International","9"
"2021 Mar 03 10:48:12 AM","2021 Jan 01 12:00:00 AM","T7","Arrival","International","43,720"
"2018 Apr 18 03:12:41 PM","2008 Jan 01 12:00:00 AM","T6","Arrival","International","3,022"
"2018 Apr 18 03:12:41 PM","2007 Dec 01 12:00:00 AM","T8","Departure","International","3,279"
"2018 Apr 18 03:12:41 PM","2016 Sep 01 12:00:00 AM","T2","Departure","International","203,062"
"2018 Apr 18 03:12:41 PM","2009 Apr 01 12:00:00 AM","T4","Arrival","International","36,807"
"2020 Jan 22 06:57:11 AM","2019 Dec 01 12:00:00 AM","T6","Arrival","International","63,788"
"2018 Apr 18 03:12:41 PM","2006 Nov 01 12:00:00 AM","T3","Departure","International","55,265"
"2019 Mar 01 11:09:59 AM","2019 Jan 01 12:00:00 AM","T7","Arrival","Domestic","306,081"
"2018 Apr 18 03:12:41 PM","2018 Feb 01 12:00:00 AM","T7","Arrival","Domestic","286,693"
"2018 Nov 25 11:40:39 AM","2018 Oct 01 12:00:00 AM","T4","Departure","International","76,406"
"2018 Apr 18 03:12:41 PM","2013 Jun 01 12:00:00 AM","T4","Arrival","International","4,630"
"2018 Sep 26 09:27:08 AM","2018 Aug 01 12:00:00 AM","T5","Arrival","International","16,676"
"2018 Apr 18 03:12:41 PM","2010 Jun 01 12:00:00 AM","T5","Departure","Domestic","227,316"
"2018 Apr 18 03:12:41 PM","2009 Mar 01 12:00:00 AM","T2","Arrival","International","134,164"
"2018 Apr 18 03:12:41 PM","2013 Aug 01 12:00:00 AM","T3","Departure","Domestic","250,822"
"2018 Apr 18 03:12:41 PM","2015 Sep 01 12:00:00 AM","T3","Departure","Domestic","267,529"
"2018 Apr 18 03:12:41 PM","2016 Apr 01 12:00:00 AM","T5","Arrival","International","67,833"
"2019 Apr 29 01:10:30 PM","2019 Feb 01 12:00:00 AM","Miscellaneous Terminal","Arrival","Domestic","107,935"
"2018 Apr 18 03:12:41 PM","2014 Feb 01 12:00:00 AM","T7","Departure","International","34,105"
"2018 Apr 18 03:12:41 PM","2014 Jun 01 12:00:00 AM","T6","Departure","International","81,317"
"2018 Apr 18 03:12:41 PM","2017 Jun 01 12:00:00 AM","Miscellaneous Terminal","Arrival","Domestic","126,028"
"2018 May 23 07:44:39 AM","2018 Apr 01 12:00:00 AM","T3","Departure","Domestic","338,420"
"2018 Dec 26 06:52:40 AM","2018 Nov 01 12:00:00 AM","TBIT","Departure","Domestic","20,608"
"2018 Apr 18 03:12:41 PM","2006 Jun 01 12:00:00 AM","T6","Departure","International","5,648"
"2018 Oct 29 10:20:51 AM","2016 Jul 01 12:00:00 AM","T2","Arrival","International","253,283"
"2018 Apr 18 03:12:41 PM","2011 Jul 01 12:00:00 AM","T3","Departure","International","80,330"
"2018 Apr 18 03:12:41 PM","2016 Nov 01 12:00:00 AM","T4","Arrival","Domestic","343,535"
"2020 May 10 06:01:34 AM","2020 Apr 01 12:00:00 AM","TBIT","Departure","Domestic","9"
"2018 Apr 18 03:12:41 PM","2006 Feb 01 12:00:00 AM","T4","Arrival","Domestic","341,132"
"2018 Apr 18 03:12:41 PM","2013 Nov 01 12:00:00 AM","TBIT","Arrival","Domestic","7,449"
"2018 May 23 07:44:39 AM","2018 Apr 01 12:00:00 AM","T4","Arrival","International","59,121"
"2021 Feb 02 08:17:02 AM","2020 Dec 01 12:00:00 AM","T5","Departure","International","3,233"
"2018 Apr 18 03:12:41 PM","2012 Jul 01 12:00:00 AM","T5","Arrival","International","31,655"
"2018 Apr 18 03:12:41 PM","2017 Aug 01 12:00:00 AM","T5","Arrival","International","19,669"
"2018 Apr 18 03:12:41 PM","2012 May 01 12:00:00 AM","T7","Departure","Domestic","149,699"
"2018 Apr 18 03:12:41 PM","2016 Jul 01 12:00:00 AM","T6","Arrival","International","13,165"
"2018 Apr 18 03:12:41 PM","2017 Dec 01 12:00:00 AM","Miscellaneous Terminal","Arrival","Domestic","128,320"
"2018 Apr 18 03:12:41 PM","2008 Apr 01 12:00:00 AM","T2","Departure","International","160,286"
"2018 Apr 18 03:12:41 PM","2016 Dec 01 12:00:00 AM","T8","Departure","Domestic","147,175"
"2018 Apr 18 03:12:41 PM","2009 Feb 01 12:00:00 AM","TBIT","Departure","International","262,667"
"2018 Apr 18 03:12:41 PM","2008 Mar 01 12:00:00 AM","T7","Arrival","Domestic","235,539"
"2019 Mar 01 11:09:59 AM","2019 Jan 01 12:00:00 AM","T4","Arrival","Domestic","352,988"
"2018 Apr 18 03:12:41 PM","2011 Oct 01 12:00:00 AM","T5","Departure","Domestic","232,946"
"2021 Apr 01 09:37:48 AM","2021 Feb 01 12:00:00 AM","T6","Arrival","International","3,495"
"2018 Apr 18 03:12:41 PM","2014 Feb 01 12:00:00 AM","T6","Arrival","International","12,333"
"2018 Apr 18 03:12:41 PM","2013 Mar 01 12:00:00 AM","T8","Arrival","Domestic","106,319"
"2018 May 23 07:44:39 AM","2018 Apr 01 12:00:00 AM","T6","Arrival","International","60,167"
"2018 Apr 18 03:12:41 PM","2012 May 01 12:00:00 AM","T8","Departure","International","4,997"
"2018 Apr 18 03:12:41 PM","2011 Oct 01 12:00:00 AM","T8","Departure","Domestic","143,616"
"2018 Apr 18 03:12:41 PM","2016 Sep 01 12:00:00 AM","T8","Departure","International","7,798"
"2018 Apr 18 03:12:41 PM","2017 Apr 01 12:00:00 AM","T8","Arrival","Domestic","156,029"
"2018 Apr 18 03:12:41 PM","2017 Aug 01 12:00:00 AM","T3","Arrival","Domestic","339,048"
"2018 Apr 18 03:12:41 PM","2009 Mar 01 12:00:00 AM","T5","Arrival","International","7,868"
"2018 Apr 18 03:12:41 PM","2010 Aug 01 12:00:00 AM","T3","Departure","International","61,693"
"2018 Apr 18 03:12:41 PM","2014 Oct 01 12:00:00 AM","T1","Departure","Domestic","347,209"
"2018 Jul 11 02:24:22 PM","2018 May 01 12:00:00 AM","T1","Departure","Domestic","414,965"
"2018 Apr 18 03:12:41 PM","2006 Apr 01 12:00:00 AM","T5","Arrival","Domestic","156,099"
"2018 Apr 18 03:12:41 PM","2012 Jul 01 12:00:00 AM","T3","Departure","Domestic","201,351"
"2018 Apr 18 03:12:41 PM","2006 Mar 01 12:00:00 AM","T7","Arrival","International","36,015"
"2018 Apr 18 03:12:41 PM","2014 Jan 01 12:00:00 AM","T7","Departure","International","40,968"
"2019 Jun 24 01:17:06 PM","2019 May 01 12:00:00 AM","T6","Arrival","Domestic","244,105"
"2018 Apr 18 03:12:41 PM","2012 Oct 01 12:00:00 AM","T4","Arrival","Domestic","431,072"
"2018 Apr 18 03:12:41 PM","2014 May 01 12:00:00 AM","T6","Departure","International","79,132"
"2020 Feb 28 08:21:30 AM","2020 Jan 01 12:00:00 AM","T4","Departure","Domestic","363,367"
"2018 Apr 18 03:12:41 PM","2013 Jul 01 12:00:00 AM","Miscellaneous Terminal","Departure","Domestic","86,452"
"2018 Apr 18 03:12:41 PM","2007 Nov 01 12:00:00 AM","T1","Departure","Domestic","397,301"
"2018 Apr 18 03:12:41 PM","2006 Aug 01 12:00:00 AM","T7","Arrival","Domestic","297,564"
"2021 Jan 10 06:01:37 AM","2020 Dec 01 12:00:00 AM","T7","Arrival","Domestic","116,740"
"2018 Apr 18 03:12:41 PM","2008 Feb 01 12:00:00 AM","Imperial Terminal","Departure","Domestic","33"
"2018 Apr 18 03:12:41 PM","2008 Feb 01 12:00:00 AM","TBIT","Arrival","International","337,764"
"2018 Apr 18 03:12:41 PM","2015 Feb 01 12:00:00 AM","T2","Arrival","International","137,465"
"2018 Apr 18 03:12:41 PM","2012 Jan 01 12:00:00 AM","T7","Departure","International","32,135"
"2018 Apr 18 03:12:41 PM","2010 Jun 01 12:00:00 AM","T4","Arrival","Domestic","396,418"
"2018 Apr 18 03:12:41 PM","2013 Oct 01 12:00:00 AM","T2","Arrival","International","189,822"
"2018 Aug 21 11:02:45 AM","2018 Jul 01 12:00:00 AM","T6","Arrival","Domestic","281,527"
"2018 Apr 18 03:12:41 PM","2011 Feb 01 12:00:00 AM","Miscellaneous Terminal","Departure","Domestic","20"
"2018 Apr 18 03:12:41 PM","2008 Apr 01 12:00:00 AM","Imperial Terminal","Departure","Domestic","143"
"2019 Apr 29 01:10:30 PM","2019 Mar 01 12:00:00 AM","T1","Departure","Domestic","425,854"
"2020 Jan 22 06:57:11 AM","2019 Dec 01 12:00:00 AM","Miscellaneous Terminal","Arrival","Domestic","122,887"
"2019 Mar 01 11:09:59 AM","2019 Jan 01 12:00:00 AM","T2","Arrival","International","76,661"
"2018 Apr 18 03:12:41 PM","2016 Apr 01 12:00:00 AM","T4","Arrival","International","20,911"
"2018 Dec 26 06:52:40 AM","2018 Nov 01 12:00:00 AM","T8","Departure","International","7,797"
"2018 Apr 18 03:12:41 PM","2011 Sep 01 12:00:00 AM","T8","Departure","International","7,941"
"2020 Apr 08 09:58:08 AM","2020 Feb 01 12:00:00 AM","T5","Arrival","Domestic","307,828"
"2018 Apr 18 03:12:41 PM","2006 Aug 01 12:00:00 AM","TBIT","Arrival","Domestic","2,560"
"2018 Apr 18 03:12:41 PM","2008 May 01 12:00:00 AM","T6","Arrival","Domestic","235,748"
"2018 Apr 18 03:12:41 PM","2011 Aug 01 12:00:00 AM","T4","Departure","International","43,582"
"2018 Apr 18 03:12:41 PM","2010 Nov 01 12:00:00 AM","Miscellaneous Terminal","Arrival","International","7"
"2018 May 23 07:44:39 AM","2018 Apr 01 12:00:00 AM","T4","Departure","International","63,694"
"2019 Aug 23 03:41:00 PM","2019 Jul 01 12:00:00 AM","T8","Arrival","Domestic","167,974"
"2018 Apr 18 03:12:41 PM","2013 May 01 12:00:00 AM","T6","Arrival","International","48,809"
"2018 Apr 18 03:12:41 PM","2013 May 01 12:00:00 AM","T2","Departure","Domestic","32,629"
"2018 Aug 21 11:02:45 AM","2018 Jul 01 12:00:00 AM","T7","Departure","International","60,226"
"2018 Apr 18 03:12:41 PM","2007 Dec 01 12:00:00 AM","TBIT","Departure","International","369,683"
"2018 Apr 18 03:12:41 PM","2013 Dec 01 12:00:00 AM","T8","Departure","Domestic","127,353"
"2019 Jun 24 01:17:06 PM","2019 May 01 12:00:00 AM","T3","Departure","International","52,820"
"2018 Apr 18 03:12:41 PM","2006 Mar 01 12:00:00 AM","T6","Arrival","Domestic","211,470"
"2018 Apr 18 03:12:41 PM","2012 Apr 01 12:00:00 AM","T8","Arrival","Domestic","143,662"
"2018 Apr 18 03:12:41 PM","2008 Nov 01 12:00:00 AM","TBIT","Arrival","International","353,237"
"2018 Apr 18 03:12:41 PM","2013 Jun 01 12:00:00 AM","T6","Departure","International","72,383"
"2018 Apr 18 03:12:41 PM","2008 Mar 01 12:00:00 AM","T3","Departure","International","61,556"
"2018 Apr 18 03:12:41 PM","2011 May 01 12:00:00 AM","T5","Arrival","International","3,724"
"2018 Apr 18 03:12:41 PM","2007 May 01 12:00:00 AM","T3","Departure","Domestic","181,092"
"2018 Apr 18 03:12:41 PM","2017 Aug 01 12:00:00 AM","TBIT","Departure","International","756,293"
"2018 Apr 18 03:12:41 PM","2012 Sep 01 12:00:00 AM","Miscellaneous Terminal","Arrival","Domestic","153"
"2018 Apr 18 03:12:41 PM","2007 Jul 01 12:00:00 AM","T6","Departure","International","8,590"
"2020 Aug 27 07:15:54 AM","2020 Jul 01 12:00:00 AM","TBIT","Departure","Domestic","3,164"
"2019 Jul 10 06:01:27 AM","2019 Jun 01 12:00:00 AM","T3","Arrival","International","32,564"
"2018 Apr 18 03:12:41 PM","2015 Feb 01 12:00:00 AM","T4","Arrival","Domestic","298,877"
"2018 Apr 18 03:12:41 PM","2014 Oct 01 12:00:00 AM","T3","Arrival","Domestic","326,752"
"2018 Apr 18 03:12:41 PM","2014 Dec 01 12:00:00 AM","T5","Arrival","International","63,535"
"2018 Oct 29 10:20:51 AM","2018 Apr 01 12:00:00 AM","T2","Arrival","International","105,009"
"2018 Apr 18 03:12:41 PM","2012 Sep 01 12:00:00 AM","T7","Arrival","International","63,326"
"2018 Apr 18 03:12:41 PM","2018 Jan 01 12:00:00 AM","T5","Departure","Domestic","354,639"
"2018 Apr 18 03:12:41 PM","2012 Jan 01 12:00:00 AM","T8","Departure","International","8,449"
"2018 Apr 18 03:12:41 PM","2015 Jul 01 12:00:00 AM","T5","Departure","Domestic","413,813"
"2018 Apr 18 03:12:41 PM","2014 Apr 01 12:00:00 AM","T8","Arrival","International","3,565"
"2018 Apr 18 03:12:41 PM","2014 Aug 01 12:00:00 AM","T1","Arrival","Domestic","371,189"
"2021 Mar 03 10:48:12 AM","2021 Jan 01 12:00:00 AM","T4","Departure","Domestic","113,067"
"2021 Mar 03 10:48:12 AM","2021 Jan 01 12:00:00 AM","Miscellaneous Terminal","Arrival","Domestic","2,953"
"2021 Mar 03 10:48:12 AM","2021 Jan 01 12:00:00 AM","Miscellaneous Terminal","Departure","Domestic","3,212"
"2018 Apr 18 03:12:41 PM","2013 May 01 12:00:00 AM","T6","Departure","Domestic","287,854"
"2018 Nov 25 11:40:39 AM","2018 Oct 01 12:00:00 AM","T5","Arrival","International","12,226"
"2018 Aug 10 06:01:24 AM","2018 Jun 01 12:00:00 AM","Miscellaneous Terminal","Arrival","International","5,887"
"2018 Apr 18 03:12:41 PM","2007 Sep 01 12:00:00 AM","T8","Arrival","Domestic","103,489"
"2018 Apr 18 03:12:41 PM","2015 Jan 01 12:00:00 AM","T8","Departure","Domestic","123,058"
"2018 Apr 18 03:12:41 PM","2010 Jan 01 12:00:00 AM","T7","Arrival","Domestic","225,102"
"2018 Apr 18 03:12:41 PM","2015 Nov 01 12:00:00 AM","TBIT","Arrival","International","482,280"
"2018 Apr 18 03:12:41 PM","2016 Aug 01 12:00:00 AM","T6","Arrival","Domestic","364,016"
"2018 Apr 18 03:12:41 PM","2012 Nov 01 12:00:00 AM","T6","Departure","Domestic","259,507"
"2018 Apr 18 03:12:41 PM","2008 Sep 01 12:00:00 AM","T1","Arrival","Domestic","366,410"
"2018 Apr 18 03:12:41 PM","2010 Sep 01 12:00:00 AM","Miscellaneous Terminal","Departure","Domestic","120"
"2018 Apr 18 03:12:41 PM","2008 Aug 01 12:00:00 AM","TBIT","Departure","International","381,741"
"2018 Apr 18 03:12:41 PM","2012 Apr 01 12:00:00 AM","T5","Arrival","International","29,328"
"2018 Apr 18 03:12:41 PM","2007 Nov 01 12:00:00 AM","T7","Departure","International","39,996"
"2018 Apr 18 03:12:41 PM","2006 Jan 01 12:00:00 AM","T1","Departure","International","561"
"2018 Apr 18 03:12:41 PM","2013 Oct 01 12:00:00 AM","T5","Departure","International","29,237"
"2020 Apr 29 07:14:24 AM","2020 Mar 01 12:00:00 AM","T7","Arrival","Domestic","157,890"
"2018 Apr 18 03:12:41 PM","2011 Oct 01 12:00:00 AM","T8","Arrival","Domestic","143,695"
"2019 Oct 10 06:01:25 AM","2019 Sep 01 12:00:00 AM","T8","Departure","International","4,615"
"2018 Apr 18 03:12:41 PM","2007 Nov 01 12:00:00 AM","T8","Arrival","International","3,110"
"2018 Apr 18 03:12:41 PM","2007 Jun 01 12:00:00 AM","T1","Departure","Domestic","472,675"
"2018 Apr 18 03:12:41 PM","2009 Sep 01 12:00:00 AM","T1","Arrival","Domestic","347,984"
"2018 Apr 18 03:12:41 PM","2008 Jun 01 12:00:00 AM","Imperial Terminal","Departure","Domestic","292"
"2020 Jan 22 06:57:11 AM","2019 Dec 01 12:00:00 AM","T4","Arrival","Domestic","426,571"
"2018 Apr 18 03:12:41 PM","2012 Nov 01 12:00:00 AM","TBIT","Arrival","Domestic","7,016"
"2018 Apr 18 03:12:41 PM","2017 Nov 01 12:00:00 AM","T4","Arrival","International","44,551"
"2018 Apr 18 03:12:41 PM","2012 Jan 01 12:00:00 AM","T7","Arrival","International","33,022"
"2018 Apr 18 03:12:41 PM","2011 Apr 01 12:00:00 AM","T5","Departure","International","21,501"
"2020 Jun 29 07:20:39 AM","2020 May 01 12:00:00 AM","TBIT","Departure","Domestic","1,304"
"2018 Apr 18 03:12:41 PM","2013 Feb 01 12:00:00 AM","T5","Departure","International","15,704"
"2018 Apr 18 03:12:41 PM","2014 Sep 01 12:00:00 AM","T4","Departure","Domestic","350,093"
"2018 Apr 18 03:12:41 PM","2012 Jun 01 12:00:00 AM","T1","Departure","Domestic","427,937"
"2018 Apr 18 03:12:41 PM","2015 Feb 01 12:00:00 AM","Miscellaneous Terminal","Arrival","Domestic","83,989"
"2018 May 23 07:44:39 AM","2018 Mar 01 12:00:00 AM","Miscellaneous Terminal","Departure","Domestic","118,142"
"2020 Sep 28 04:07:45 PM","2020 Aug 01 12:00:00 AM","Miscellaneous Terminal","Departure","Domestic","278"
"2019 Nov 10 06:01:31 AM","2019 Oct 01 12:00:00 AM","T1","Departure","Domestic","393,077"
"2018 Apr 18 03:12:41 PM","2013 Jun 01 12:00:00 AM","T5","Arrival","International","28,789"
"2018 Apr 18 03:12:41 PM","2015 Jan 01 12:00:00 AM","T7","Arrival","Domestic","298,378"
"2018 Apr 18 03:12:41 PM","2011 Aug 01 12:00:00 AM","T6","Arrival","International","8,183"
"2018 Oct 29 10:20:51 AM","2017 Jan 01 12:00:00 AM","T2","Arrival","International","219,531"
"2018 Apr 18 03:12:41 PM","2011 Jun 01 12:00:00 AM","T5","Arrival","Domestic","263,352"
"2018 Apr 18 03:12:41 PM","2012 Oct 01 12:00:00 AM","T2","Departure","International","190,187"
"2018 Apr 18 03:12:41 PM","2006 Aug 01 12:00:00 AM","T2","Arrival","International","192,850"
"2018 Apr 18 03:12:41 PM","2007 May 01 12:00:00 AM","T6","Departure","International","3,590"
"2018 Apr 18 03:12:41 PM","2007 Jul 01 12:00:00 AM","T1","Departure","International","333"
"2018 Apr 18 03:12:41 PM","2014 Jan 01 12:00:00 AM","Miscellaneous Terminal","Departure","Domestic","78,873"
"2018 Apr 18 03:12:41 PM","2014 Nov 01 12:00:00 AM","T3","Arrival","Domestic","228,992"
"2018 Apr 18 03:12:41 PM","2006 May 01 12:00:00 AM","T4","Departure","International","49,805"
"2018 Apr 18 03:12:41 PM","2008 Aug 01 12:00:00 AM","T5","Departure","International","42,209"
"2021 Jan 10 06:01:37 AM","2020 Nov 01 12:00:00 AM","T8","Departure","International","2,535"
"2018 Apr 18 03:12:41 PM","2009 Mar 01 12:00:00 AM","T7","Arrival","International","18,090"
"2018 Apr 18 03:12:41 PM","2009 Jul 01 12:00:00 AM","T8","Departure","Domestic","116,749"
"2018 Apr 18 03:12:41 PM","2006 Mar 01 12:00:00 AM","T4","Departure","Domestic","413,534"
"2018 Oct 29 10:20:51 AM","2016 Oct 01 12:00:00 AM","T2","Arrival","International","198,128"
"2018 Apr 18 03:12:41 PM","2010 Sep 01 12:00:00 AM","T5","Arrival","International","15,450"
"2018 Apr 18 03:12:41 PM","2017 May 01 12:00:00 AM","T8","Departure","International","8,781"
"2018 Apr 18 03:12:41 PM","2016 Apr 01 12:00:00 AM","TBIT","Departure","International","473,113"
"2019 Aug 23 03:41:00 PM","2019 Jul 01 12:00:00 AM","T6","Departure","International","134,076"
"2018 Apr 18 03:12:41 PM","2010 Mar 01 12:00:00 AM","T5","Arrival","Domestic","237,382"
"2018 Apr 18 03:12:41 PM","2014 Oct 01 12:00:00 AM","T4","Arrival","International","7,582"
"2018 Apr 18 03:12:41 PM","2014 Jun 01 12:00:00 AM","T8","Arrival","Domestic","128,049"
"2018 Apr 18 03:12:41 PM","2012 Jan 01 12:00:00 AM","T8","Arrival","Domestic","138,519"
"2018 Apr 18 03:12:41 PM","2009 Dec 01 12:00:00 AM","TBIT","Arrival","Domestic","7,235"
"2018 Nov 10 06:01:27 AM","2018 Oct 01 12:00:00 AM","TBIT","Arrival","Domestic","6,368"
"2018 Apr 18 03:12:41 PM","2012 Dec 01 12:00:00 AM","T5","Departure","International","30,456"
"2018 Apr 18 03:12:41 PM","2006 Jan 01 12:00:00 AM","TBIT","Arrival","International","410,940"
"2018 Apr 18 03:12:41 PM","2014 Jan 01 12:00:00 AM","T3","Arrival","Domestic","209,391"
"2018 Apr 18 03:12:41 PM","2013 Jul 01 12:00:00 AM","T6","Departure","International","69,988"
"2018 Apr 18 03:12:41 PM","2014 Apr 01 12:00:00 AM","Miscellaneous Terminal","Departure","International","8"
"2018 Apr 18 03:12:41 PM","2013 Feb 01 12:00:00 AM","T6","Departure","Domestic","255,800"
"2018 Apr 18 03:12:41 PM","2013 Nov 01 12:00:00 AM","T3","Arrival","International","0"
"2018 Apr 18 03:12:41 PM","2015 Nov 01 12:00:00 AM","T7","Arrival","International","68,324"
"2019 May 28 06:24:45 AM","2019 Apr 01 12:00:00 AM","T6","Arrival","Domestic","238,217"
"2018 Apr 18 03:12:41 PM","2017 Aug 01 12:00:00 AM","T1","Arrival","Domestic","406,204"
"2021 Mar 03 10:48:12 AM","2021 Jan 01 12:00:00 AM","T2","Departure","Domestic","183,561"
"2020 Jun 29 07:20:39 AM","2020 May 01 12:00:00 AM","T4","Departure","International","594"
"2018 Apr 18 03:12:41 PM","2015 Aug 01 12:00:00 AM","Miscellaneous Terminal","Departure","Domestic","100,715"
"2018 Apr 18 03:12:41 PM","2018 Feb 01 12:00:00 AM","T7","Arrival","International","59,071"
"2019 Oct 10 06:01:25 AM","2019 Sep 01 12:00:00 AM","T7","Departure","Domestic","326,742"
"2018 Apr 18 03:12:41 PM","2017 Dec 01 12:00:00 AM","T4","Arrival","International","48,278"
"2018 Apr 18 03:12:41 PM","2011 Aug 01 12:00:00 AM","T2","Departure","Domestic","29,875"
"2018 Apr 18 03:12:41 PM","2017 Jun 01 12:00:00 AM","T5","Arrival","International","8,467"
"2018 Apr 18 03:12:41 PM","2015 Oct 01 12:00:00 AM","T5","Arrival","International","59,460"
"2018 Apr 18 03:12:41 PM","2015 Dec 01 12:00:00 AM","TBIT","Arrival","International","529,494"
"2018 Apr 18 03:12:41 PM","2017 Aug 01 12:00:00 AM","T8","Arrival","International","6,854"
"2018 Apr 18 03:12:41 PM","2006 Oct 01 12:00:00 AM","T5","Arrival","International","20,845"
"2018 Apr 18 03:12:41 PM","2012 Dec 01 12:00:00 AM","T2","Departure","Domestic","31,177"
"2018 Apr 18 03:12:41 PM","2007 Mar 01 12:00:00 AM","Miscellaneous Terminal","Arrival","Domestic","792"
"2018 Apr 18 03:12:41 PM","2016 Oct 01 12:00:00 AM","T2","Departure","International","202,139"
"2018 Apr 18 03:12:41 PM","2008 May 01 12:00:00 AM","TBIT","Departure","International","382,492"
"2018 Apr 18 03:12:41 PM","2010 Feb 01 12:00:00 AM","T2","Arrival","Domestic","10,830"
"2020 Jul 10 06:01:26 AM","2020 Jun 01 12:00:00 AM","T7","Departure","International","390"
"2018 Apr 18 03:12:41 PM","2016 Jun 01 12:00:00 AM","T8","Departure","Domestic","195,645"
"2018 Apr 18 03:12:41 PM","2011 Oct 01 12:00:00 AM","T1","Arrival","Domestic","380,670"
"2018 Apr 18 03:12:41 PM","2007 Sep 01 12:00:00 AM","Imperial Terminal","Departure","Domestic","47"
"2018 Apr 18 03:12:41 PM","2017 Jan 01 12:00:00 AM","TBIT","Departure","Domestic","28,558"
"2018 Apr 18 03:12:41 PM","2008 Jul 01 12:00:00 AM","T7","Departure","Domestic","279,060"
"2020 Jan 02 10:43:42 AM","2019 Nov 01 12:00:00 AM","T3","Departure","Domestic","242,408"
"2018 Apr 18 03:12:41 PM","2017 Dec 01 12:00:00 AM","T6","Arrival","Domestic","266,711"
"2018 Apr 18 03:12:41 PM","2011 May 01 12:00:00 AM","T3","Arrival","Domestic","235,356"
"2020 Jan 10 06:01:24 AM","2019 Dec 01 12:00:00 AM","T8","Arrival","International","2,104"
"2018 Apr 18 03:12:41 PM","2012 Mar 01 12:00:00 AM","T2","Departure","International","189,425"
"2019 Sep 10 06:01:34 AM","2019 Aug 01 12:00:00 AM","T1","Departure","Domestic","400,349"
"2018 Apr 18 03:12:41 PM","2010 Jun 01 12:00:00 AM","T2","Departure","Domestic","22,385"
"2018 Apr 18 03:12:41 PM","2017 Sep 01 12:00:00 AM","T7","Arrival","Domestic","283,499"
"2018 Apr 18 03:12:41 PM","2008 Oct 01 12:00:00 AM","TBIT","Departure","International","343,448"
"2018 Apr 18 03:12:41 PM","2015 Oct 01 12:00:00 AM","T8","Departure","Domestic","192,558"
"2018 Apr 18 03:12:41 PM","2018 Jan 01 12:00:00 AM","T3","Departure","Domestic","254,019"
"2019 Sep 10 06:01:34 AM","2019 Aug 01 12:00:00 AM","T8","Departure","Domestic","153,777"
"2018 Apr 18 03:12:41 PM","2007 Mar 01 12:00:00 AM","T1","Arrival","Domestic","429,669"
"2018 Apr 18 03:12:41 PM","2014 Aug 01 12:00:00 AM","T5","Arrival","Domestic","381,757"
"2018 Apr 18 03:12:41 PM","2012 Dec 01 12:00:00 AM","Imperial Terminal","Arrival","Domestic","159"
"2018 Apr 18 03:12:41 PM","2013 Oct 01 12:00:00 AM","T7","Departure","International","40,280"
"2018 Apr 18 03:12:41 PM","2007 Mar 01 12:00:00 AM","T3","Departure","Domestic","162,928"
"2020 Oct 27 08:53:01 AM","2020 Sep 01 12:00:00 AM","T5","Departure","Domestic","132,960"
"2018 Apr 18 03:12:41 PM","2014 Jun 01 12:00:00 AM","T4","Departure","Domestic","383,371"
"2018 Apr 18 03:12:41 PM","2015 Dec 01 12:00:00 AM","T4","Departure","International","49,518"
"2018 Apr 18 03:12:41 PM","2013 Jun 01 12:00:00 AM","T2","Arrival","International","206,400"
"2018 Apr 18 03:12:41 PM","2016 Oct 01 12:00:00 AM","T4","Arrival","International","25,626"
"2018 Apr 18 03:12:41 PM","2007 Oct 01 12:00:00 AM","T4","Arrival","Domestic","412,089"
"2018 Apr 18 03:12:41 PM","2010 Jun 01 12:00:00 AM","T7","Arrival","Domestic","252,902"
"2018 Apr 18 03:12:41 PM","2008 Dec 01 12:00:00 AM","T3","Departure","International","52,469"
"2018 Apr 18 03:12:41 PM","2011 Mar 01 12:00:00 AM","T4","Departure","Domestic","369,370"
"2018 Apr 18 03:12:41 PM","2017 Nov 01 12:00:00 AM","T2","Departure","Domestic","239,806"
"2018 Apr 18 03:12:41 PM","2017 Dec 01 12:00:00 AM","Miscellaneous Terminal","Arrival","International","4,201"
"2018 Apr 18 03:12:41 PM","2018 Mar 01 12:00:00 AM","T8","Arrival","International","5,230"
"2020 Apr 08 09:58:08 AM","2020 Feb 01 12:00:00 AM","T4","Departure","International","50,365"
"2018 Apr 18 03:12:41 PM","2016 Oct 01 12:00:00 AM","T8","Arrival","Domestic","157,463"
"2018 Apr 18 03:12:41 PM","2014 Jun 01 12:00:00 AM","T8","Departure","Domestic","124,454"
"2018 Apr 18 03:12:41 PM","2009 Dec 01 12:00:00 AM","T7","Departure","International","26,613"
"2018 Apr 18 03:12:41 PM","2014 Aug 01 12:00:00 AM","T6","Departure","International","77,235"
"2018 Apr 18 03:12:41 PM","2015 Jul 01 12:00:00 AM","T6","Arrival","International","1,990"
"2019 Sep 27 07:57:24 AM","2019 Aug 01 12:00:00 AM","T2","Departure","Domestic","342,864"
"2018 Apr 18 03:12:41 PM","2011 Nov 01 12:00:00 AM","T6","Departure","International","19,381"
"2018 Apr 18 03:12:41 PM","2008 Dec 01 12:00:00 AM","T8","Arrival","Domestic","98,255"
"2018 Apr 18 03:12:41 PM","2014 Aug 01 12:00:00 AM","TBIT","Departure","Domestic","9,389"
"2018 Apr 18 03:12:41 PM","2017 Nov 01 12:00:00 AM","T1","Departure","Domestic","411,376"
"2018 Apr 18 03:12:41 PM","2012 Mar 01 12:00:00 AM","T2","Arrival","International","188,183"
"2018 Apr 18 03:12:41 PM","2007 Jun 01 12:00:00 AM","T3","Arrival","International","20,663"
"2018 Apr 18 03:12:41 PM","2014 Mar 01 12:00:00 AM","T8","Departure","Domestic","111,309"
"2019 Jul 10 06:01:27 AM","2019 Jun 01 12:00:00 AM","T8","Arrival","International","1,785"
"2018 Apr 18 03:12:41 PM","2007 Nov 01 12:00:00 AM","T5","Arrival","Domestic","204,714"
"2018 Apr 18 03:12:41 PM","2017 Feb 01 12:00:00 AM","T5","Arrival","Domestic","338,872"
"2018 Apr 18 03:12:41 PM","2010 Dec 01 12:00:00 AM","T1","Departure","Domestic","377,784"
"2018 Apr 18 03:12:41 PM","2016 Jun 01 12:00:00 AM","T5","Departure","Domestic","453,595"
"2018 Nov 25 11:40:39 AM","2018 Oct 01 12:00:00 AM","TBIT","Departure","Domestic","21,810"
"2021 Jan 10 06:01:37 AM","2020 Nov 01 12:00:00 AM","T5","Departure","Domestic","193,139"
"2018 Apr 18 03:12:41 PM","2006 Nov 01 12:00:00 AM","T6","Departure","Domestic","221,306"
"2020 Jun 01 07:57:59 AM","2020 Apr 01 12:00:00 AM","TBIT","Departure","International","31,565"
"2018 Apr 18 03:12:41 PM","2015 Jan 01 12:00:00 AM","T7","Arrival","International","73,090"
"2018 Apr 18 03:12:41 PM","2009 Nov 01 12:00:00 AM","T4","Departure","International","36,677"
"2018 Apr 18 03:12:41 PM","2012 Oct 01 12:00:00 AM","TBIT","Arrival","International","364,573"
"2018 May 10 07:49:00 AM","2018 Apr 01 12:00:00 AM","T7","Arrival","Domestic","326,230"
"2018 Apr 18 03:12:41 PM","2016 Nov 01 12:00:00 AM","T4","Arrival","International","25,285"
"2020 Feb 28 08:21:30 AM","2020 Jan 01 12:00:00 AM","T3","Departure","International","42,358"
"2018 Sep 26 09:27:08 AM","2018 Aug 01 12:00:00 AM","TBIT","Departure","Domestic","20,482"
"2018 Oct 29 10:20:51 AM","2017 Apr 01 12:00:00 AM","TBIT","Arrival","International","610,311"
"2018 Aug 21 11:02:45 AM","2018 Jul 01 12:00:00 AM","T6","Departure","Domestic","278,438"
"2018 Apr 18 03:12:41 PM","2010 Mar 01 12:00:00 AM","T4","Departure","Domestic","379,258"
"2019 Jun 10 06:01:29 AM","2019 May 01 12:00:00 AM","T1","Departure","International","9,037"
"2018 Apr 18 03:12:41 PM","2006 Aug 01 12:00:00 AM","T7","Departure","Domestic","301,232"
"2018 Apr 18 03:12:41 PM","2016 Dec 01 12:00:00 AM","T6","Departure","International","69,330"
"2020 Sep 28 04:07:45 PM","2020 Aug 01 12:00:00 AM","T3","Departure","Domestic","20,532"
"2018 Apr 18 03:12:41 PM","2006 May 01 12:00:00 AM","T1","Arrival","Domestic","449,152"
"2019 Nov 10 06:01:31 AM","2019 Sep 01 12:00:00 AM","T5","Departure","International","267"
"2021 Jan 10 06:01:37 AM","2020 Dec 01 12:00:00 AM","T7","Arrival","International","29,651"
"2018 Apr 18 03:12:41 PM","2017 Sep 01 12:00:00 AM","T3","Arrival","International","3,918"
"2018 Apr 18 03:12:41 PM","2015 Dec 01 12:00:00 AM","T3","Departure","Domestic","301,190"
"2018 Apr 18 03:12:41 PM","2013 Oct 01 12:00:00 AM","T5","Arrival","Domestic","296,165"
"2018 Apr 18 03:12:41 PM","2014 Feb 01 12:00:00 AM","Miscellaneous Terminal","Arrival","Domestic","72,728"
"2018 Apr 18 03:12:41 PM","2016 Sep 01 12:00:00 AM","T8","Departure","Domestic","153,673"
"2019 May 28 06:24:45 AM","2019 Apr 01 12:00:00 AM","TBIT","Arrival","International","758,872"
"2020 Oct 10 06:01:21 AM","2020 Sep 01 12:00:00 AM","T1","Departure","Domestic","111,543"
"2018 Apr 18 03:12:41 PM","2007 Jun 01 12:00:00 AM","Miscellaneous Terminal","Arrival","International","5"
"2018 Apr 18 03:12:41 PM","2007 Feb 01 12:00:00 AM","T3","Departure","Domestic","125,711"
"2018 Apr 18 03:12:41 PM","2009 Jun 01 12:00:00 AM","TBIT","Arrival","Domestic","6,046"
"2019 Jul 10 06:01:27 AM","2019 Jun 01 12:00:00 AM","T1","Departure","Domestic","408,908"
"2018 Apr 18 03:12:41 PM","2013 Jan 01 12:00:00 AM","T1","Departure","Domestic","351,079"
"2018 Apr 18 03:12:41 PM","2017 May 01 12:00:00 AM","T8","Arrival","Domestic","168,348"
"2018 Apr 18 03:12:41 PM","2013 May 01 12:00:00 AM","T4","Arrival","International","4,295"
"2018 Apr 18 03:12:41 PM","2012 Jun 01 12:00:00 AM","T7","Departure","International","35,267"
"2019 Sep 27 07:57:24 AM","2019 Aug 01 12:00:00 AM","Miscellaneous Terminal","Arrival","International","7,437"
"2018 Apr 18 03:12:41 PM","2010 Feb 01 12:00:00 AM","Miscellaneous Terminal","Departure","International","4"
"2020 Apr 29 07:14:24 AM","2020 Mar 01 12:00:00 AM","T7","Arrival","International","40,047"
"2018 Nov 10 06:01:27 AM","2018 Sep 01 12:00:00 AM","TBIT","Departure","International","679,595"
"2018 Apr 18 03:12:41 PM","2014 Aug 01 12:00:00 AM","Miscellaneous Terminal","Arrival","International","16"
"2018 Apr 18 03:12:41 PM","2010 Dec 01 12:00:00 AM","T7","Arrival","International","33,033"
"2018 Apr 18 03:12:41 PM","2010 Dec 01 12:00:00 AM","T3","Departure","International","71,065"
"2018 Apr 18 03:12:41 PM","2006 Aug 01 12:00:00 AM","T6","Departure","Domestic","264,371"
"2018 Apr 18 03:12:41 PM","2017 Oct 01 12:00:00 AM","T4","Arrival","Domestic","372,938"
"2018 Apr 18 03:12:41 PM","2016 May 01 12:00:00 AM","T7","Departure","Domestic","283,338"
"2018 Apr 18 03:12:41 PM","2013 Jan 01 12:00:00 AM","T8","Departure","International","2,949"
"2018 Apr 18 03:12:41 PM","2011 Feb 01 12:00:00 AM","T7","Departure","Domestic","197,717"
"2018 Apr 18 03:12:41 PM","2017 Apr 01 12:00:00 AM","Miscellaneous Terminal","Arrival","Domestic","111,940"
"2018 Apr 18 03:12:41 PM","2009 Oct 01 12:00:00 AM","T5","Arrival","Domestic","226,610"
"2018 Apr 18 03:12:41 PM","2014 Jul 01 12:00:00 AM","T8","Departure","Domestic","125,975"
"2019 Jul 10 06:01:27 AM","2019 May 01 12:00:00 AM","Miscellaneous Terminal","Departure","International","6,749"
"2018 Apr 18 03:12:41 PM","2013 Apr 01 12:00:00 AM","T2","Arrival","Domestic","28,395"
"2019 Nov 10 06:01:31 AM","2019 Sep 01 12:00:00 AM","T5","Arrival","Domestic","399,610"
"2018 Apr 18 03:12:41 PM","2010 May 01 12:00:00 AM","TBIT","Departure","International","341,287"
"2019 May 28 06:24:45 AM","2019 Apr 01 12:00:00 AM","T6","Departure","International","99,731"
"2018 Apr 18 03:12:41 PM","2016 Nov 01 12:00:00 AM","T6","Arrival","International","9,673"
"2018 Apr 18 03:12:41 PM","2012 Jul 01 12:00:00 AM","T7","Departure","International","35,771"
"2018 Apr 18 03:12:41 PM","2008 May 01 12:00:00 AM","T6","Departure","International","4,109"
"2018 Apr 18 03:12:41 PM","2010 Mar 01 12:00:00 AM","T4","Departure","International","35,189"
"2018 Apr 18 03:12:41 PM","2016 Feb 01 12:00:00 AM","TBIT","Arrival","International","414,609"
"2018 Apr 18 03:12:41 PM","2008 Jul 01 12:00:00 AM","Imperial Terminal","Departure","Domestic","345"
"2018 Apr 18 03:12:41 PM","2014 Apr 01 12:00:00 AM","T6","Departure","International","77,901"
"2018 Apr 18 03:12:41 PM","2011 Aug 01 12:00:00 AM","T8","Departure","International","13,623"
"2018 Apr 18 03:12:41 PM","2010 Feb 01 12:00:00 AM","T7","Arrival","International","13,656"
"2019 Mar 14 06:45:08 AM","2019 Feb 01 12:00:00 AM","T8","Departure","Domestic","108,221"
"2018 Apr 18 03:12:41 PM","2015 Aug 01 12:00:00 AM","T2","Departure","International","200,684"
"2018 Apr 18 03:12:41 PM","2011 Jul 01 12:00:00 AM","T8","Departure","International","16,438"
"2018 Apr 18 03:12:41 PM","2010 Jun 01 12:00:00 AM","T6","Departure","International","5,385"
"2019 Apr 29 01:10:30 PM","2019 Jan 01 12:00:00 AM","T1","Arrival","Domestic","370,507"
"2019 Apr 29 01:10:30 PM","2019 Mar 01 12:00:00 AM","T6","Departure","Domestic","240,431"
"2018 Apr 18 03:12:41 PM","2009 Oct 01 12:00:00 AM","TBIT","Arrival","International","396,107"
"2018 Apr 18 03:12:41 PM","2011 Dec 01 12:00:00 AM","T7","Departure","Domestic","215,731"
"2018 Apr 18 03:12:41 PM","2009 Jul 01 12:00:00 AM","T1","Arrival","Domestic","403,449"
"2018 Apr 18 03:12:41 PM","2011 Mar 01 12:00:00 AM","T7","Departure","International","26,524"
"2018 Apr 18 03:12:41 PM","2017 May 01 12:00:00 AM","T6","Departure","International","70,107"
"2018 Apr 18 03:12:41 PM","2014 Jan 01 12:00:00 AM","T6","Departure","Domestic","244,322"
"2019 Nov 14 03:00:43 PM","2019 Oct 01 12:00:00 AM","T4","Departure","International","77,479"
"2018 Apr 18 03:12:41 PM","2009 Mar 01 12:00:00 AM","T8","Arrival","Domestic","105,202"
"2018 Apr 18 03:12:41 PM","2008 Mar 01 12:00:00 AM","T6","Arrival","International","404"
"2018 Apr 18 03:12:41 PM","2009 Aug 01 12:00:00 AM","T2","Arrival","Domestic","26,553"
"2018 Apr 18 03:12:41 PM","2010 Dec 01 12:00:00 AM","T8","Arrival","International","3,344"
"2018 Apr 18 03:12:41 PM","2008 Jun 01 12:00:00 AM","T7","Arrival","Domestic","263,479"
"2018 Apr 18 03:12:41 PM","2011 Apr 01 12:00:00 AM","T4","Arrival","Domestic","406,518"
"2018 Apr 18 03:12:41 PM","2010 Aug 01 12:00:00 AM","T7","Arrival","Domestic","269,570"
"2018 Apr 18 03:12:41 PM","2015 Sep 01 12:00:00 AM","T1","Departure","Domestic","319,780"
"2018 Apr 18 03:12:41 PM","2008 Oct 01 12:00:00 AM","T4","Arrival","International","30,893"
"2018 Apr 18 03:12:41 PM","2017 Feb 01 12:00:00 AM","T4","Arrival","International","37,840"
"2018 Aug 21 11:02:45 AM","2018 Jul 01 12:00:00 AM","T5","Arrival","Domestic","455,005"
"2018 Apr 18 03:12:41 PM","2014 Jun 01 12:00:00 AM","T5","Arrival","International","35,794"
"2018 Apr 18 03:12:41 PM","2008 May 01 12:00:00 AM","T2","Departure","International","161,984"
"2018 Apr 18 03:12:41 PM","2015 Aug 01 12:00:00 AM","T6","Departure","Domestic","355,257"
"2018 Apr 18 03:12:41 PM","2010 Dec 01 12:00:00 AM","T3","Departure","Domestic","209,449"
"2018 Dec 26 06:52:40 AM","2018 Nov 01 12:00:00 AM","T3","Departure","Domestic","286,606"
"2018 Apr 18 03:12:41 PM","2008 Oct 01 12:00:00 AM","T8","Arrival","Domestic","105,202"
"2018 Apr 18 03:12:41 PM","2012 Oct 01 12:00:00 AM","T1","Departure","Domestic","398,069"
"2018 Apr 18 03:12:41 PM","2013 Sep 01 12:00:00 AM","T2","Arrival","Domestic","31,474"
"2018 Apr 18 03:12:41 PM","2006 Jan 01 12:00:00 AM","Imperial Terminal","Departure","Domestic","498"
"2018 Apr 18 03:12:41 PM","2006 Apr 01 12:00:00 AM","T7","Departure","Domestic","270,784"
"2018 Apr 18 03:12:41 PM","2012 Jun 01 12:00:00 AM","Miscellaneous Terminal","Arrival","International","10"
"2018 Apr 18 03:12:41 PM","2014 Sep 01 12:00:00 AM","T4","Arrival","Domestic","345,277"
"2018 Apr 18 03:12:41 PM","2008 Apr 01 12:00:00 AM","T6","Departure","Domestic","223,628"
"2018 Sep 26 09:27:08 AM","2018 Aug 01 12:00:00 AM","Miscellaneous Terminal","Departure","International","6,407"
"2018 Apr 18 03:12:41 PM","2007 Jul 01 12:00:00 AM","T2","Departure","International","192,851"
"2018 Apr 18 03:12:41 PM","2017 Jul 01 12:00:00 AM","T8","Departure","Domestic","164,497"
"2018 Apr 18 03:12:41 PM","2015 Feb 01 12:00:00 AM","Miscellaneous Terminal","Departure","International","4,816"
"2018 Apr 18 03:12:41 PM","2015 Feb 01 12:00:00 AM","T4","Departure","International","27,871"
"2018 Apr 18 03:12:41 PM","2017 Aug 01 12:00:00 AM","T8","Arrival","Domestic","162,285"
"2018 Apr 18 03:12:41 PM","2016 Nov 01 12:00:00 AM","T5","Arrival","Domestic","382,598"
"2018 Apr 18 03:12:41 PM","2007 Jul 01 12:00:00 AM","T3","Departure","International","65,351"
"2018 Apr 18 03:12:41 PM","2014 Jun 01 12:00:00 AM","T6","Departure","Domestic","320,508"
"2018 Apr 18 03:12:41 PM","2015 Jul 01 12:00:00 AM","T7","Arrival","Domestic","322,519"
"2018 Apr 18 03:12:41 PM","2006 Sep 01 12:00:00 AM","T3","Arrival","Domestic","147,121"
"2020 Aug 27 07:15:54 AM","2020 Jul 01 12:00:00 AM","T4","Arrival","International","5,666"
"2018 Apr 18 03:12:41 PM","2012 Nov 01 12:00:00 AM","Miscellaneous Terminal","Departure","Domestic","27,735"
"2018 Apr 18 03:12:41 PM","2015 Sep 01 12:00:00 AM","TBIT","Arrival","International","575,086"
"2018 Apr 18 03:12:41 PM","2016 Aug 01 12:00:00 AM","T5","Departure","Domestic","430,149"
"2018 Apr 18 03:12:41 PM","2010 Mar 01 12:00:00 AM","T2","Departure","Domestic","13,171"
"2018 Apr 18 03:12:41 PM","2008 May 01 12:00:00 AM","T4","Arrival","Domestic","416,048"
"2018 Apr 18 03:12:41 PM","2017 Dec 01 12:00:00 AM","T5","Departure","International","4,562"
"2018 Apr 18 03:12:41 PM","2007 Aug 01 12:00:00 AM","T5","Arrival","Domestic","204,656"
"2019 Dec 10 06:01:20 AM","2019 Nov 01 12:00:00 AM","T6","Departure","Domestic","232,269"
"2018 Apr 18 03:12:41 PM","2013 Nov 01 12:00:00 AM","T6","Arrival","International","10,873"
"2018 Apr 18 03:12:41 PM","2016 Apr 01 12:00:00 AM","T4","Arrival","Domestic","335,417"
"2018 Apr 18 03:12:41 PM","2012 Jul 01 12:00:00 AM","T6","Arrival","International","28,932"
"2018 Apr 18 03:12:41 PM","2017 Jan 01 12:00:00 AM","T5","Departure","Domestic","382,753"
"2018 Apr 18 03:12:41 PM","2013 Jan 01 12:00:00 AM","T6","Arrival","Domestic","283,282"
"2018 Apr 18 03:12:41 PM","2017 Jan 01 12:00:00 AM","T6","Departure","International","58,596"
"2018 Apr 18 03:12:41 PM","2014 Jul 01 12:00:00 AM","T7","Departure","International","46,132"
"2018 Apr 18 03:12:41 PM","2008 Aug 01 12:00:00 AM","T6","Departure","Domestic","288,293"
"2018 Apr 18 03:12:41 PM","2016 Nov 01 12:00:00 AM","T6","Departure","Domestic","282,298"
"2018 Apr 18 03:12:41 PM","2011 Apr 01 12:00:00 AM","T3","Departure","International","78,685"
"2018 Dec 26 06:52:40 AM","2018 Nov 01 12:00:00 AM","T4","Departure","Domestic","341,838"
"2018 Apr 18 03:12:41 PM","2008 Jan 01 12:00:00 AM","T5","Arrival","Domestic","184,224"
"2018 May 23 07:44:39 AM","2018 Apr 01 12:00:00 AM","T2","Arrival","Domestic","179,906"
"2018 Jul 16 02:36:06 PM","2018 Jun 01 12:00:00 AM","T2","Departure","International","124,028"
"2018 Apr 18 03:12:41 PM","2008 Mar 01 12:00:00 AM","T6","Departure","International","4,585"
"2018 Apr 18 03:12:41 PM","2008 Dec 01 12:00:00 AM","T5","Departure","International","35,486"
"2018 Apr 18 03:12:41 PM","2009 Jan 01 12:00:00 AM","T5","Arrival","International","13,024"
"2018 Jul 11 02:24:22 PM","2018 Jun 01 12:00:00 AM","T7","Departure","Domestic","367,860"
"2018 Apr 18 03:12:41 PM","2006 Jun 01 12:00:00 AM","T5","Arrival","International","25,471"
"2021 Jan 10 06:01:37 AM","2020 Nov 01 12:00:00 AM","T8","Departure","Domestic","32,379"
"2018 Apr 18 03:12:41 PM","2010 Jul 01 12:00:00 AM","T1","Arrival","Domestic","405,635"
"2018 Apr 18 03:12:41 PM","2012 Mar 01 12:00:00 AM","T6","Departure","International","42,718"
"2018 Apr 18 03:12:41 PM","2012 Jan 01 12:00:00 AM","Imperial Terminal","Arrival","International","0"
"2018 Apr 18 03:12:41 PM","2016 May 01 12:00:00 AM","T4","Departure","International","46,220"
"2018 Apr 18 03:12:41 PM","2011 Apr 01 12:00:00 AM","T8","Arrival","International","3,360"
"2018 Apr 18 03:12:41 PM","2017 Sep 01 12:00:00 AM","T5","Arrival","International","11,391"
"2018 Apr 18 03:12:41 PM","2016 Dec 01 12:00:00 AM","TBIT","Departure","Domestic","32,307"
"2018 Apr 18 03:12:41 PM","2014 Dec 01 12:00:00 AM","T2","Departure","International","164,065"
"2018 Apr 18 03:12:41 PM","2013 Feb 01 12:00:00 AM","T5","Departure","Domestic","202,215"
"2018 Apr 18 03:12:41 PM","2018 Jan 01 12:00:00 AM","T7","Departure","International","45,513"
"2018 Apr 18 03:12:41 PM","2008 May 01 12:00:00 AM","T2","Departure","Domestic","104,286"
"2018 Apr 18 03:12:41 PM","2012 Jul 01 12:00:00 AM","Miscellaneous Terminal","Departure","International","49"
"2018 Apr 18 03:12:41 PM","2012 Apr 01 12:00:00 AM","T7","Arrival","Domestic","175,911"
"2018 Jul 11 02:24:22 PM","2018 May 01 12:00:00 AM","T5","Departure","International","1,187"
"2018 Apr 18 03:12:41 PM","2011 Apr 01 12:00:00 AM","T6","Departure","International","13,951"
"2018 Apr 18 03:12:41 PM","2013 Feb 01 12:00:00 AM","Miscellaneous Terminal","Departure","Domestic","66,501"
"2018 Apr 18 03:12:41 PM","2011 Mar 01 12:00:00 AM","T8","Departure","International","11,559"
"2018 Apr 18 03:12:41 PM","2015 Jan 01 12:00:00 AM","T4","Departure","International","31,025"
"2018 Apr 18 03:12:41 PM","2007 May 01 12:00:00 AM","T1","Departure","Domestic","433,354"
"2018 Apr 18 03:12:41 PM","2017 Oct 01 12:00:00 AM","T8","Departure","Domestic","133,292"
"2018 Apr 18 03:12:41 PM","2011 Jun 01 12:00:00 AM","T8","Arrival","Domestic","172,751"
"2018 Apr 18 03:12:41 PM","2012 Oct 01 12:00:00 AM","T8","Arrival","Domestic","126,864"
"2018 Apr 18 03:12:41 PM","2015 Nov 01 12:00:00 AM","T4","Arrival","Domestic","338,507"
"2018 Apr 18 03:12:41 PM","2017 Aug 01 12:00:00 AM","Miscellaneous Terminal","Departure","International","2,992"
"2018 Apr 18 03:12:41 PM","2008 Jun 01 12:00:00 AM","T3","Departure","Domestic","193,267"
"2018 Apr 18 03:12:41 PM","2015 Feb 01 12:00:00 AM","T8","Departure","Domestic","125,052"
"2018 Apr 18 03:12:41 PM","2014 Apr 01 12:00:00 AM","T1","Arrival","Domestic","325,368"
"2018 Apr 18 03:12:41 PM","2017 Nov 01 12:00:00 AM","T3","Arrival","International","3,127"
"2018 Apr 18 03:12:41 PM","2013 Jul 01 12:00:00 AM","T8","Arrival","Domestic","135,826"
"2018 Apr 18 03:12:41 PM","2016 Oct 01 12:00:00 AM","T1","Departure","Domestic","400,216"
"2018 Apr 18 03:12:41 PM","2017 Dec 01 12:00:00 AM","TBIT","Departure","Domestic","30,983"
"2018 Apr 18 03:12:41 PM","2017 Jan 01 12:00:00 AM","T1","Arrival","Domestic","357,760"
"2018 Apr 18 03:12:41 PM","2011 May 01 12:00:00 AM","T4","Arrival","International","17,112"
"2018 Apr 18 03:12:41 PM","2015 Sep 01 12:00:00 AM","T5","Arrival","Domestic","346,750"
"2018 Apr 18 03:12:41 PM","2007 Sep 01 12:00:00 AM","T4","Departure","International","45,962"
"2018 Apr 18 03:12:41 PM","2009 Nov 01 12:00:00 AM","T2","Arrival","Domestic","14,348"
"2018 Apr 18 03:12:41 PM","2010 Nov 01 12:00:00 AM","T8","Departure","International","7,803"
"2018 Apr 18 03:12:41 PM","2014 Jul 01 12:00:00 AM","T7","Arrival","International","93,114"
"2018 Apr 18 03:12:41 PM","2015 Dec 01 12:00:00 AM","T7","Departure","International","45,146"
"2018 Apr 18 03:12:41 PM","2012 Sep 01 12:00:00 AM","T8","Arrival","International","1,844"
"2018 Dec 26 06:52:40 AM","2018 Nov 01 12:00:00 AM","T6","Arrival","Domestic","242,146"
"2018 Apr 18 03:12:41 PM","2008 Oct 01 12:00:00 AM","T3","Departure","International","41,820"
"2018 Apr 18 03:12:41 PM","2017 May 01 12:00:00 AM","T4","Departure","International","81,960"
"2018 Apr 18 03:12:41 PM","2009 Apr 01 12:00:00 AM","T3","Arrival","Domestic","153,402"
"2020 Jan 10 06:01:24 AM","2019 Dec 01 12:00:00 AM","T3","Arrival","International","27,574"
"2018 Apr 18 03:12:41 PM","2015 Nov 01 12:00:00 AM","T4","Departure","International","46,067"
"2018 Apr 18 03:12:41 PM","2012 Jan 01 12:00:00 AM","T6","Departure","Domestic","188,501"
"2018 Apr 18 03:12:41 PM","2010 Jul 01 12:00:00 AM","TBIT","Arrival","International","491,300"
"2018 Apr 18 03:12:41 PM","2012 Nov 01 12:00:00 AM","T3","Departure","Domestic","168,837"
"2018 Apr 18 03:12:41 PM","2007 May 01 12:00:00 AM","T6","Departure","Domestic","221,291"
"2018 Apr 18 03:12:41 PM","2006 Aug 01 12:00:00 AM","TBIT","Departure","International","388,778"
"2018 Apr 18 03:12:41 PM","2014 Feb 01 12:00:00 AM","T3","Departure","Domestic","230,268"
"2018 Apr 18 03:12:41 PM","2013 Nov 01 12:00:00 AM","T7","Departure","International","38,336"
"2020 Apr 29 07:14:24 AM","2020 Mar 01 12:00:00 AM","T8","Departure","International","2,401"
"2018 Apr 18 03:12:41 PM","2009 Jan 01 12:00:00 AM","T3","Departure","Domestic","126,771"
"2019 Apr 02 02:27:54 PM","2018 Dec 01 12:00:00 AM","TBIT","Departure","International","714,518"
"2018 Apr 18 03:12:41 PM","2017 Aug 01 12:00:00 AM","Miscellaneous Terminal","Departure","Domestic","127,079"
"2019 Nov 10 06:01:31 AM","2019 Sep 01 12:00:00 AM","T3","Arrival","Domestic","275,833"
"2018 Apr 18 03:12:41 PM","2017 Mar 01 12:00:00 AM","T2","Departure","Domestic","37,503"
"2020 Jan 10 06:01:24 AM","2019 Dec 01 12:00:00 AM","T8","Departure","International","8,456"
"2018 Apr 18 03:12:41 PM","2018 Mar 01 12:00:00 AM","T7","Arrival","Domestic","348,330"
"2018 Apr 18 03:12:41 PM","2012 Nov 01 12:00:00 AM","T2","Departure","Domestic","27,889"
"2018 Apr 18 03:12:41 PM","2012 Sep 01 12:00:00 AM","TBIT","Arrival","International","394,858"
"2018 Apr 18 03:12:41 PM","2006 Feb 01 12:00:00 AM","Miscellaneous Terminal","Arrival","Domestic","214"
"2018 Apr 18 03:12:41 PM","2010 May 01 12:00:00 AM","TBIT","Arrival","Domestic","6,487"
"2018 Apr 18 03:12:41 PM","2009 Oct 01 12:00:00 AM","T4","Departure","International","46,145"
"2018 Apr 18 03:12:41 PM","2014 Sep 01 12:00:00 AM","T8","Departure","Domestic","102,967"
"2018 Apr 18 03:12:41 PM","2011 Jan 01 12:00:00 AM","T1","Departure","Domestic","350,613"
"2018 Apr 18 03:12:41 PM","2009 Mar 01 12:00:00 AM","T1","Departure","Domestic","387,933"
"2018 Apr 18 03:12:41 PM","2014 Apr 01 12:00:00 AM","T3","Departure","International","2,909"
"2018 Apr 18 03:12:41 PM","2011 Jun 01 12:00:00 AM","T8","Departure","Domestic","169,337"
"2018 Apr 18 03:12:41 PM","2009 Mar 01 12:00:00 AM","T4","Arrival","International","36,102"
"2018 May 23 07:44:39 AM","2018 Apr 01 12:00:00 AM","T5","Arrival","International","12,849"
"2018 Apr 18 03:12:41 PM","2012 Feb 01 12:00:00 AM","T2","Departure","International","167,288"
"2018 Apr 18 03:12:41 PM","2008 Jun 01 12:00:00 AM","T6","Departure","Domestic","256,078"
"2018 Apr 18 03:12:41 PM","2008 Jul 01 12:00:00 AM","T6","Arrival","Domestic","276,318"
"2020 Mar 10 06:01:27 AM","2020 Feb 01 12:00:00 AM","T1","Departure","Domestic","304,403"
"2018 Apr 18 03:12:41 PM","2009 Oct 01 12:00:00 AM","T4","Departure","Domestic","379,520"
"2018 Apr 18 03:12:41 PM","2006 Sep 01 12:00:00 AM","Miscellaneous Terminal","Departure","Domestic","152"
"2018 Oct 29 10:20:51 AM","2018 Sep 01 12:00:00 AM","T6","Departure","Domestic","232,402"
"2018 Apr 18 03:12:41 PM","2015 Feb 01 12:00:00 AM","T4","Arrival","International","5,904"
"2020 Jan 02 10:43:42 AM","2019 Nov 01 12:00:00 AM","T4","Arrival","Domestic","361,426"
"2018 Apr 18 03:12:41 PM","2016 Feb 01 12:00:00 AM","Miscellaneous Terminal","Departure","International","4,354"
"2019 Mar 14 06:45:08 AM","2019 Feb 01 12:00:00 AM","T4","Arrival","Domestic","324,402"
"2018 Apr 18 03:12:41 PM","2017 Mar 01 12:00:00 AM","Miscellaneous Terminal","Departure","Domestic","121,791"
"2018 Apr 18 03:12:41 PM","2010 Oct 01 12:00:00 AM","T2","Arrival","Domestic","20,197"
"2018 Apr 18 03:12:41 PM","2006 Feb 01 12:00:00 AM","T7","Departure","Domestic","224,219"
"2018 Apr 18 03:12:41 PM","2007 Sep 01 12:00:00 AM","T6","Arrival","International","1,193"
"2018 Apr 18 03:12:41 PM","2006 Apr 01 12:00:00 AM","T7","Departure","International","39,491"
"2018 Apr 18 03:12:41 PM","2015 Jul 01 12:00:00 AM","T4","Arrival","Domestic","396,657"
"2018 May 23 07:44:39 AM","2018 Apr 01 12:00:00 AM","TBIT","Departure","International","660,882"
"2020 Dec 07 01:58:36 PM","2020 Oct 01 12:00:00 AM","Miscellaneous Terminal","Arrival","Domestic","623"
"2018 Apr 18 03:12:41 PM","2010 Oct 01 12:00:00 AM","Imperial Terminal","Arrival","Domestic","56"
"2018 Apr 18 03:12:41 PM","2008 Oct 01 12:00:00 AM","T5","Departure","Domestic","161,437"
"2018 Apr 18 03:12:41 PM","2016 May 01 12:00:00 AM","T8","Departure","International","10,225"
"2021 Mar 10 06:01:08 AM","2021 Feb 01 12:00:00 AM","T2","Departure","International","10,263"
"2018 Apr 18 03:12:41 PM","2016 Sep 01 12:00:00 AM","T8","Arrival","International","3,975"
"2018 Apr 18 03:12:41 PM","2014 Oct 01 12:00:00 AM","TBIT","Arrival","International","448,937"
"2018 Apr 18 03:12:41 PM","2017 Nov 01 12:00:00 AM","T8","Arrival","Domestic","137,451"
"2018 Apr 18 03:12:41 PM","2016 Jun 01 12:00:00 AM","T2","Departure","International","227,323"
"2021 Feb 02 08:17:02 AM","2020 Dec 01 12:00:00 AM","TBIT","Arrival","Domestic","3,311"
"2019 Jul 10 06:01:27 AM","2019 Jun 01 12:00:00 AM","T7","Departure","Domestic","377,976"
"2018 Apr 18 03:12:41 PM","2007 Jan 01 12:00:00 AM","T8","Departure","Domestic","115,868"
"2018 Apr 18 03:12:41 PM","2007 Dec 01 12:00:00 AM","T7","Arrival","Domestic","234,885"
"2018 Apr 18 03:12:41 PM","2006 Apr 01 12:00:00 AM","T5","Arrival","International","28,977"
"2019 Jun 24 01:17:06 PM","2019 May 01 12:00:00 AM","T6","Departure","International","97,391"
"2018 Apr 18 03:12:41 PM","2014 Jan 01 12:00:00 AM","T2","Arrival","Domestic","29,548"
"2018 Apr 18 03:12:41 PM","2010 Nov 01 12:00:00 AM","T1","Arrival","Domestic","364,997"
"2018 Apr 18 03:12:41 PM","2012 Mar 01 12:00:00 AM","T8","Departure","Domestic","147,824"
"2018 Apr 18 03:12:41 PM","2015 Oct 01 12:00:00 AM","T6","Departure","Domestic","317,167"
"2018 Apr 18 03:12:41 PM","2008 Jul 01 12:00:00 AM","T6","Arrival","International","793"
"2018 Apr 18 03:12:41 PM","2007 Jun 01 12:00:00 AM","T6","Arrival","Domestic","241,311"
"2018 Apr 18 03:12:41 PM","2009 Jan 01 12:00:00 AM","TBIT","Arrival","Domestic","5,102"
"2019 Jun 24 01:17:06 PM","2019 May 01 12:00:00 AM","T5","Departure","Domestic","414,444"
"2018 Apr 18 03:12:41 PM","2013 Oct 01 12:00:00 AM","T1","Departure","Domestic","398,423"
"2018 Apr 18 03:12:41 PM","2006 Oct 01 12:00:00 AM","T7","Departure","Domestic","256,534"
"2018 Apr 18 03:12:41 PM","2014 Jun 01 12:00:00 AM","T6","Arrival","Domestic","362,338"
"2018 Apr 18 03:12:41 PM","2010 Jun 01 12:00:00 AM","T6","Arrival","Domestic","289,901"
"2018 Apr 18 03:12:41 PM","2007 Aug 01 12:00:00 AM","TBIT","Arrival","International","510,391"
"2018 Apr 18 03:12:41 PM","2013 Mar 01 12:00:00 AM","T8","Arrival","International","3,679"
"2018 Apr 18 03:12:41 PM","2006 Sep 01 12:00:00 AM","T2","Departure","International","160,693"
"2018 Apr 18 03:12:41 PM","2010 Jan 01 12:00:00 AM","T5","Departure","International","27,925"
"2018 Apr 18 03:12:41 PM","2013 Nov 01 12:00:00 AM","T1","Arrival","Domestic","381,828"
"2018 Apr 18 03:12:41 PM","2011 Feb 01 12:00:00 AM","Miscellaneous Terminal","Arrival","Domestic","169"
"2018 Apr 18 03:12:41 PM","2011 Feb 01 12:00:00 AM","T5","Arrival","Domestic","217,894"
"2018 Apr 18 03:12:41 PM","2015 Dec 01 12:00:00 AM","T8","Arrival","International","4,860"
"2018 Apr 18 03:12:41 PM","2006 Jun 01 12:00:00 AM","T8","Arrival","Domestic","118,608"
"2018 Apr 18 03:12:41 PM","2012 Nov 01 12:00:00 AM","T4","Departure","International","34,754"
"2018 Apr 18 03:12:41 PM","2011 Sep 01 12:00:00 AM","T8","Departure","Domestic","141,077"
"2018 Apr 18 03:12:41 PM","2013 Jul 01 12:00:00 AM","Miscellaneous Terminal","Arrival","Domestic","87,611"
"2018 Apr 18 03:12:41 PM","2017 Nov 01 12:00:00 AM","T6","Departure","Domestic","260,964"
"2018 Apr 18 03:12:41 PM","2015 Aug 01 12:00:00 AM","TBIT","Arrival","International","660,606"
"2018 Apr 18 03:12:41 PM","2015 Dec 01 12:00:00 AM","T4","Arrival","International","1,599"
"2018 Apr 18 03:12:41 PM","2017 May 01 12:00:00 AM","Miscellaneous Terminal","Arrival","International","2,530"
"2018 Apr 18 03:12:41 PM","2017 Apr 01 12:00:00 AM","T3","Departure","Domestic","360,126"
"2018 Apr 18 03:12:41 PM","2010 Mar 01 12:00:00 AM","Miscellaneous Terminal","Arrival","International","6"
"2020 Feb 28 08:21:30 AM","2020 Jan 01 12:00:00 AM","T7","Departure","Domestic","285,273"
"2018 Apr 18 03:12:41 PM","2006 Jan 01 12:00:00 AM","T2","Departure","Domestic","93,672"
"2018 Apr 18 03:12:41 PM","2007 Oct 01 12:00:00 AM","T3","Departure","Domestic","157,942"
"2018 Apr 18 03:12:41 PM","2012 Jul 01 12:00:00 AM","T2","Departure","International","237,563"
"2018 Apr 18 03:12:41 PM","2015 Oct 01 12:00:00 AM","T7","Arrival","International","59,420"
"2018 Apr 18 03:12:41 PM","2014 Jul 01 12:00:00 AM","T2","Arrival","Domestic","52,882"
"2018 Apr 18 03:12:41 PM","2017 Jan 01 12:00:00 AM","T4","Departure","International","60,776"
"2018 Apr 18 03:12:41 PM","2010 Apr 01 12:00:00 AM","T5","Arrival","Domestic","217,067"
"2018 Apr 18 03:12:41 PM","2008 Mar 01 12:00:00 AM","Miscellaneous Terminal","Arrival","Domestic","530"
"2018 Apr 18 03:12:41 PM","2011 Nov 01 12:00:00 AM","T4","Departure","International","36,212"
"2018 Apr 18 03:12:41 PM","2014 May 01 12:00:00 AM","Miscellaneous Terminal","Arrival","International","6"
"2018 Apr 18 03:12:41 PM","2007 Nov 01 12:00:00 AM","T6","Arrival","International","979"
"2018 Apr 18 03:12:41 PM","2013 Sep 01 12:00:00 AM","T8","Arrival","Domestic","108,331"
"2018 Apr 18 03:12:41 PM","2012 May 01 12:00:00 AM","T5","Arrival","International","23,614"
"2018 Apr 18 03:12:41 PM","2007 Aug 01 12:00:00 AM","T4","Departure","International","49,619"
"2018 Apr 18 03:12:41 PM","2010 Sep 01 12:00:00 AM","T3","Arrival","Domestic","159,848"
"2018 Apr 18 03:12:41 PM","2016 Jul 01 12:00:00 AM","T4","Arrival","International","35,800"
"2018 Dec 26 06:52:40 AM","2018 Nov 01 12:00:00 AM","TBIT","Departure","International","656,630"
"2018 Apr 18 03:12:41 PM","2014 May 01 12:00:00 AM","T3","Arrival","Domestic","332,717"
"2018 Apr 18 03:12:41 PM","2018 Jan 01 12:00:00 AM","T4","Arrival","Domestic","322,493"
"2018 Apr 18 03:12:41 PM","2011 Jul 01 12:00:00 AM","T6","Departure","International","17,996"
"2018 Oct 29 10:20:51 AM","2017 Apr 01 12:00:00 AM","T2","Arrival","International","220,069"
"2020 May 10 06:01:34 AM","2020 Apr 01 12:00:00 AM","T1","Arrival","Domestic","17,248"
"2018 Apr 18 03:12:41 PM","2012 Jan 01 12:00:00 AM","T2","Arrival","International","191,210"
"2018 Apr 18 03:12:41 PM","2015 Mar 01 12:00:00 AM","T2","Departure","International","164,853"
"2018 Apr 18 03:12:41 PM","2016 Mar 01 12:00:00 AM","T7","Arrival","International","72,112"
"2018 Apr 18 03:12:41 PM","2013 Dec 01 12:00:00 AM","T7","Arrival","International","83,225"
"2018 Apr 18 03:12:41 PM","2012 Sep 01 12:00:00 AM","T3","Arrival","Domestic","170,517"
"2018 Apr 18 03:12:41 PM","2011 Apr 01 12:00:00 AM","T5","Departure","Domestic","309,697"
"2018 Apr 18 03:12:41 PM","2013 Oct 01 12:00:00 AM","T2","Departure","International","202,547"
"2020 Jan 22 06:57:11 AM","2019 Dec 01 12:00:00 AM","Miscellaneous Terminal","Arrival","International","5,241"
"2018 Apr 18 03:12:41 PM","2012 Aug 01 12:00:00 AM","TBIT","Departure","Domestic","9,258"
"2020 Aug 10 06:01:25 AM","2020 Jul 01 12:00:00 AM","T2","Arrival","Domestic","108,876"
"2018 Apr 18 03:12:41 PM","2006 Mar 01 12:00:00 AM","T6","Arrival","International","6,613"
"2018 Apr 18 03:12:41 PM","2011 Mar 01 12:00:00 AM","TBIT","Departure","International","265,085"
"2018 Apr 18 03:12:41 PM","2016 Feb 01 12:00:00 AM","T2","Arrival","Domestic","31,523"
"2018 Apr 18 03:12:41 PM","2013 Oct 01 12:00:00 AM","T1","Arrival","Domestic","404,670"
"2018 Apr 18 03:12:41 PM","2012 Dec 01 12:00:00 AM","T4","Arrival","Domestic","376,023"
"2018 Apr 18 03:12:41 PM","2017 Oct 01 12:00:00 AM","T8","Departure","International","6,654"
"2018 Apr 18 03:12:41 PM","2014 Aug 01 12:00:00 AM","T2","Departure","International","230,680"
"2018 Apr 18 03:12:41 PM","2012 Mar 01 12:00:00 AM","Miscellaneous Terminal","Departure","International","4"
"2020 Apr 08 09:58:08 AM","2020 Feb 01 12:00:00 AM","T4","Arrival","International","39,076"
"2018 Oct 29 10:20:51 AM","2017 Mar 01 12:00:00 AM","TBIT","Arrival","International","544,977"
"2018 Apr 18 03:12:41 PM","2010 Jan 01 12:00:00 AM","T7","Arrival","International","15,737"
"2018 Apr 18 03:12:41 PM","2015 May 01 12:00:00 AM","Miscellaneous Terminal","Departure","Domestic","96,441"
"2018 Apr 18 03:12:41 PM","2014 Apr 01 12:00:00 AM","T4","Arrival","Domestic","363,150"
"2018 Apr 18 03:12:41 PM","2010 Jul 01 12:00:00 AM","T7","Departure","Domestic","272,709"
"2018 Apr 18 03:12:41 PM","2017 Jul 01 12:00:00 AM","T2","Arrival","Domestic","252,887"
"2018 Apr 18 03:12:41 PM","2008 Jun 01 12:00:00 AM","T5","Departure","International","48,171"
"2018 Oct 29 10:20:51 AM","2017 May 01 12:00:00 AM","T2","Arrival","International","154,935"
"2018 Apr 18 03:12:41 PM","2014 Jun 01 12:00:00 AM","T7","Departure","International","43,855"
"2018 Apr 18 03:12:41 PM","2009 Jan 01 12:00:00 AM","T8","Departure","International","3,833"
"2020 Jan 22 06:57:11 AM","2019 Dec 01 12:00:00 AM","T2","Arrival","International","77,653"
"2019 Nov 10 06:01:31 AM","2019 Sep 01 12:00:00 AM","Miscellaneous Terminal","Arrival","International","6,117"
"2018 Apr 18 03:12:41 PM","2010 Dec 01 12:00:00 AM","T5","Departure","International","15,155"
"2018 Apr 18 03:12:41 PM","2012 Jan 01 12:00:00 AM","Imperial Terminal","Departure","Domestic","658"
"2018 Apr 18 03:12:41 PM","2016 May 01 12:00:00 AM","T5","Departure","International","63,048"
"2018 Apr 18 03:12:41 PM","2006 Feb 01 12:00:00 AM","T5","Departure","Domestic","121,053"
"2018 Apr 18 03:12:41 PM","2015 Dec 01 12:00:00 AM","T2","Arrival","Domestic","44,580"
"2018 Apr 18 03:12:41 PM","2007 Sep 01 12:00:00 AM","T3","Departure","Domestic","154,801"
"2018 Apr 18 03:12:41 PM","2013 Apr 01 12:00:00 AM","T7","Arrival","International","48,662"
"2018 Oct 29 10:20:51 AM","2018 Sep 01 12:00:00 AM","T6","Departure","International","110,975"
"2018 Apr 18 03:12:41 PM","2015 Oct 01 12:00:00 AM","T7","Departure","International","39,069"
"2018 Apr 18 03:12:41 PM","2016 Jan 01 12:00:00 AM","T8","Departure","Domestic","152,250"
"2018 Apr 18 03:12:41 PM","2016 Nov 01 12:00:00 AM","T2","Departure","Domestic","40,165"
"2018 Apr 18 03:12:41 PM","2015 Dec 01 12:00:00 AM","T5","Arrival","Domestic","353,501"
"2018 Apr 18 03:12:41 PM","2012 Aug 01 12:00:00 AM","Miscellaneous Terminal","Departure","International","2"
"2018 Apr 18 03:12:41 PM","2015 May 01 12:00:00 AM","T2","Arrival","International","181,696"
"2018 Apr 18 03:12:41 PM","2013 Jan 01 12:00:00 AM","TBIT","Departure","Domestic","5,578"
"2018 Apr 18 03:12:41 PM","2008 May 01 12:00:00 AM","T8","Departure","Domestic","108,040"
"2018 Apr 18 03:12:41 PM","2015 Nov 01 12:00:00 AM","T2","Departure","International","147,967"
"2020 May 10 06:01:34 AM","2020 Apr 01 12:00:00 AM","T8","Departure","Domestic","336"
"2018 Apr 18 03:12:41 PM","2007 May 01 12:00:00 AM","T4","Departure","Domestic","413,905"
"2018 Apr 18 03:12:41 PM","2018 Mar 01 12:00:00 AM","T3","Departure","Domestic","318,161"
"2019 Mar 14 06:45:08 AM","2019 Feb 01 12:00:00 AM","T8","Arrival","International","1,983"
"2018 Apr 18 03:12:41 PM","2010 Oct 01 12:00:00 AM","T4","Arrival","International","14,463"
"2018 Apr 18 03:12:41 PM","2009 Feb 01 12:00:00 AM","T5","Departure","International","20,743"
"2018 Apr 18 03:12:41 PM","2007 Apr 01 12:00:00 AM","TBIT","Arrival","International","425,300"
"2018 Apr 18 03:12:41 PM","2010 Jun 01 12:00:00 AM","T7","Departure","International","30,232"
"2018 Apr 18 03:12:41 PM","2009 Dec 01 12:00:00 AM","T2","Arrival","International","160,543"
"2018 Apr 18 03:12:41 PM","2008 Oct 01 12:00:00 AM","T1","Departure","Domestic","398,688"
"2018 Apr 18 03:12:41 PM","2007 Jan 01 12:00:00 AM","T1","Departure","International","251"
"2018 Apr 18 03:12:41 PM","2011 Apr 01 12:00:00 AM","Miscellaneous Terminal","Arrival","Domestic","105"
"2018 Apr 18 03:12:41 PM","2016 Jul 01 12:00:00 AM","T2","Departure","Domestic","63,101"
"2018 Apr 18 03:12:41 PM","2009 May 01 12:00:00 AM","T2","Departure","International","141,269"
"2018 Apr 18 03:12:41 PM","2018 Feb 01 12:00:00 AM","T6","Departure","Domestic","232,313"
"2018 Apr 18 03:12:41 PM","2013 Aug 01 12:00:00 AM","TBIT","Departure","Domestic","10,015"
"2018 Apr 18 03:12:41 PM","2018 Mar 01 12:00:00 AM","T1","Departure","Domestic","417,551"
"2018 Apr 18 03:12:41 PM","2011 May 01 12:00:00 AM","T4","Departure","Domestic","422,526"
"2018 Apr 18 03:12:41 PM","2009 Nov 01 12:00:00 AM","TBIT","Departure","International","296,571"
"2020 Nov 10 06:01:35 AM","2020 Oct 01 12:00:00 AM","T8","Arrival","Domestic","24,431"
"2018 Apr 18 03:12:41 PM","2010 May 01 12:00:00 AM","T4","Departure","Domestic","381,490"
"2020 Apr 29 07:14:24 AM","2020 Mar 01 12:00:00 AM","TBIT","Arrival","International","304,304"
"2018 Apr 18 03:12:41 PM","2012 Apr 01 12:00:00 AM","T8","Departure","Domestic","138,541"
"2018 Apr 18 03:12:41 PM","2013 Sep 01 12:00:00 AM","T7","Arrival","International","70,964"
"2020 May 10 06:01:34 AM","2020 Apr 01 12:00:00 AM","T2","Arrival","Domestic","28,565"
"2018 Apr 18 03:12:41 PM","2012 Feb 01 12:00:00 AM","T4","Departure","Domestic","377,909"
"2018 Apr 18 03:12:41 PM","2016 Mar 01 12:00:00 AM","Miscellaneous Terminal","Departure","International","4,714"
"2018 Apr 18 03:12:41 PM","2010 May 01 12:00:00 AM","T5","Departure","Domestic","220,433"
"2018 Apr 18 03:12:41 PM","2012 Nov 01 12:00:00 AM","T4","Arrival","Domestic","384,563"
"2020 Apr 08 09:58:08 AM","2020 Feb 01 12:00:00 AM","T6","Arrival","International","56,901"
"2018 Apr 18 03:12:41 PM","2010 Sep 01 12:00:00 AM","T2","Arrival","Domestic","20,984"
"2021 Jan 10 06:01:37 AM","2020 Nov 01 12:00:00 AM","T2","Departure","Domestic","164,286"
"2018 Apr 18 03:12:41 PM","2016 Oct 01 12:00:00 AM","Miscellaneous Terminal","Departure","International","1,901"
"2020 Jan 22 06:57:11 AM","2019 Dec 01 12:00:00 AM","T4","Arrival","International","64,161"
"2018 Apr 18 03:12:41 PM","2013 Feb 01 12:00:00 AM","T4","Arrival","International","14,138"
"2018 Apr 18 03:12:41 PM","2007 Feb 01 12:00:00 AM","T5","Arrival","Domestic","130,192"
"2018 Apr 18 03:12:41 PM","2012 Jun 01 12:00:00 AM","T6","Arrival","Domestic","410,725"
"2018 Apr 18 03:12:41 PM","2012 Nov 01 12:00:00 AM","T4","Departure","Domestic","386,746"
"2018 Apr 18 03:12:41 PM","2013 Jun 01 12:00:00 AM","T7","Arrival","International","52,232"
"2018 Apr 18 03:12:41 PM","2006 Sep 01 12:00:00 AM","TBIT","Arrival","International","364,109"
"2018 Apr 18 03:12:41 PM","2016 Sep 01 12:00:00 AM","Miscellaneous Terminal","Arrival","Domestic","110,853"
"2018 May 23 07:44:39 AM","2018 Mar 01 12:00:00 AM","Miscellaneous Terminal","Arrival","International","4,573"
"2018 Apr 18 03:12:41 PM","2014 Jan 01 12:00:00 AM","Imperial Terminal","Arrival","Domestic","161"
"2019 May 28 06:24:45 AM","2019 Apr 01 12:00:00 AM","T5","Arrival","Domestic","346,161"
"2018 Apr 18 03:12:41 PM","2013 Jun 01 12:00:00 AM","T4","Departure","Domestic","387,767"
"2018 Apr 18 03:12:41 PM","2009 Apr 01 12:00:00 AM","T8","Departure","Domestic","99,494"
"2018 Apr 18 03:12:41 PM","2013 Aug 01 12:00:00 AM","Imperial Terminal","Arrival","Domestic","75"
"2018 Apr 18 03:12:41 PM","2011 Nov 01 12:00:00 AM","T5","Arrival","Domestic","231,098"
"2019 Jul 18 06:18:08 AM","2019 Jun 01 12:00:00 AM","T4","Arrival","Domestic","411,636"
"2018 Apr 18 03:12:41 PM","2015 Nov 01 12:00:00 AM","T2","Departure","Domestic","38,868"
"2021 Feb 02 08:17:02 AM","2020 Dec 01 12:00:00 AM","T4","Departure","Domestic","140,560"
"2018 Apr 18 03:12:41 PM","2011 Feb 01 12:00:00 AM","TBIT","Departure","Domestic","3,164"
"2018 Apr 18 03:12:41 PM","2006 Aug 01 12:00:00 AM","T3","Arrival","Domestic","187,002"
"2018 Apr 18 03:12:41 PM","2007 Aug 01 12:00:00 AM","T3","Departure","Domestic","231,363"
"2018 Apr 18 03:12:41 PM","2007 Apr 01 12:00:00 AM","T7","Departure","Domestic","278,807"
"2018 Apr 18 03:12:41 PM","2010 Feb 01 12:00:00 AM","T3","Arrival","Domestic","133,674"
"2019 Jul 18 06:18:08 AM","2019 Jun 01 12:00:00 AM","T5","Arrival","Domestic","444,400"
"2018 Apr 18 03:12:41 PM","2007 Jun 01 12:00:00 AM","Miscellaneous Terminal","Arrival","Domestic","8"
"2018 Apr 18 03:12:41 PM","2013 Dec 01 12:00:00 AM","T7","Arrival","Domestic","261,267"
"2018 Apr 18 03:12:41 PM","2013 Mar 01 12:00:00 AM","Miscellaneous Terminal","Arrival","Domestic","80,265"
"2018 Apr 18 03:12:41 PM","2015 Aug 01 12:00:00 AM","T6","Arrival","International","2,061"
"2018 Apr 18 03:12:41 PM","2008 Nov 01 12:00:00 AM","T4","Departure","Domestic","340,434"
"2018 Apr 18 03:12:41 PM","2010 Jan 01 12:00:00 AM","T2","Arrival","Domestic","15,225"
"2018 Apr 18 03:12:41 PM","2014 Oct 01 12:00:00 AM","TBIT","Arrival","Domestic","13,311"
"2018 Apr 18 03:12:41 PM","2010 Oct 01 12:00:00 AM","T4","Departure","Domestic","371,727"
"2018 Apr 18 03:12:41 PM","2016 Mar 01 12:00:00 AM","T4","Arrival","Domestic","340,005"
"2020 Jul 10 06:01:26 AM","2020 Apr 01 12:00:00 AM","Miscellaneous Terminal","Arrival","Domestic","762"
"2019 Mar 14 06:45:08 AM","2019 Feb 01 12:00:00 AM","T6","Arrival","Domestic","201,865"
"2018 Apr 18 03:12:41 PM","2006 Aug 01 12:00:00 AM","Imperial Terminal","Arrival","Domestic","5"
"2019 Sep 10 06:01:34 AM","2019 Aug 01 12:00:00 AM","T7","Departure","Domestic","374,510"
"2018 Apr 18 03:12:41 PM","2010 Jan 01 12:00:00 AM","TBIT","Departure","International","317,158"
"2018 Apr 18 03:12:41 PM","2006 May 01 12:00:00 AM","T5","Arrival","International","29,699"
"2018 Apr 18 03:12:41 PM","2006 Feb 01 12:00:00 AM","T5","Departure","International","25,875"
"2018 Apr 18 03:12:41 PM","2009 Nov 01 12:00:00 AM","T5","Departure","International","21,191"
"2018 Apr 18 03:12:41 PM","2010 Sep 01 12:00:00 AM","T2","Arrival","International","187,201"
"2018 Apr 18 03:12:41 PM","2015 Dec 01 12:00:00 AM","T5","Arrival","International","70,718"
"2019 Nov 10 06:01:31 AM","2019 Sep 01 12:00:00 AM","T4","Arrival","International","61,169"
"2018 Apr 18 03:12:41 PM","2014 May 01 12:00:00 AM","T4","Departure","Domestic","371,444"
"2018 Apr 18 03:12:41 PM","2017 May 01 12:00:00 AM","T7","Arrival","Domestic","287,321"
"2018 Apr 18 03:12:41 PM","2008 Sep 01 12:00:00 AM","TBIT","Arrival","Domestic","0"
"2018 Apr 18 03:12:41 PM","2011 Mar 01 12:00:00 AM","T2","Arrival","Domestic","22,631"
"2018 Apr 18 03:12:41 PM","2011 Feb 01 12:00:00 AM","T6","Arrival","International","19,993"
"2018 Apr 18 03:12:41 PM","2017 Feb 01 12:00:00 AM","T5","Arrival","International","48,308"
"2018 Apr 18 03:12:41 PM","2012 Dec 01 12:00:00 AM","TBIT","Arrival","International","352,209"
"2018 Apr 18 03:12:41 PM","2011 Feb 01 12:00:00 AM","T4","Departure","Domestic","303,955"
"2018 May 23 07:44:39 AM","2018 Apr 01 12:00:00 AM","T2","Departure","International","104,790"
"2019 Aug 23 03:41:00 PM","2019 Jul 01 12:00:00 AM","T2","Departure","International","111,151"
"2018 Apr 18 03:12:41 PM","2006 Aug 01 12:00:00 AM","T8","Arrival","Domestic","111,537"
"2018 Apr 18 03:12:41 PM","2015 Mar 01 12:00:00 AM","Miscellaneous Terminal","Departure","International","5,663"
"2018 Apr 18 03:12:41 PM","2007 Mar 01 12:00:00 AM","TBIT","Arrival","International","394,072"
"2018 Apr 18 03:12:41 PM","2010 Apr 01 12:00:00 AM","T3","Arrival","Domestic","153,673"
"2018 Apr 18 03:12:41 PM","2007 Jun 01 12:00:00 AM","T2","Departure","International","177,357"
"2018 Apr 18 03:12:41 PM","2014 Dec 01 12:00:00 AM","T5","Arrival","Domestic","321,257"
"2018 Apr 18 03:12:41 PM","2017 Feb 01 12:00:00 AM","T4","Departure","Domestic","257,087"
"2018 Apr 18 03:12:41 PM","2016 Dec 01 12:00:00 AM","T5","Departure","Domestic","419,138"
"2018 Apr 18 03:12:41 PM","2006 Feb 01 12:00:00 AM","T1","Arrival","Domestic","350,829"
"2018 Apr 18 03:12:41 PM","2013 Sep 01 12:00:00 AM","T2","Departure","International","205,429"
"2018 Apr 18 03:12:41 PM","2010 Jul 01 12:00:00 AM","T5","Arrival","International","12,890"
"2018 Apr 18 03:12:41 PM","2016 Mar 01 12:00:00 AM","T7","Departure","International","38,976"
"2018 Apr 18 03:12:41 PM","2009 Aug 01 12:00:00 AM","T5","Arrival","Domestic","273,531"
"2018 Apr 18 03:12:41 PM","2009 Mar 01 12:00:00 AM","T5","Arrival","Domestic","163,453"
"2018 Apr 18 03:12:41 PM","2008 Jan 01 12:00:00 AM","TBIT","Departure","International","355,040"
"2018 Apr 18 03:12:41 PM","2007 Dec 01 12:00:00 AM","T6","Departure","International","4,732"
"2018 Apr 18 03:12:41 PM","2014 Mar 01 12:00:00 AM","T2","Arrival","International","192,500"
"2018 Jul 11 02:24:22 PM","2018 May 01 12:00:00 AM","T2","Arrival","Domestic","177,803"
"2018 Apr 18 03:12:41 PM","2014 Dec 01 12:00:00 AM","T3","Departure","International","2,315"
"2018 Apr 18 03:12:41 PM","2006 Apr 01 12:00:00 AM","T2","Arrival","Domestic","100,241"
"2020 Sep 28 04:07:45 PM","2020 Aug 01 12:00:00 AM","T2","Departure","Domestic","131,135"
"2018 Apr 18 03:12:41 PM","2008 Sep 01 12:00:00 AM","T4","Departure","International","43,019"
"2018 Apr 18 03:12:41 PM","2012 May 01 12:00:00 AM","T8","Departure","Domestic","139,037"
"2021 Jan 10 06:01:37 AM","2020 Dec 01 12:00:00 AM","T8","Departure","International","160"
"2018 Apr 18 03:12:41 PM","2010 Aug 01 12:00:00 AM","Miscellaneous Terminal","Arrival","Domestic","221"
"2018 Apr 18 03:12:41 PM","2012 Oct 01 12:00:00 AM","T6","Arrival","Domestic","299,290"
"2018 Apr 18 03:12:41 PM","2012 Jul 01 12:00:00 AM","T3","Arrival","Domestic","203,612"
"2018 Apr 18 03:12:41 PM","2006 Oct 01 12:00:00 AM","T4","Arrival","International","53,443"
"2018 Jul 11 02:24:22 PM","2018 Jun 01 12:00:00 AM","T7","Arrival","Domestic","352,180"
"2018 Apr 18 03:12:41 PM","2013 Sep 01 12:00:00 AM","T5","Arrival","Domestic","273,973"
"2018 Apr 18 03:12:41 PM","2008 Sep 01 12:00:00 AM","T3","Departure","International","40,076"
"2018 Sep 26 09:27:08 AM","2018 Aug 01 12:00:00 AM","T2","Departure","International","125,594"
"2018 Apr 18 03:12:41 PM","2007 Nov 01 12:00:00 AM","T2","Departure","International","151,189"
"2018 Apr 18 03:12:41 PM","2010 Aug 01 12:00:00 AM","TBIT","Arrival","International","478,074"
"2018 Apr 18 03:12:41 PM","2014 Oct 01 12:00:00 AM","T8","Arrival","Domestic","114,528"
"2018 Apr 18 03:12:41 PM","2008 Aug 01 12:00:00 AM","T7","Departure","International","47,662"
"2018 Apr 18 03:12:41 PM","2006 Feb 01 12:00:00 AM","T1","Departure","International","575"
"2018 Apr 18 03:12:41 PM","2015 Nov 01 12:00:00 AM","T6","Arrival","International","822"
"2020 Sep 28 04:07:45 PM","2020 Aug 01 12:00:00 AM","T8","Departure","Domestic","8,829"
"2018 Apr 18 03:12:41 PM","2007 May 01 12:00:00 AM","T8","Arrival","International","3,650"
"2018 Apr 18 03:12:41 PM","2011 Mar 01 12:00:00 AM","T1","Arrival","Domestic","383,638"
"2018 Apr 18 03:12:41 PM","2015 Feb 01 12:00:00 AM","T8","Arrival","Domestic","126,315"
"2020 Feb 28 08:21:30 AM","2020 Jan 01 12:00:00 AM","T3","Arrival","Domestic","278,351"
"2018 Apr 18 03:12:41 PM","2015 Jun 01 12:00:00 AM","T2","Departure","Domestic","54,765"
"2018 Apr 18 03:12:41 PM","2012 Aug 01 12:00:00 AM","T8","Departure","Domestic","163,705"
"2018 Apr 18 03:12:41 PM","2017 Apr 01 12:00:00 AM","T4","Departure","Domestic","311,321"
"2018 Apr 18 03:12:41 PM","2014 Nov 01 12:00:00 AM","T7","Arrival","International","68,679"
"2018 Apr 18 03:12:41 PM","2017 Feb 01 12:00:00 AM","T1","Departure","International","11,740"
"2018 Apr 18 03:12:41 PM","2010 Mar 01 12:00:00 AM","T6","Departure","International","16,454"
"2019 Jun 24 01:17:06 PM","2019 May 01 12:00:00 AM","T5","Arrival","Domestic","415,801"
"2018 Apr 18 03:12:41 PM","2017 Jan 01 12:00:00 AM","T8","Departure","International","7,901"
"2020 May 04 06:39:48 AM","2020 Feb 01 12:00:00 AM","Miscellaneous Terminal","Arrival","International","6,028"
"2018 Apr 18 03:12:41 PM","2011 Dec 01 12:00:00 AM","Miscellaneous Terminal","Departure","Domestic","164"
"2018 Apr 18 03:12:41 PM","2007 Aug 01 12:00:00 AM","T2","Arrival","Domestic","113,141"
"2018 Apr 18 03:12:41 PM","2008 Nov 01 12:00:00 AM","T7","Arrival","Domestic","205,783"
"2018 Apr 18 03:12:41 PM","2011 Oct 01 12:00:00 AM","T4","Departure","International","44,268"
"2018 Apr 18 03:12:41 PM","2007 May 01 12:00:00 AM","T3","Arrival","Domestic","174,984"
"2019 Mar 14 06:45:08 AM","2019 Feb 01 12:00:00 AM","T4","Arrival","International","52,569"
"2018 Apr 18 03:12:41 PM","2006 Jul 01 12:00:00 AM","T3","Departure","International","56,763"
"2019 Jun 24 01:17:06 PM","2019 May 01 12:00:00 AM","T4","Arrival","Domestic","403,885"
"2018 Apr 18 03:12:41 PM","2016 May 01 12:00:00 AM","T2","Departure","Domestic","43,896"
"2018 Apr 18 03:12:41 PM","2015 Jun 01 12:00:00 AM","T4","Departure","Domestic","386,913"
"2018 Apr 18 03:12:41 PM","2015 Aug 01 12:00:00 AM","T2","Arrival","Domestic","61,120"
"2018 Apr 18 03:12:41 PM","2008 Jan 01 12:00:00 AM","T1","Departure","Domestic","352,363"
"2018 Apr 18 03:12:41 PM","2008 Dec 01 12:00:00 AM","T5","Arrival","International","15,209"
"2018 Apr 18 03:12:41 PM","2014 Jul 01 12:00:00 AM","T6","Departure","Domestic","307,796"
"2018 Apr 18 03:12:41 PM","2013 Apr 01 12:00:00 AM","T3","Departure","International","18,201"
"2018 Apr 18 03:12:41 PM","2009 Mar 01 12:00:00 AM","T7","Arrival","Domestic","230,928"
"2020 Oct 10 06:01:21 AM","2020 Sep 01 12:00:00 AM","T4","Departure","Domestic","162,642"
"2018 Apr 18 03:12:41 PM","2007 Mar 01 12:00:00 AM","T2","Departure","International","163,403"
"2018 Apr 18 03:12:41 PM","2011 May 01 12:00:00 AM","T1","Departure","Domestic","391,973"
"2018 Apr 18 03:12:41 PM","2017 Sep 01 12:00:00 AM","TBIT","Arrival","Domestic","8,295"
"2018 Apr 18 03:12:41 PM","2015 Jun 01 12:00:00 AM","T4","Departure","International","52,524"
"2018 Apr 18 03:12:41 PM","2008 Feb 01 12:00:00 AM","Miscellaneous Terminal","Arrival","Domestic","224"
"2018 Apr 18 03:12:41 PM","2009 Sep 01 12:00:00 AM","T3","Arrival","International","13,568"
"2018 Apr 18 03:12:41 PM","2007 Jun 01 12:00:00 AM","T5","Arrival","Domestic","194,037"
"2018 Apr 18 03:12:41 PM","2016 Nov 01 12:00:00 AM","T6","Departure","International","57,510"
"2018 Apr 18 03:12:41 PM","2009 Jul 01 12:00:00 AM","T4","Departure","Domestic","414,432"
"2018 Apr 18 03:12:41 PM","2009 Mar 01 12:00:00 AM","T4","Arrival","Domestic","364,565"
"2020 Sep 28 04:07:45 PM","2020 Aug 01 12:00:00 AM","T2","Arrival","International","3,448"
"2018 Apr 18 03:12:41 PM","2015 Nov 01 12:00:00 AM","T4","Departure","Domestic","335,428"
"2018 Apr 18 03:12:41 PM","2012 Jun 01 12:00:00 AM","T8","Departure","International","3,945"
"2018 Apr 18 03:12:41 PM","2010 Mar 01 12:00:00 AM","T7","Arrival","International","17,403"
"2018 Apr 18 03:12:41 PM","2018 Mar 01 12:00:00 AM","T6","Arrival","International","61,063"
"2018 Apr 18 03:12:41 PM","2016 Dec 01 12:00:00 AM","T6","Departure","Domestic","291,991"
"2018 Apr 18 03:12:41 PM","2012 Apr 01 12:00:00 AM","T8","Arrival","International","1,654"
"2020 May 04 06:39:48 AM","2020 Jan 01 12:00:00 AM","Miscellaneous Terminal","Departure","Domestic","104,964"
"2018 Apr 18 03:12:41 PM","2013 Dec 01 12:00:00 AM","TBIT","Departure","Domestic","9,222"
"2018 Apr 18 03:12:41 PM","2012 Jul 01 12:00:00 AM","T2","Arrival","Domestic","39,153"
"2018 Apr 18 03:12:41 PM","2017 Jul 01 12:00:00 AM","TBIT","Departure","International","778,774"
"2019 Oct 10 06:01:25 AM","2019 Sep 01 12:00:00 AM","T8","Departure","Domestic","126,812"
"2018 Apr 18 03:12:41 PM","2012 Apr 01 12:00:00 AM","T6","Departure","Domestic","300,026"
"2018 Apr 18 03:12:41 PM","2015 Dec 01 12:00:00 AM","T2","Departure","International","172,664"
"2018 Apr 18 03:12:41 PM","2014 Oct 01 12:00:00 AM","T2","Departure","International","187,262"
"2018 Apr 18 03:12:41 PM","2013 Nov 01 12:00:00 AM","TBIT","Departure","International","305,278"
"2018 Apr 18 03:12:41 PM","2007 Sep 01 12:00:00 AM","T8","Departure","International","2,774"
"2018 Apr 18 03:12:41 PM","2009 Dec 01 12:00:00 AM","T6","Arrival","Domestic","214,461"
"2018 Apr 18 03:12:41 PM","2010 Apr 01 12:00:00 AM","T7","Arrival","Domestic","227,822"
"2018 Apr 18 03:12:41 PM","2014 Jun 01 12:00:00 AM","T4","Arrival","International","4,976"
"2018 Apr 18 03:12:41 PM","2015 May 01 12:00:00 AM","T6","Departure","Domestic","286,345"
"2018 Apr 18 03:12:41 PM","2014 Dec 01 12:00:00 AM","T5","Departure","Domestic","331,623"
"2020 Dec 07 01:58:36 PM","2020 Oct 01 12:00:00 AM","T4","Arrival","International","4,083"
"2018 Apr 18 03:12:41 PM","2010 Nov 01 12:00:00 AM","T6","Departure","Domestic","215,831"
"2018 Apr 18 03:12:41 PM","2015 May 01 12:00:00 AM","T7","Departure","International","40,255"
"2018 Apr 18 03:12:41 PM","2016 Jul 01 12:00:00 AM","T3","Arrival","Domestic","402,452"
"2018 Apr 18 03:12:41 PM","2007 Nov 01 12:00:00 AM","TBIT","Departure","International","329,323"
"2018 Apr 18 03:12:41 PM","2012 Nov 01 12:00:00 AM","T6","Arrival","Domestic","262,961"
"2018 Apr 18 03:12:41 PM","2008 Jul 01 12:00:00 AM","T5","Arrival","Domestic","211,556"
"2018 Apr 18 03:12:41 PM","2015 Oct 01 12:00:00 AM","Miscellaneous Terminal","Arrival","Domestic","93,159"
"2018 Apr 18 03:12:41 PM","2009 Aug 01 12:00:00 AM","T5","Departure","International","31,391"
"2018 Apr 18 03:12:41 PM","2015 Jul 01 12:00:00 AM","T8","Arrival","International","6,045"
"2018 Apr 18 03:12:41 PM","2006 Feb 01 12:00:00 AM","T8","Departure","Domestic","99,663"
"2018 Apr 18 03:12:41 PM","2016 Jan 01 12:00:00 AM","T7","Arrival","Domestic","234,319"
"2020 Jun 29 07:20:39 AM","2020 May 01 12:00:00 AM","T7","Departure","Domestic","28,044"
"2018 Apr 18 03:12:41 PM","2008 Dec 01 12:00:00 AM","TBIT","Arrival","Domestic","5,051"
"2018 Apr 18 03:12:41 PM","2015 Dec 01 12:00:00 AM","T3","Departure","International","2,474"
"2018 Apr 18 03:12:41 PM","2017 Jan 01 12:00:00 AM","T2","Arrival","Domestic","41,912"
"2018 Apr 18 03:12:41 PM","2018 Feb 01 12:00:00 AM","T8","Departure","International","5,671"
"2018 Apr 18 03:12:41 PM","2014 Jul 01 12:00:00 AM","T8","Arrival","Domestic","130,575"
"2018 Apr 18 03:12:41 PM","2016 Mar 01 12:00:00 AM","T4","Arrival","International","30,546"
"2018 Apr 18 03:12:41 PM","2006 Jul 01 12:00:00 AM","TBIT","Arrival","Domestic","2,581"
"2018 Apr 18 03:12:41 PM","2013 Aug 01 12:00:00 AM","T6","Departure","Domestic","302,250"
"2018 Apr 18 03:12:41 PM","2012 Jun 01 12:00:00 AM","T8","Arrival","International","1,694"
"2018 Apr 18 03:12:41 PM","2013 Dec 01 12:00:00 AM","T8","Departure","International","5,890"
"2018 Oct 29 10:20:51 AM","2018 Jul 01 12:00:00 AM","T2","Arrival","International","128,900"
"2018 Apr 18 03:12:41 PM","2008 Sep 01 12:00:00 AM","T8","Departure","International","4,807"
"2018 Apr 18 03:12:41 PM","2016 Feb 01 12:00:00 AM","Miscellaneous Terminal","Arrival","Domestic","89,694"
"2018 Apr 18 03:12:41 PM","2015 Oct 01 12:00:00 AM","TBIT","Arrival","Domestic","14,314"
"2020 Jan 10 06:01:24 AM","2019 Dec 01 12:00:00 AM","T7","Arrival","International","76,471"
"2018 Apr 18 03:12:41 PM","2006 May 01 12:00:00 AM","T3","Arrival","International","21,559"
"2018 Apr 18 03:12:41 PM","2008 Nov 01 12:00:00 AM","T4","Arrival","International","45,093"
"2018 Apr 18 03:12:41 PM","2012 May 01 12:00:00 AM","T6","Arrival","Domestic","348,401"
"2018 Nov 25 11:40:39 AM","2018 Oct 01 12:00:00 AM","T2","Arrival","International","104,443"
"2018 Apr 18 03:12:41 PM","2012 Dec 01 12:00:00 AM","T6","Arrival","Domestic","302,395"
"2018 Sep 26 09:27:08 AM","2018 Aug 01 12:00:00 AM","Miscellaneous Terminal","Arrival","International","6,605"
"2018 Apr 18 03:12:41 PM","2016 Jan 01 12:00:00 AM","T2","Arrival","Domestic","38,445"
"2018 Apr 18 03:12:41 PM","2010 Nov 01 12:00:00 AM","T6","Departure","International","21,014"
"2018 Apr 18 03:12:41 PM","2012 Mar 01 12:00:00 AM","T7","Departure","Domestic","220,356"
"2018 Apr 18 03:12:41 PM","2009 Mar 01 12:00:00 AM","T8","Departure","International","5,341"
"2018 Apr 18 03:12:41 PM","2006 Dec 01 12:00:00 AM","T6","Arrival","International","1,043"
"2018 Apr 18 03:12:41 PM","2013 Mar 01 12:00:00 AM","Imperial Terminal","Arrival","Domestic","116"
"2018 Apr 18 03:12:41 PM","2007 Dec 01 12:00:00 AM","T3","Arrival","Domestic","165,201"
"2018 Apr 18 03:12:41 PM","2007 Feb 01 12:00:00 AM","T3","Departure","International","57,810"
"2018 Apr 18 03:12:41 PM","2008 Jul 01 12:00:00 AM","T1","Departure","International","313"
"2021 Feb 02 08:17:02 AM","2020 Dec 01 12:00:00 AM","T5","Departure","Domestic","155,107"
"2018 Apr 18 03:12:41 PM","2007 Aug 01 12:00:00 AM","T8","Arrival","Domestic","107,231"
"2018 Apr 18 03:12:41 PM","2015 Apr 01 12:00:00 AM","T5","Departure","International","55,478"
"2018 Apr 18 03:12:41 PM","2007 Nov 01 12:00:00 AM","T6","Departure","Domestic","215,004"
"2018 Apr 18 03:12:41 PM","2012 Jun 01 12:00:00 AM","T5","Departure","International","23,997"
"2018 May 23 07:44:39 AM","2018 Apr 01 12:00:00 AM","T4","Arrival","Domestic","354,404"
"2018 Apr 18 03:12:41 PM","2011 Oct 01 12:00:00 AM","T8","Arrival","International","3,421"
"2018 Apr 18 03:12:41 PM","2006 Sep 01 12:00:00 AM","T4","Arrival","International","57,183"
"2018 Nov 10 06:01:27 AM","2018 Oct 01 12:00:00 AM","T7","Departure","International","43,503"
"2018 Apr 18 03:12:41 PM","2013 Sep 01 12:00:00 AM","T1","Departure","Domestic","369,282"
"2018 Apr 18 03:12:41 PM","2007 Mar 01 12:00:00 AM","T6","Departure","International","4,342"
"2018 Apr 18 03:12:41 PM","2015 Oct 01 12:00:00 AM","T2","Arrival","Domestic","40,068"
"2019 Oct 10 06:01:25 AM","2019 Sep 01 12:00:00 AM","T1","Arrival","Domestic","375,268"
"2018 Apr 18 03:12:41 PM","2016 Jul 01 12:00:00 AM","T6","Departure","International","56,704"
"2018 Apr 18 03:12:41 PM","2008 Oct 01 12:00:00 AM","T5","Arrival","Domestic","159,116"
"2018 Apr 18 03:12:41 PM","2012 May 01 12:00:00 AM","T4","Departure","Domestic","444,772"
"2018 Apr 18 03:12:41 PM","2014 Jun 01 12:00:00 AM","T3","Arrival","Domestic","364,325"
"2018 Apr 18 03:12:41 PM","2008 Feb 01 12:00:00 AM","T3","Arrival","Domestic","142,600"
"2020 Apr 29 07:14:24 AM","2020 Mar 01 12:00:00 AM","T6","Arrival","Domestic","99,871"
"2020 Jul 10 06:01:26 AM","2020 Apr 01 12:00:00 AM","Miscellaneous Terminal","Departure","Domestic","799"
"2018 Apr 18 03:12:41 PM","2017 Dec 01 12:00:00 AM","T2","Departure","International","117,454"
"2018 Apr 18 03:12:41 PM","2009 Aug 01 12:00:00 AM","Miscellaneous Terminal","Departure","Domestic","47"
"2018 Apr 18 03:12:41 PM","2010 Mar 01 12:00:00 AM","T6","Arrival","International","11,762"
"2020 Jun 01 07:57:59 AM","2020 Apr 01 12:00:00 AM","T6","Departure","International","3,531"
"2018 Apr 18 03:12:41 PM","2006 Nov 01 12:00:00 AM","Imperial Terminal","Arrival","Domestic","269"
"2018 Oct 29 10:20:51 AM","2018 Sep 01 12:00:00 AM","Miscellaneous Terminal","Departure","International","5,875"
"2018 Dec 26 06:52:40 AM","2018 Nov 01 12:00:00 AM","T4","Arrival","International","54,814"
"2018 Apr 18 03:12:41 PM","2007 Jan 01 12:00:00 AM","T7","Arrival","International","34,556"
"2018 Apr 18 03:12:41 PM","2009 Apr 01 12:00:00 AM","T6","Arrival","Domestic","153,379"
"2018 Apr 18 03:12:41 PM","2006 Feb 01 12:00:00 AM","T1","Departure","Domestic","346,828"
"2018 Apr 18 03:12:41 PM","2009 Feb 01 12:00:00 AM","T8","Departure","International","3,794"
"2018 Apr 18 03:12:41 PM","2010 Jun 01 12:00:00 AM","Imperial Terminal","Arrival","Domestic","52"
"2018 Apr 18 03:12:41 PM","2010 Dec 01 12:00:00 AM","T6","Departure","International","24,489"
"2018 Apr 18 03:12:41 PM","2009 Dec 01 12:00:00 AM","T4","Departure","International","38,802"
"2018 Dec 10 06:01:26 AM","2018 Oct 01 12:00:00 AM","Miscellaneous Terminal","Arrival","Domestic","129,555"
"2018 Apr 18 03:12:41 PM","2008 May 01 12:00:00 AM","T2","Arrival","International","142,629"
"2018 Apr 18 03:12:41 PM","2014 Dec 01 12:00:00 AM","TBIT","Departure","International","426,684"
"2018 Apr 18 03:12:41 PM","2015 Jul 01 12:00:00 AM","T8","Departure","International","20,471"
"2018 Apr 18 03:12:41 PM","2011 Nov 01 12:00:00 AM","T2","Departure","International","174,084"
"2018 Jul 11 02:24:22 PM","2018 May 01 12:00:00 AM","T8","Departure","Domestic","159,488"
"2018 Apr 18 03:12:41 PM","2010 Nov 01 12:00:00 AM","T4","Arrival","Domestic","353,035"
"2019 Mar 01 11:09:59 AM","2019 Jan 01 12:00:00 AM","T3","Departure","International","45,871"
"2018 Apr 18 03:12:41 PM","2011 May 01 12:00:00 AM","TBIT","Departure","Domestic","5,521"
"2021 Mar 03 10:48:12 AM","2021 Jan 01 12:00:00 AM","T8","Departure","International","1,713"
"2019 Sep 27 07:57:24 AM","2019 Aug 01 12:00:00 AM","TBIT","Arrival","Domestic","6,313"
"2018 Apr 18 03:12:41 PM","2013 Oct 01 12:00:00 AM","T7","Arrival","Domestic","242,171"
"2018 Sep 26 09:27:08 AM","2018 Aug 01 12:00:00 AM","T6","Departure","International","141,861"
"2018 Apr 18 03:12:41 PM","2011 Aug 01 12:00:00 AM","Miscellaneous Terminal","Departure","International","6"
"2018 Apr 18 03:12:41 PM","2016 Sep 01 12:00:00 AM","T7","Departure","International","37,133"
"2018 Apr 18 03:12:41 PM","2012 Apr 01 12:00:00 AM","T5","Arrival","Domestic","262,724"
"2018 Apr 18 03:12:41 PM","2011 Dec 01 12:00:00 AM","T7","Arrival","Domestic","206,767"
"2019 Oct 10 06:01:25 AM","2019 Sep 01 12:00:00 AM","T7","Arrival","International","51,114"
"2018 Apr 18 03:12:41 PM","2008 Jul 01 12:00:00 AM","T2","Arrival","International","168,448"
"2018 Apr 18 03:12:41 PM","2018 Jan 01 12:00:00 AM","T7","Departure","Domestic","313,654"
"2018 Apr 18 03:12:41 PM","2016 Apr 01 12:00:00 AM","T3","Departure","Domestic","314,785"
"2018 Apr 18 03:12:41 PM","2017 May 01 12:00:00 AM","T3","Arrival","Domestic","335,799"
"2018 Apr 18 03:12:41 PM","2014 Apr 01 12:00:00 AM","TBIT","Departure","Domestic","7,970"
"2018 Apr 18 03:12:41 PM","2010 Jan 01 12:00:00 AM","T5","Departure","Domestic","206,229"
"2018 Apr 18 03:12:41 PM","2018 Jan 01 12:00:00 AM","T3","Departure","International","26,113"
"2018 Apr 18 03:12:41 PM","2010 Sep 01 12:00:00 AM","Miscellaneous Terminal","Arrival","Domestic","130"
"2021 Feb 02 08:17:02 AM","2020 Dec 01 12:00:00 AM","T4","Departure","International","8,220"
"2018 Apr 18 03:12:41 PM","2015 Mar 01 12:00:00 AM","T6","Arrival","Domestic","312,653"
"2018 Apr 18 03:12:41 PM","2012 Dec 01 12:00:00 AM","T6","Arrival","International","18,318"
"2018 Apr 18 03:12:41 PM","2007 Mar 01 12:00:00 AM","T3","Arrival","Domestic","164,982"
"2018 Apr 18 03:12:41 PM","2006 Nov 01 12:00:00 AM","T5","Arrival","International","23,116"
"2020 Jan 22 06:57:11 AM","2019 Dec 01 12:00:00 AM","T4","Departure","International","82,903"
"2018 Aug 21 11:02:45 AM","2018 Jul 01 12:00:00 AM","T7","Departure","Domestic","389,392"
"2018 Jul 12 02:24:30 PM","2018 Jun 01 12:00:00 AM","T3","Arrival","Domestic","385,539"
"2018 Apr 18 03:12:41 PM","2007 Mar 01 12:00:00 AM","T4","Departure","International","47,005"
"2018 Apr 18 03:12:41 PM","2017 Feb 01 12:00:00 AM","T8","Departure","Domestic","127,531"
"2018 Apr 18 03:12:41 PM","2016 Nov 01 12:00:00 AM","T1","Departure","International","2,524"
"2018 Apr 18 03:12:41 PM","2006 Mar 01 12:00:00 AM","T5","Arrival","Domestic","157,999"
"2018 Apr 18 03:12:41 PM","2014 May 01 12:00:00 AM","T1","Arrival","Domestic","346,464"
"2018 Apr 18 03:12:41 PM","2011 Jun 01 12:00:00 AM","T4","Arrival","International","17,290"
"2018 Apr 18 03:12:41 PM","2008 Feb 01 12:00:00 AM","T7","Arrival","Domestic","200,132"
"2018 Apr 18 03:12:41 PM","2010 Dec 01 12:00:00 AM","Imperial Terminal","Arrival","Domestic","1,273"
"2019 Nov 14 03:00:43 PM","2019 Oct 01 12:00:00 AM","T7","Departure","Domestic","336,510"
"2018 Apr 18 03:12:41 PM","2015 Aug 01 12:00:00 AM","T8","Departure","Domestic","211,281"
"2018 Apr 18 03:12:41 PM","2010 Feb 01 12:00:00 AM","T3","Departure","Domestic","133,429"
"2018 Apr 18 03:12:41 PM","2011 Feb 01 12:00:00 AM","T7","Departure","International","24,065"
"2018 Apr 18 03:12:41 PM","2018 Mar 01 12:00:00 AM","T3","Departure","International","28,777"
"2019 Apr 10 06:01:25 AM","2019 Mar 01 12:00:00 AM","T5","Arrival","Domestic","364,810"
"2021 Jan 10 06:01:37 AM","2020 Nov 01 12:00:00 AM","T2","Arrival","Domestic","188,846"
"2020 Apr 29 07:14:24 AM","2020 Mar 01 12:00:00 AM","T7","Departure","Domestic","164,371"
"2018 Apr 18 03:12:41 PM","2011 Sep 01 12:00:00 AM","T7","Arrival","Domestic","207,483"
"2018 Apr 18 03:12:41 PM","2006 Nov 01 12:00:00 AM","T1","Arrival","Domestic","414,626"
"2018 Apr 18 03:12:41 PM","2010 Feb 01 12:00:00 AM","T4","Departure","International","31,046"
"2020 Aug 27 07:15:54 AM","2020 Jul 01 12:00:00 AM","T5","Departure","Domestic","173,063"
"2018 Apr 18 03:12:41 PM","2006 Dec 01 12:00:00 AM","T5","Arrival","Domestic","154,062"
"2018 Apr 18 03:12:41 PM","2016 Dec 01 12:00:00 AM","T2","Departure","International","227,231"
"2018 Apr 18 03:12:41 PM","2016 Aug 01 12:00:00 AM","T3","Arrival","Domestic","375,042"
"2018 Apr 18 03:12:41 PM","2011 Jun 01 12:00:00 AM","T7","Departure","Domestic","257,412"
"2018 Apr 18 03:12:41 PM","2011 Oct 01 12:00:00 AM","T3","Departure","Domestic","239,207"
"2018 Apr 18 03:12:41 PM","2006 Aug 01 12:00:00 AM","T7","Departure","International","48,459"
"2018 Apr 18 03:12:41 PM","2011 Mar 01 12:00:00 AM","T4","Arrival","Domestic","365,887"
"2018 Apr 18 03:12:41 PM","2016 Jun 01 12:00:00 AM","T8","Arrival","Domestic","202,298"
"2018 Apr 18 03:12:41 PM","2009 Oct 01 12:00:00 AM","T2","Departure","Domestic","15,402"
"2018 Apr 18 03:12:41 PM","2017 Sep 01 12:00:00 AM","T6","Departure","Domestic","257,974"
"2018 Apr 18 03:12:41 PM","2017 Nov 01 12:00:00 AM","T4","Departure","Domestic","316,447"
"2018 Apr 18 03:12:41 PM","2014 Oct 01 12:00:00 AM","T7","Departure","Domestic","267,094"
"2018 Apr 18 03:12:41 PM","2014 Mar 01 12:00:00 AM","T6","Departure","International","85,231"
"2018 Apr 18 03:12:41 PM","2007 Oct 01 12:00:00 AM","T3","Departure","International","53,062"
"2018 Apr 18 03:12:41 PM","2007 Oct 01 12:00:00 AM","T4","Departure","International","49,503"
"2018 Apr 18 03:12:41 PM","2016 May 01 12:00:00 AM","Miscellaneous Terminal","Departure","International","4,697"
"2018 Apr 18 03:12:41 PM","2009 Nov 01 12:00:00 AM","T3","Departure","International","56,064"
"2019 Jan 10 06:01:19 AM","2018 Dec 01 12:00:00 AM","T3","Arrival","Domestic","290,020"
"2018 Apr 18 03:12:41 PM","2011 Apr 01 12:00:00 AM","TBIT","Arrival","International","417,040"
"2020 Sep 28 04:07:45 PM","2020 Aug 01 12:00:00 AM","T4","Arrival","International","3,953"
"2020 Oct 10 06:01:21 AM","2020 Sep 01 12:00:00 AM","T6","Arrival","International","8,855"
"2018 Apr 18 03:12:41 PM","2012 Mar 01 12:00:00 AM","T3","Arrival","International","10,475"
"2018 Apr 18 03:12:41 PM","2011 Apr 01 12:00:00 AM","TBIT","Departure","International","280,623"
"2018 Apr 18 03:12:41 PM","2011 Aug 01 12:00:00 AM","TBIT","Departure","Domestic","6,390"
"2018 Apr 18 03:12:41 PM","2011 Jun 01 12:00:00 AM","T5","Departure","International","22,186"
"2018 Apr 18 03:12:41 PM","2006 Aug 01 12:00:00 AM","T8","Departure","Domestic","114,106"
"2018 Apr 18 03:12:41 PM","2007 Feb 01 12:00:00 AM","T7","Arrival","International","28,738"
"2018 Apr 18 03:12:41 PM","2011 Dec 01 12:00:00 AM","Miscellaneous Terminal","Arrival","International","271"
"2018 Apr 18 03:12:41 PM","2016 Jun 01 12:00:00 AM","T8","Arrival","International","4,182"
"2018 Apr 18 03:12:41 PM","2007 Jan 01 12:00:00 AM","T4","Arrival","International","60,786"
"2018 Apr 18 03:12:41 PM","2009 Mar 01 12:00:00 AM","T5","Departure","International","25,452"
"2018 Apr 18 03:12:41 PM","2007 May 01 12:00:00 AM","T5","Arrival","Domestic","163,872"
"2018 Apr 18 03:12:41 PM","2012 May 01 12:00:00 AM","T2","Arrival","International","183,000"
"2018 Apr 18 03:12:41 PM","2010 Oct 01 12:00:00 AM","T3","Departure","International","62,921"
"2020 Aug 27 07:15:54 AM","2020 Jul 01 12:00:00 AM","T5","Arrival","Domestic","173,688"
"2018 Apr 18 03:12:41 PM","2009 Mar 01 12:00:00 AM","T3","Arrival","Domestic","159,598"
"2018 Apr 18 03:12:41 PM","2013 Nov 01 12:00:00 AM","Miscellaneous Terminal","Arrival","Domestic","72,253"
"2018 Apr 18 03:12:41 PM","2010 Feb 01 12:00:00 AM","T8","Arrival","International","4,022"
"2018 Apr 18 03:12:41 PM","2015 Oct 01 12:00:00 AM","T4","Departure","International","58,203"
"2018 Apr 18 03:12:41 PM","2008 Jan 01 12:00:00 AM","T2","Arrival","International","155,539"
"2018 Apr 18 03:12:41 PM","2012 Sep 01 12:00:00 AM","T7","Departure","Domestic","200,664"
"2018 Apr 18 03:12:41 PM","2017 Apr 01 12:00:00 AM","T4","Arrival","Domestic","324,476"
"2018 Dec 26 06:52:40 AM","2018 Nov 01 12:00:00 AM","Miscellaneous Terminal","Arrival","International","5,997"
"2018 Apr 18 03:12:41 PM","2008 Feb 01 12:00:00 AM","T5","Arrival","Domestic","167,490"
"2018 Apr 18 03:12:41 PM","2011 Jun 01 12:00:00 AM","T6","Arrival","International","16,926"
"2018 Apr 18 03:12:41 PM","2011 Aug 01 12:00:00 AM","T3","Departure","International","73,841"
"2018 Apr 18 03:12:41 PM","2009 Nov 01 12:00:00 AM","T7","Departure","Domestic","225,804"
"2018 Apr 18 03:12:41 PM","2014 Aug 01 12:00:00 AM","T6","Arrival","Domestic","304,648"
"2018 Apr 18 03:12:41 PM","2006 Dec 01 12:00:00 AM","T3","Departure","International","62,891"
"2018 Apr 18 03:12:41 PM","2011 Dec 01 12:00:00 AM","Miscellaneous Terminal","Arrival","Domestic","652"
"2018 Apr 18 03:12:41 PM","2015 Nov 01 12:00:00 AM","T5","Arrival","International","58,599"
"2018 Apr 18 03:12:41 PM","2013 Aug 01 12:00:00 AM","T5","Arrival","Domestic","334,849"
"2018 Apr 18 03:12:41 PM","2010 Oct 01 12:00:00 AM","T3","Arrival","Domestic","191,376"
"2018 Apr 18 03:12:41 PM","2017 Mar 01 12:00:00 AM","TBIT","Departure","Domestic","29,751"
"2018 Apr 18 03:12:41 PM","2009 May 01 12:00:00 AM","T6","Arrival","International","86"
"2018 Apr 18 03:12:41 PM","2017 Apr 01 12:00:00 AM","T1","Departure","International","17,299"
"2018 Apr 18 03:12:41 PM","2008 May 01 12:00:00 AM","T6","Departure","Domestic","239,086"
"2018 Apr 18 03:12:41 PM","2006 Mar 01 12:00:00 AM","T7","Departure","Domestic","280,632"
"2020 Feb 28 08:21:30 AM","2020 Jan 01 12:00:00 AM","T6","Arrival","International","62,277"
"2018 Apr 18 03:12:41 PM","2007 Dec 01 12:00:00 AM","T5","Arrival","International","35,304"
"2018 Apr 18 03:12:41 PM","2009 Jul 01 12:00:00 AM","T2","Departure","International","176,550"
"2018 Apr 18 03:12:41 PM","2011 Aug 01 12:00:00 AM","T8","Arrival","Domestic","176,092"
"2018 Apr 18 03:12:41 PM","2009 Aug 01 12:00:00 AM","T5","Departure","Domestic","277,029"
"2019 Jun 24 01:17:06 PM","2019 May 01 12:00:00 AM","T7","Arrival","International","61,033"
"2018 Apr 18 03:12:41 PM","2009 Jul 01 12:00:00 AM","T6","Arrival","International","11,673"
"2018 Apr 18 03:12:41 PM","2009 Sep 01 12:00:00 AM","T6","Departure","International","15,672"
"2018 Apr 18 03:12:41 PM","2008 Dec 01 12:00:00 AM","T2","Departure","International","155,630"
"2018 Apr 18 03:12:41 PM","2017 Nov 01 12:00:00 AM","T8","Arrival","International","5,091"
"2018 Apr 18 03:12:41 PM","2010 Feb 01 12:00:00 AM","T6","Departure","Domestic","153,883"
"2019 Jun 24 01:17:06 PM","2019 May 01 12:00:00 AM","T3","Arrival","Domestic","324,255"
"2018 Apr 18 03:12:41 PM","2014 Nov 01 12:00:00 AM","Miscellaneous Terminal","Departure","Domestic","45,643"
"2018 Apr 18 03:12:41 PM","2016 Jan 01 12:00:00 AM","Imperial Terminal","Departure","Domestic","805"
"2018 Apr 18 03:12:41 PM","2010 Sep 01 12:00:00 AM","TBIT","Departure","International","279,853"
"2018 Apr 18 03:12:41 PM","2008 Nov 01 12:00:00 AM","Miscellaneous Terminal","Arrival","Domestic","320"
"2018 Apr 18 03:12:41 PM","2008 Mar 01 12:00:00 AM","T8","Departure","Domestic","113,504"
"2018 Apr 18 03:12:41 PM","2013 Jun 01 12:00:00 AM","T3","Departure","International","19,425"
"2018 Apr 18 03:12:41 PM","2006 Apr 01 12:00:00 AM","T4","Arrival","International","66,472"
"2018 Apr 18 03:12:41 PM","2009 Jun 01 12:00:00 AM","T6","Departure","Domestic","209,466"
"2018 Apr 18 03:12:41 PM","2016 Sep 01 12:00:00 AM","T2","Arrival","Domestic","41,903"
"2018 Apr 18 03:12:41 PM","2017 Mar 01 12:00:00 AM","T4","Arrival","Domestic","327,234"
"2018 Apr 18 03:12:41 PM","2011 Feb 01 12:00:00 AM","T3","Departure","Domestic","177,125"
"2018 Apr 18 03:12:41 PM","2017 Jul 01 12:00:00 AM","T7","Departure","Domestic","349,911"
"2018 Apr 18 03:12:41 PM","2006 Dec 01 12:00:00 AM","T2","Arrival","International","158,947"
"2018 Apr 18 03:12:41 PM","2016 Oct 01 12:00:00 AM","T7","Departure","Domestic","315,087"
"2018 Apr 18 03:12:41 PM","2010 Jun 01 12:00:00 AM","Miscellaneous Terminal","Arrival","Domestic","120"
"2018 Apr 18 03:12:41 PM","2006 Dec 01 12:00:00 AM","T1","Departure","International","720"
"2018 Apr 18 03:12:41 PM","2006 Sep 01 12:00:00 AM","T7","Departure","International","38,656"
"2018 Apr 18 03:12:41 PM","2007 Jun 01 12:00:00 AM","T8","Arrival","Domestic","117,497"
"2018 Apr 18 03:12:41 PM","2015 May 01 12:00:00 AM","T3","Arrival","International","0"
"2018 Apr 18 03:12:41 PM","2013 Apr 01 12:00:00 AM","T4","Arrival","Domestic","366,475"
"2018 Apr 18 03:12:41 PM","2006 Nov 01 12:00:00 AM","T6","Arrival","Domestic","223,027"
"2018 Apr 18 03:12:41 PM","2012 Oct 01 12:00:00 AM","T5","Departure","International","18,618"
"2018 Apr 18 03:12:41 PM","2010 Jan 01 12:00:00 AM","T3","Departure","International","68,562"
"2020 May 04 06:39:48 AM","2020 Jan 01 12:00:00 AM","Miscellaneous Terminal","Arrival","International","6,465"
"2018 Apr 18 03:12:41 PM","2012 Sep 01 12:00:00 AM","T2","Arrival","Domestic","32,165"
"2018 Apr 18 03:12:41 PM","2008 Dec 01 12:00:00 AM","T7","Arrival","International","17,956"
"2018 Apr 18 03:12:41 PM","2010 Jan 01 12:00:00 AM","T8","Departure","International","7,250"
"2018 Apr 18 03:12:41 PM","2008 Oct 01 12:00:00 AM","T6","Departure","Domestic","252,493"
"2019 Mar 01 11:09:59 AM","2019 Jan 01 12:00:00 AM","T3","Departure","Domestic","250,610"
"2018 Apr 18 03:12:41 PM","2009 Mar 01 12:00:00 AM","T5","Departure","Domestic","168,288"
"2018 Apr 18 03:12:41 PM","2014 Oct 01 12:00:00 AM","T2","Arrival","Domestic","37,270"
"2018 Apr 18 03:12:41 PM","2014 Jul 01 12:00:00 AM","TBIT","Arrival","International","563,973"
"2018 Apr 18 03:12:41 PM","2006 Feb 01 12:00:00 AM","T4","Arrival","International","59,514"
"2019 Sep 27 07:57:24 AM","2019 Aug 01 12:00:00 AM","T6","Departure","Domestic","265,544"
"2018 Apr 18 03:12:41 PM","2014 Mar 01 12:00:00 AM","T3","Departure","International","2,046"
"2018 Apr 18 03:12:41 PM","2015 Mar 01 12:00:00 AM","T2","Departure","Domestic","37,891"
"2018 Apr 18 03:12:41 PM","2014 May 01 12:00:00 AM","T5","Departure","Domestic","356,026"
"2018 Apr 18 03:12:41 PM","2006 Mar 01 12:00:00 AM","Miscellaneous Terminal","Departure","Domestic","601"
"2018 Apr 18 03:12:41 PM","2014 Dec 01 12:00:00 AM","TBIT","Arrival","Domestic","11,797"
"2018 Apr 18 03:12:41 PM","2009 Jul 01 12:00:00 AM","T4","Departure","International","41,449"
"2018 Apr 18 03:12:41 PM","2012 Jan 01 12:00:00 AM","T5","Arrival","Domestic","246,743"
"2018 Apr 18 03:12:41 PM","2009 Jun 01 12:00:00 AM","Miscellaneous Terminal","Departure","Domestic","159"
"2021 Mar 03 10:48:12 AM","2021 Jan 01 12:00:00 AM","T7","Departure","Domestic","94,998"
"2018 Apr 18 03:12:41 PM","2014 Nov 01 12:00:00 AM","T2","Arrival","Domestic","34,152"
"2019 May 28 06:24:45 AM","2019 Apr 01 12:00:00 AM","T3","Arrival","Domestic","320,897"
"2020 Dec 07 01:58:36 PM","2020 Oct 01 12:00:00 AM","T4","Departure","International","9,191"
"2018 Apr 18 03:12:41 PM","2006 Dec 01 12:00:00 AM","T6","Arrival","Domestic","223,044"
"2018 Apr 18 03:12:41 PM","2012 May 01 12:00:00 AM","Miscellaneous Terminal","Departure","Domestic","150"
"2018 Apr 18 03:12:41 PM","2007 Apr 01 12:00:00 AM","T1","Arrival","Domestic","429,147"
"2021 Mar 03 10:48:12 AM","2021 Jan 01 12:00:00 AM","T2","Arrival","Domestic","168,076"
"2018 Apr 18 03:12:41 PM","2014 Mar 01 12:00:00 AM","T6","Departure","Domestic","278,964"
"2018 Apr 18 03:12:41 PM","2016 Jan 01 12:00:00 AM","T5","Arrival","International","78,446"
"2018 Apr 18 03:12:41 PM","2009 Oct 01 12:00:00 AM","T7","Departure","Domestic","240,273"
"2018 Apr 18 03:12:41 PM","2017 Mar 01 12:00:00 AM","T4","Departure","Domestic","312,388"
"2018 Apr 18 03:12:41 PM","2014 May 01 12:00:00 AM","T6","Arrival","International","20,654"
"2018 Apr 18 03:12:41 PM","2013 Dec 01 12:00:00 AM","Miscellaneous Terminal","Arrival","Domestic","85,535"
"2018 Apr 18 03:12:41 PM","2012 Nov 01 12:00:00 AM","T7","Departure","International","36,482"
"2019 Dec 10 06:01:20 AM","2019 Nov 01 12:00:00 AM","T1","Departure","Domestic","371,416"
"2018 Dec 26 06:52:40 AM","2018 Nov 01 12:00:00 AM","T2","Arrival","Domestic","195,081"
"2018 Apr 18 03:12:41 PM","2013 Apr 01 12:00:00 AM","Miscellaneous Terminal","Arrival","International","1,061"
"2018 Apr 18 03:12:41 PM","2012 Dec 01 12:00:00 AM","T7","Arrival","International","81,719"
"2018 Apr 18 03:12:41 PM","2012 May 01 12:00:00 AM","T2","Departure","Domestic","24,356"
"2018 Apr 18 03:12:41 PM","2016 Jun 01 12:00:00 AM","T4","Arrival","Domestic","425,783"
"2018 Apr 18 03:12:41 PM","2008 Mar 01 12:00:00 AM","T6","Arrival","Domestic","221,768"
"2018 Apr 18 03:12:41 PM","2009 Nov 01 12:00:00 AM","Miscellaneous Terminal","Arrival","Domestic","129"
"2018 Apr 18 03:12:41 PM","2010 Feb 01 12:00:00 AM","TBIT","Departure","International","274,445"
"2018 Apr 18 03:12:41 PM","2018 Feb 01 12:00:00 AM","T2","Arrival","Domestic","178,698"
"2018 Apr 18 03:12:41 PM","2006 Aug 01 12:00:00 AM","T4","Arrival","International","60,667"
"2018 Apr 18 03:12:41 PM","2008 Sep 01 12:00:00 AM","T1","Departure","Domestic","360,314"
"2018 Apr 18 03:12:41 PM","2014 Aug 01 12:00:00 AM","T6","Departure","Domestic","316,002"
"2018 Apr 18 03:12:41 PM","2009 Nov 01 12:00:00 AM","T7","Departure","International","23,518"
"2018 Apr 18 03:12:41 PM","2012 Mar 01 12:00:00 AM","T6","Departure","Domestic","232,745"
"2018 Apr 18 03:12:41 PM","2014 Feb 01 12:00:00 AM","T7","Arrival","International","72,618"
"2020 Dec 10 06:01:38 AM","2020 Nov 01 12:00:00 AM","T1","Arrival","Domestic","103,115"
"2018 Apr 18 03:12:41 PM","2014 Oct 01 12:00:00 AM","T2","Arrival","International","179,743"
"2019 Aug 23 03:41:00 PM","2019 Jul 01 12:00:00 AM","T6","Arrival","International","103,128"
"2018 Apr 18 03:12:41 PM","2018 Jan 01 12:00:00 AM","T5","Departure","International","1,476"
"2018 Apr 18 03:12:41 PM","2010 Jul 01 12:00:00 AM","T7","Arrival","International","27,987"
"2018 Apr 18 03:12:41 PM","2013 Aug 01 12:00:00 AM","T7","Departure","Domestic","304,507"
"2018 Apr 18 03:12:41 PM","2009 Jan 01 12:00:00 AM","T5","Departure","Domestic","148,103"
"2018 Apr 18 03:12:41 PM","2017 Feb 01 12:00:00 AM","T5","Departure","Domestic","342,485"
"2018 Apr 18 03:12:41 PM","2006 Sep 01 12:00:00 AM","TBIT","Departure","International","342,663"
"2018 Apr 18 03:12:41 PM","2011 Apr 01 12:00:00 AM","T3","Departure","Domestic","216,559"
"2018 Apr 18 03:12:41 PM","2007 Oct 01 12:00:00 AM","T8","Departure","International","3,043"
"2018 Apr 18 03:12:41 PM","2013 Nov 01 12:00:00 AM","T4","Departure","International","35,341"
"2018 Apr 18 03:12:41 PM","2007 Feb 01 12:00:00 AM","T5","Departure","International","31,332"
"2018 Apr 18 03:12:41 PM","2008 Oct 01 12:00:00 AM","T3","Departure","Domestic","90,660"
"2018 Apr 18 03:12:41 PM","2016 Sep 01 12:00:00 AM","TBIT","Arrival","Domestic","15,874"
"2018 Apr 18 03:12:41 PM","2013 Nov 01 12:00:00 AM","T4","Departure","Domestic","333,723"
"2018 Apr 18 03:12:41 PM","2009 Feb 01 12:00:00 AM","T4","Arrival","Domestic","311,103"
"2018 Apr 18 03:12:41 PM","2009 Sep 01 12:00:00 AM","T3","Departure","Domestic","155,511"
"2018 Apr 18 03:12:41 PM","2010 Apr 01 12:00:00 AM","T7","Departure","Domestic","249,015"
"2018 Apr 18 03:12:41 PM","2012 Mar 01 12:00:00 AM","T3","Arrival","Domestic","234,231"
"2018 Apr 18 03:12:41 PM","2011 Dec 01 12:00:00 AM","T4","Departure","Domestic","400,382"
"2018 Apr 18 03:12:41 PM","2013 Mar 01 12:00:00 AM","T3","Departure","International","16,888"
"2020 Jan 22 06:57:11 AM","2019 Dec 01 12:00:00 AM","T5","Arrival","Domestic","416,048"
"2018 Apr 18 03:12:41 PM","2013 Jun 01 12:00:00 AM","T6","Arrival","Domestic","283,987"
"2018 Apr 18 03:12:41 PM","2015 Apr 01 12:00:00 AM","T6","Departure","International","45,988"
"2021 Apr 01 09:37:48 AM","2021 Feb 01 12:00:00 AM","T6","Arrival","Domestic","63,732"
"2018 Apr 18 03:12:41 PM","2016 Feb 01 12:00:00 AM","T2","Arrival","International","157,669"
"2018 Sep 26 09:27:08 AM","2018 Aug 01 12:00:00 AM","T7","Arrival","Domestic","363,188"
"2018 Apr 18 03:12:41 PM","2011 Dec 01 12:00:00 AM","T2","Departure","Domestic","25,613"
"2018 Apr 18 03:12:41 PM","2006 Aug 01 12:00:00 AM","T6","Departure","International","7,255"
"2018 Apr 18 03:12:41 PM","2011 May 01 12:00:00 AM","Miscellaneous Terminal","Departure","International","43"
"2018 Apr 18 03:12:41 PM","2016 Dec 01 12:00:00 AM","T8","Departure","International","12,413"
"2018 Apr 18 03:12:41 PM","2014 Mar 01 12:00:00 AM","T7","Arrival","Domestic","253,496"
"2018 Apr 18 03:12:41 PM","2017 Feb 01 12:00:00 AM","T5","Departure","International","42,964"
"2018 Apr 18 03:12:41 PM","2017 Oct 01 12:00:00 AM","T7","Arrival","International","55,907"
"2018 Apr 18 03:12:41 PM","2011 Mar 01 12:00:00 AM","T5","Arrival","International","15,533"
"2018 Apr 18 03:12:41 PM","2018 Feb 01 12:00:00 AM","T8","Departure","Domestic","84,014"
"2018 Apr 18 03:12:41 PM","2009 Sep 01 12:00:00 AM","T4","Arrival","International","27,859"
"2018 Apr 18 03:12:41 PM","2008 Jan 01 12:00:00 AM","T7","Arrival","International","36,831"
"2018 Apr 18 03:12:41 PM","2006 Jul 01 12:00:00 AM","T1","Departure","Domestic","468,038"
"2019 Jan 30 07:34:09 AM","2018 Dec 01 12:00:00 AM","T7","Departure","International","45,969"
"2021 Feb 02 08:17:02 AM","2020 Dec 01 12:00:00 AM","Miscellaneous Terminal","Arrival","International","18"
"2018 Apr 18 03:12:41 PM","2007 May 01 12:00:00 AM","T2","Departure","Domestic","106,210"
"2018 Apr 18 03:12:41 PM","2011 Jul 01 12:00:00 AM","T5","Departure","International","33,027"
"2018 Apr 18 03:12:41 PM","2009 Oct 01 12:00:00 AM","T8","Departure","Domestic","140,422"
"2018 Apr 18 03:12:41 PM","2008 Jun 01 12:00:00 AM","T8","Arrival","Domestic","111,985"
"2018 Apr 18 03:12:41 PM","2007 Apr 01 12:00:00 AM","T6","Departure","International","4,188"
"2018 Apr 18 03:12:41 PM","2009 Oct 01 12:00:00 AM","T8","Arrival","Domestic","135,913"
"2018 Apr 18 03:12:41 PM","2016 Sep 01 12:00:00 AM","Miscellaneous Terminal","Arrival","International","2,132"
"2018 Apr 18 03:12:41 PM","2016 Feb 01 12:00:00 AM","T8","Departure","International","5,868"
"2018 Apr 18 03:12:41 PM","2006 Sep 01 12:00:00 AM","Imperial Terminal","Departure","Domestic","211"
"2018 Apr 18 03:12:41 PM","2006 May 01 12:00:00 AM","T2","Departure","International","160,172"
"2018 Apr 18 03:12:41 PM","2008 Aug 01 12:00:00 AM","T1","Departure","Domestic","455,113"
"2018 Apr 18 03:12:41 PM","2010 Jan 01 12:00:00 AM","T4","Departure","International","36,002"
"2018 Apr 18 03:12:41 PM","2016 Sep 01 12:00:00 AM","T3","Departure","Domestic","339,215"
"2018 Apr 18 03:12:41 PM","2014 Nov 01 12:00:00 AM","T7","Arrival","Domestic","290,965"
"2018 Apr 18 03:12:41 PM","2008 Aug 01 12:00:00 AM","T2","Arrival","International","172,603"
"2020 Apr 08 09:58:08 AM","2020 Feb 01 12:00:00 AM","T7","Arrival","Domestic","265,726"
"2020 Dec 07 01:58:36 PM","2020 Oct 01 12:00:00 AM","T5","Arrival","Domestic","178,867"
"2018 Apr 18 03:12:41 PM","2006 Apr 01 12:00:00 AM","TBIT","Departure","International","338,863"
"2018 Apr 18 03:12:41 PM","2011 Oct 01 12:00:00 AM","TBIT","Departure","International","315,105"
"2018 Apr 18 03:12:41 PM","2006 Apr 01 12:00:00 AM","T5","Departure","Domestic","158,133"
"2018 Apr 18 03:12:41 PM","2010 Mar 01 12:00:00 AM","T4","Arrival","International","17,842"
"2018 Apr 18 03:12:41 PM","2014 Sep 01 12:00:00 AM","TBIT","Departure","Domestic","9,517"
"2018 Apr 18 03:12:41 PM","2014 Dec 01 12:00:00 AM","T4","Arrival","Domestic","361,706"
"2018 Apr 18 03:12:41 PM","2012 May 01 12:00:00 AM","Miscellaneous Terminal","Arrival","Domestic","150"
"2018 Apr 18 03:12:41 PM","2010 Oct 01 12:00:00 AM","T6","Arrival","Domestic","233,124"
"2018 Apr 18 03:12:41 PM","2006 Jul 01 12:00:00 AM","Imperial Terminal","Departure","Domestic","88"
"2018 Apr 18 03:12:41 PM","2010 May 01 12:00:00 AM","T7","Arrival","International","22,018"
"2019 Jan 30 07:34:09 AM","2018 Dec 01 12:00:00 AM","Miscellaneous Terminal","Departure","International","6,518"
"2019 Jul 18 06:18:08 AM","2019 Jun 01 12:00:00 AM","T6","Departure","Domestic","265,440"
"2018 Apr 18 03:12:41 PM","2006 Jan 01 12:00:00 AM","T8","Departure","Domestic","100,406"
"2018 Apr 18 03:12:41 PM","2014 May 01 12:00:00 AM","T2","Departure","Domestic","34,614"
"2018 Apr 18 03:12:41 PM","2007 Dec 01 12:00:00 AM","T6","Arrival","Domestic","227,445"
"2018 Apr 18 03:12:41 PM","2011 Aug 01 12:00:00 AM","T4","Departure","Domestic","450,266"
"2018 Apr 18 03:12:41 PM","2015 Nov 01 12:00:00 AM","Miscellaneous Terminal","Departure","Domestic","85,431"
"2018 Apr 18 03:12:41 PM","2011 Sep 01 12:00:00 AM","T6","Departure","International","13,969"
"2018 Apr 18 03:12:41 PM","2007 Feb 01 12:00:00 AM","T4","Departure","Domestic","351,635"
"2018 Apr 18 03:12:41 PM","2008 Sep 01 12:00:00 AM","T3","Departure","Domestic","98,836"
"2018 Apr 18 03:12:41 PM","2016 Mar 01 12:00:00 AM","T2","Departure","International","179,652"
"2018 Apr 18 03:12:41 PM","2010 Apr 01 12:00:00 AM","T6","Arrival","Domestic","210,375"
"2018 Apr 18 03:12:41 PM","2008 Aug 01 12:00:00 AM","T8","Departure","Domestic","108,843"
"2018 Apr 18 03:12:41 PM","2012 May 01 12:00:00 AM","T5","Departure","International","15,957"
"2018 Apr 18 03:12:41 PM","2012 Dec 01 12:00:00 AM","T8","Departure","Domestic","131,603"
"2018 Apr 18 03:12:41 PM","2015 Jul 01 12:00:00 AM","T2","Arrival","Domestic","58,445"
"2018 Apr 18 03:12:41 PM","2013 May 01 12:00:00 AM","Miscellaneous Terminal","Departure","Domestic","76,786"
"2018 Apr 18 03:12:41 PM","2009 May 01 12:00:00 AM","T3","Arrival","Domestic","159,434"
"2018 Apr 18 03:12:41 PM","2017 Jan 01 12:00:00 AM","T4","Arrival","Domestic","316,510"
"2018 Apr 18 03:12:41 PM","2013 Oct 01 12:00:00 AM","T4","Arrival","Domestic","363,113"
"2018 Apr 18 03:12:41 PM","2013 Jul 01 12:00:00 AM","T7","Departure","International","52,712"
"2018 Apr 18 03:12:41 PM","2017 Feb 01 12:00:00 AM","TBIT","Arrival","Domestic","5,065"
"2018 Apr 18 03:12:41 PM","2012 Aug 01 12:00:00 AM","T3","Departure","Domestic","207,726"
"2018 Apr 18 03:12:41 PM","2014 Jul 01 12:00:00 AM","T4","Arrival","Domestic","404,403"
"2018 Apr 18 03:12:41 PM","2009 Aug 01 12:00:00 AM","T3","Departure","International","51,605"
"2018 Apr 18 03:12:41 PM","2009 Jun 01 12:00:00 AM","T4","Departure","Domestic","396,141"
"2020 Jan 22 06:57:11 AM","2019 Dec 01 12:00:00 AM","Miscellaneous Terminal","Departure","International","5,316"
"2018 Apr 18 03:12:41 PM","2006 Dec 01 12:00:00 AM","T1","Departure","Domestic","418,324"
"2018 Apr 18 03:12:41 PM","2011 Oct 01 12:00:00 AM","Miscellaneous Terminal","Arrival","Domestic","32"
"2018 Apr 18 03:12:41 PM","2008 Feb 01 12:00:00 AM","T2","Arrival","International","133,219"
"2020 Dec 07 01:58:36 PM","2020 Oct 01 12:00:00 AM","T5","Arrival","International","205"
"2018 Apr 18 03:12:41 PM","2013 Aug 01 12:00:00 AM","T5","Arrival","International","46,249"
"2018 Apr 18 03:12:41 PM","2006 Nov 01 12:00:00 AM","T4","Arrival","Domestic","399,315"
"2018 Apr 18 03:12:41 PM","2015 May 01 12:00:00 AM","Miscellaneous Terminal","Arrival","International","5,452"
"2018 Jul 11 02:24:22 PM","2018 Jun 01 12:00:00 AM","T5","Departure","Domestic","461,933"
"2018 Apr 18 03:12:41 PM","2013 Sep 01 12:00:00 AM","T5","Departure","Domestic","284,939"
"2018 Apr 18 03:12:41 PM","2013 Aug 01 12:00:00 AM","T2","Arrival","International","251,152"
"2018 Apr 18 03:12:41 PM","2009 Apr 01 12:00:00 AM","TBIT","Arrival","International","408,477"
"2018 Apr 18 03:12:41 PM","2014 Jul 01 12:00:00 AM","T5","Arrival","International","28,629"
"2018 Apr 18 03:12:41 PM","2012 Apr 01 12:00:00 AM","T7","Departure","International","33,073"
"2018 Apr 18 03:12:41 PM","2015 Mar 01 12:00:00 AM","TBIT","Arrival","Domestic","11,152"
"2018 Apr 18 03:12:41 PM","2006 Feb 01 12:00:00 AM","T3","Arrival","International","24,681"
"2019 Aug 23 03:41:00 PM","2019 Jul 01 12:00:00 AM","T3","Arrival","Domestic","367,188"
"2019 Nov 14 03:00:43 PM","2019 Oct 01 12:00:00 AM","T6","Departure","International","99,590"
"2018 Apr 18 03:12:41 PM","2012 Jul 01 12:00:00 AM","T8","Arrival","International","1,858"
"2018 Apr 18 03:12:41 PM","2014 Jan 01 12:00:00 AM","TBIT","Arrival","Domestic","7,704"
"2018 Apr 18 03:12:41 PM","2013 Jun 01 12:00:00 AM","Miscellaneous Terminal","Arrival","International","14"
"2018 Apr 18 03:12:41 PM","2012 Feb 01 12:00:00 AM","Miscellaneous Terminal","Arrival","International","173"
"2018 Apr 18 03:12:41 PM","2007 Aug 01 12:00:00 AM","T2","Departure","International","188,184"
"2018 Apr 18 03:12:41 PM","2011 Sep 01 12:00:00 AM","T3","Departure","International","67,732"
"2018 Apr 18 03:12:41 PM","2009 Feb 01 12:00:00 AM","T2","Departure","Domestic","73,613"
"2018 Apr 18 03:12:41 PM","2007 Sep 01 12:00:00 AM","T5","Departure","Domestic","195,075"
"2018 Apr 18 03:12:41 PM","2014 Aug 01 12:00:00 AM","T8","Departure","Domestic","124,997"
"2018 Apr 18 03:12:41 PM","2007 Sep 01 12:00:00 AM","T1","Departure","International","68"
"2018 Apr 18 03:12:41 PM","2014 Aug 01 12:00:00 AM","T2","Departure","Domestic","52,480"
"2018 Apr 18 03:12:41 PM","2016 Nov 01 12:00:00 AM","T8","Departure","International","11,416"
"2018 Apr 18 03:12:41 PM","2011 Dec 01 12:00:00 AM","T8","Arrival","Domestic","156,607"
"2018 Apr 18 03:12:41 PM","2011 Jan 01 12:00:00 AM","TBIT","Arrival","International","411,699"
"2018 Apr 18 03:12:41 PM","2010 May 01 12:00:00 AM","T8","Departure","International","8,531"
"2018 Apr 18 03:12:41 PM","2015 Jun 01 12:00:00 AM","T7","Arrival","International","78,964"
"2018 Apr 18 03:12:41 PM","2014 Apr 01 12:00:00 AM","T5","Departure","Domestic","347,192"
"2019 Mar 01 11:09:59 AM","2019 Jan 01 12:00:00 AM","Miscellaneous Terminal","Departure","Domestic","113,395"
"2018 Apr 18 03:12:41 PM","2018 Feb 01 12:00:00 AM","Miscellaneous Terminal","Departure","International","4,169"
"2019 Mar 01 11:09:59 AM","2019 Jan 01 12:00:00 AM","T8","Arrival","International","2,152"
"2018 Apr 18 03:12:41 PM","2017 Jul 01 12:00:00 AM","T3","Arrival","Domestic","343,175"
"2018 Apr 18 03:12:41 PM","2007 Nov 01 12:00:00 AM","Imperial Terminal","Departure","International","53"
"2018 Apr 18 03:12:41 PM","2017 Nov 01 12:00:00 AM","TBIT","Departure","International","609,473"
"2019 Apr 29 01:10:30 PM","2019 Mar 01 12:00:00 AM","TBIT","Arrival","International","687,288"
"2021 Mar 03 10:48:12 AM","2021 Jan 01 12:00:00 AM","T5","Arrival","Domestic","116,130"
"2018 Apr 18 03:12:41 PM","2010 Apr 01 12:00:00 AM","T8","Arrival","International","4,867"
"2018 Apr 18 03:12:41 PM","2015 Aug 01 12:00:00 AM","T7","Departure","International","43,547"
"2019 Nov 14 03:00:43 PM","2019 Oct 01 12:00:00 AM","T7","Arrival","Domestic","336,024"
"2018 Apr 18 03:12:41 PM","2009 May 01 12:00:00 AM","T8","Arrival","Domestic","103,958"
"2018 Jul 11 02:24:22 PM","2018 Jun 01 12:00:00 AM","T4","Departure","International","88,313"
"2018 Apr 18 03:12:41 PM","2015 Feb 01 12:00:00 AM","T8","Arrival","International","4,730"
"2019 Aug 23 03:41:00 PM","2019 Jul 01 12:00:00 AM","T2","Arrival","Domestic","285,983"
"2018 Apr 18 03:12:41 PM","2014 May 01 12:00:00 AM","T7","Departure","International","43,508"
"2021 Feb 10 06:01:18 AM","2021 Jan 01 12:00:00 AM","T1","Departure","Domestic","72,296"
"2018 Apr 18 03:12:41 PM","2010 Nov 01 12:00:00 AM","T4","Arrival","International","16,645"
"2018 Apr 18 03:12:41 PM","2011 Aug 01 12:00:00 AM","T4","Arrival","International","18,642"
"2018 Apr 18 03:12:41 PM","2010 Aug 01 12:00:00 AM","T2","Departure","International","219,662"
"2018 Apr 18 03:12:41 PM","2009 Jan 01 12:00:00 AM","Miscellaneous Terminal","Arrival","Domestic","159"
"2020 Jan 10 06:01:24 AM","2019 Dec 01 12:00:00 AM","T1","Arrival","Domestic","406,131"
"2018 Apr 18 03:12:41 PM","2012 May 01 12:00:00 AM","T6","Arrival","International","29,650"
"2018 Apr 18 03:12:41 PM","2016 Feb 01 12:00:00 AM","T1","Arrival","Domestic","315,385"
"2018 Apr 18 03:12:41 PM","2006 Sep 01 12:00:00 AM","Imperial Terminal","Arrival","Domestic","111"
"2018 Apr 18 03:12:41 PM","2012 Mar 01 12:00:00 AM","TBIT","Departure","Domestic","5,832"
"2018 Apr 18 03:12:41 PM","2010 Oct 01 12:00:00 AM","T7","Arrival","International","23,382"
"2018 Apr 18 03:12:41 PM","2014 Apr 01 12:00:00 AM","Miscellaneous Terminal","Arrival","International","29"
"2018 Apr 18 03:12:41 PM","2008 Jan 01 12:00:00 AM","T6","Departure","Domestic","186,067"
"2018 Apr 18 03:12:41 PM","2010 May 01 12:00:00 AM","T3","Arrival","Domestic","158,666"
"2018 Apr 18 03:12:41 PM","2010 Jun 01 12:00:00 AM","TBIT","Departure","Domestic","7,948"
"2018 Apr 18 03:12:41 PM","2006 Nov 01 12:00:00 AM","T8","Arrival","Domestic","115,776"
"2018 Apr 18 03:12:41 PM","2017 Aug 01 12:00:00 AM","T2","Departure","International","119,385"
"2018 Apr 18 03:12:41 PM","2012 Mar 01 12:00:00 AM","T7","Departure","International","33,211"
"2018 Apr 18 03:12:41 PM","2009 Nov 01 12:00:00 AM","T1","Departure","Domestic","353,697"
"2018 Apr 18 03:12:41 PM","2011 Mar 01 12:00:00 AM","T6","Departure","International","21,332"
"2018 Apr 18 03:12:41 PM","2006 Dec 01 12:00:00 AM","T3","Departure","Domestic","156,000"
"2018 Apr 18 03:12:41 PM","2013 Aug 01 12:00:00 AM","T4","Arrival","Domestic","387,047"
"2018 Apr 18 03:12:41 PM","2007 Mar 01 12:00:00 AM","T3","Arrival","International","25,082"
"2018 Apr 18 03:12:41 PM","2017 Apr 01 12:00:00 AM","T7","Departure","International","39,628"
"2018 Apr 18 03:12:41 PM","2015 Apr 01 12:00:00 AM","Miscellaneous Terminal","Arrival","Domestic","90,813"
"2020 Jun 10 06:01:27 AM","2020 May 01 12:00:00 AM","T2","Departure","International","1,313"
"2018 Apr 18 03:12:41 PM","2017 Dec 01 12:00:00 AM","T3","Departure","Domestic","267,171"
"2018 Apr 18 03:12:41 PM","2014 Jun 01 12:00:00 AM","T3","Departure","Domestic","369,027"
"2018 Apr 18 03:12:41 PM","2008 Nov 01 12:00:00 AM","T6","Departure","International","4,639"
"2018 Apr 18 03:12:41 PM","2009 Jan 01 12:00:00 AM","T2","Departure","Domestic","84,116"
"2020 Feb 28 08:21:30 AM","2020 Jan 01 12:00:00 AM","T2","Departure","International","71,852"
"2018 Apr 18 03:12:41 PM","2014 Nov 01 12:00:00 AM","T4","Departure","Domestic","336,852"
"2018 Apr 18 03:12:41 PM","2008 Jul 01 12:00:00 AM","T4","Departure","Domestic","448,681"
"2018 Apr 18 03:12:41 PM","2017 Nov 01 12:00:00 AM","Miscellaneous Terminal","Arrival","International","4,794"
"2018 Apr 18 03:12:41 PM","2017 Jun 01 12:00:00 AM","T8","Arrival","Domestic","180,262"
"2018 Apr 18 03:12:41 PM","2014 Nov 01 12:00:00 AM","T5","Departure","International","53,570"
"2019 Jan 30 07:34:09 AM","2018 Dec 01 12:00:00 AM","T6","Departure","International","102,635"
"2019 Aug 10 06:01:31 AM","2019 Jul 01 12:00:00 AM","T3","Arrival","International","35,136"
"2020 Oct 27 08:53:01 AM","2020 Sep 01 12:00:00 AM","T7","Departure","International","4,232"
"2018 Apr 18 03:12:41 PM","2017 Jun 01 12:00:00 AM","T4","Departure","International","86,669"
"2018 Apr 18 03:12:41 PM","2015 May 01 12:00:00 AM","T2","Arrival","Domestic","40,468"
"2018 Apr 18 03:12:41 PM","2006 Sep 01 12:00:00 AM","T6","Arrival","Domestic","203,218"
"2018 Apr 18 03:12:41 PM","2007 Oct 01 12:00:00 AM","Imperial Terminal","Arrival","Domestic","43"
"2018 Apr 18 03:12:41 PM","2010 Mar 01 12:00:00 AM","T4","Arrival","Domestic","374,184"
"2018 Apr 18 03:12:41 PM","2014 Apr 01 12:00:00 AM","T2","Arrival","Domestic","27,871"
"2018 Apr 18 03:12:41 PM","2012 Sep 01 12:00:00 AM","T6","Departure","International","59,085"
"2018 Apr 18 03:12:41 PM","2006 May 01 12:00:00 AM","T7","Arrival","International","32,810"
"2020 Oct 27 08:53:01 AM","2020 Sep 01 12:00:00 AM","T8","Arrival","Domestic","17,047"
"2018 Apr 18 03:12:41 PM","2010 Jun 01 12:00:00 AM","T5","Departure","International","22,397"
"2018 Apr 18 03:12:41 PM","2008 Feb 01 12:00:00 AM","T5","Arrival","International","24,693"
"2020 Nov 10 06:01:35 AM","2020 Oct 01 12:00:00 AM","T7","Arrival","International","24,141"
"2018 Apr 18 03:12:41 PM","2015 Aug 01 12:00:00 AM","Miscellaneous Terminal","Arrival","Domestic","95,852"
"2018 Apr 18 03:12:41 PM","2007 Oct 01 12:00:00 AM","T7","Arrival","Domestic","241,498"
"2018 Apr 18 03:12:41 PM","2017 Nov 01 12:00:00 AM","T7","Departure","Domestic","314,119"
"2019 Apr 29 01:10:30 PM","2019 Feb 01 12:00:00 AM","TBIT","Arrival","International","586,454"
"2018 Apr 18 03:12:41 PM","2011 Apr 01 12:00:00 AM","T5","Arrival","International","683"
"2020 Jun 29 07:20:39 AM","2020 May 01 12:00:00 AM","TBIT","Arrival","International","22,273"
"2018 Apr 18 03:12:41 PM","2009 Dec 01 12:00:00 AM","Miscellaneous Terminal","Arrival","Domestic","1,119"
"2018 Apr 18 03:12:41 PM","2013 Oct 01 12:00:00 AM","T4","Departure","International","41,947"
"2018 Apr 18 03:12:41 PM","2013 Jun 01 12:00:00 AM","T4","Departure","International","38,487"
"2018 Aug 21 11:02:45 AM","2018 Jul 01 12:00:00 AM","T6","Arrival","International","104,500"
"2018 Apr 18 03:12:41 PM","2010 May 01 12:00:00 AM","T2","Departure","International","169,694"
"2018 Apr 18 03:12:41 PM","2010 Dec 01 12:00:00 AM","T8","Arrival","Domestic","149,627"
"2018 May 23 07:44:39 AM","2018 Apr 01 12:00:00 AM","T4","Departure","Domestic","333,620"
"2018 Apr 18 03:12:41 PM","2015 Oct 01 12:00:00 AM","T6","Departure","International","40,521"
"2018 Apr 18 03:12:41 PM","2014 Dec 01 12:00:00 AM","T8","Arrival","International","5,652"
"2018 Apr 18 03:12:41 PM","2015 May 01 12:00:00 AM","T4","Arrival","Domestic","360,207"
"2018 Apr 18 03:12:41 PM","2010 Apr 01 12:00:00 AM","T2","Departure","International","161,615"
"2018 Apr 18 03:12:41 PM","2015 Jan 01 12:00:00 AM","T2","Arrival","International","160,218"
"2019 Dec 10 06:01:20 AM","2019 Nov 01 12:00:00 AM","T6","Arrival","International","57,533"
"2018 Jul 11 02:24:22 PM","2018 May 01 12:00:00 AM","T4","Arrival","International","56,788"
"2019 Jun 24 01:17:06 PM","2019 May 01 12:00:00 AM","TBIT","Arrival","Domestic","6,444"
"2018 Apr 18 03:12:41 PM","2010 Apr 01 12:00:00 AM","T5","Departure","International","11,027"
"2018 Apr 18 03:12:41 PM","2013 Aug 01 12:00:00 AM","T7","Arrival","International","86,250"
"2018 Apr 18 03:12:41 PM","2007 Jan 01 12:00:00 AM","T3","Arrival","Domestic","139,038"
"2018 Oct 29 10:20:51 AM","2018 Sep 01 12:00:00 AM","Miscellaneous Terminal","Departure","Domestic","117,254"
"2018 Apr 18 03:12:41 PM","2015 Sep 01 12:00:00 AM","T1","Arrival","Domestic","323,742"
"2018 Apr 18 03:12:41 PM","2009 Feb 01 12:00:00 AM","T8","Departure","Domestic","81,957"
"2019 Jun 24 01:17:06 PM","2019 May 01 12:00:00 AM","T8","Arrival","Domestic","145,215"
"2019 Nov 10 06:01:31 AM","2019 Sep 01 12:00:00 AM","T4","Arrival","Domestic","334,447"
"2018 Apr 18 03:12:41 PM","2009 Jun 01 12:00:00 AM","T1","Departure","Domestic","393,841"
"2020 Aug 27 07:15:54 AM","2020 Jul 01 12:00:00 AM","T7","Arrival","International","12,230"
"2018 May 23 07:44:39 AM","2018 Apr 01 12:00:00 AM","T5","Departure","International","985"
"2018 Apr 18 03:12:41 PM","2014 Mar 01 12:00:00 AM","T5","Departure","International","37,505"
"2019 Apr 10 06:01:25 AM","2019 Mar 01 12:00:00 AM","T7","Arrival","Domestic","351,474"
"2018 Apr 18 03:12:41 PM","2015 Feb 01 12:00:00 AM","TBIT","Departure","International","377,280"
"2018 Apr 18 03:12:41 PM","2010 Sep 01 12:00:00 AM","T5","Departure","Domestic","221,697"
"2018 Apr 18 03:12:41 PM","2016 Feb 01 12:00:00 AM","T3","Arrival","Domestic","265,709"
"2018 Apr 18 03:12:41 PM","2012 Mar 01 12:00:00 AM","T4","Departure","Domestic","440,601"
"2018 Apr 18 03:12:41 PM","2011 Apr 01 12:00:00 AM","T8","Arrival","Domestic","147,370"
"2018 Dec 26 06:52:40 AM","2018 Nov 01 12:00:00 AM","T7","Departure","International","38,666"
"2018 Apr 18 03:12:41 PM","2012 Feb 01 12:00:00 AM","T3","Departure","International","69,044"
"2018 Apr 18 03:12:41 PM","2011 Nov 01 12:00:00 AM","T8","Arrival","Domestic","128,127"
"2018 Apr 18 03:12:41 PM","2011 Jul 01 12:00:00 AM","T3","Arrival","Domestic","278,892"
"2020 May 10 06:01:34 AM","2020 Apr 01 12:00:00 AM","T8","Arrival","Domestic","535"
"2021 Feb 10 06:01:18 AM","2021 Jan 01 12:00:00 AM","T1","Arrival","Domestic","75,715"
"2020 Jan 02 10:43:42 AM","2019 Nov 01 12:00:00 AM","TBIT","Arrival","Domestic","6,490"
"2018 Apr 18 03:12:41 PM","2013 May 01 12:00:00 AM","T3","Arrival","Domestic","231,154"
"2018 Apr 18 03:12:41 PM","2015 Sep 01 12:00:00 AM","TBIT","Arrival","Domestic","14,323"
"2018 Apr 18 03:12:41 PM","2014 Jun 01 12:00:00 AM","T7","Arrival","International","87,225"
"2018 Apr 18 03:12:41 PM","2015 Feb 01 12:00:00 AM","T2","Arrival","Domestic","29,347"
"2020 Jan 22 06:57:11 AM","2019 Dec 01 12:00:00 AM","T4","Departure","Domestic","401,853"
"2018 Apr 18 03:12:41 PM","2016 Oct 01 12:00:00 AM","T7","Arrival","International","58,105"
"2018 Nov 25 11:40:39 AM","2018 Oct 01 12:00:00 AM","T6","Departure","Domestic","245,490"
"2018 Apr 18 03:12:41 PM","2011 Feb 01 12:00:00 AM","Miscellaneous Terminal","Departure","International","13"
"2018 Apr 18 03:12:41 PM","2013 Mar 01 12:00:00 AM","T6","Arrival","International","57,080"
"2018 Apr 18 03:12:41 PM","2011 Mar 01 12:00:00 AM","T3","Arrival","Domestic","218,991"
"2018 Nov 25 11:40:39 AM","2018 Oct 01 12:00:00 AM","TBIT","Departure","International","711,408"
"2018 Apr 18 03:12:41 PM","2011 Jan 01 12:00:00 AM","T4","Departure","International","37,797"
"2019 Dec 10 06:01:20 AM","2019 Nov 01 12:00:00 AM","T6","Departure","International","100,016"
"2018 Oct 29 10:20:51 AM","2018 Mar 01 12:00:00 AM","T2","Arrival","International","99,013"
"2018 Apr 18 03:12:41 PM","2008 Jul 01 12:00:00 AM","T8","Departure","International","5,357"
"2018 Apr 18 03:12:41 PM","2006 Aug 01 12:00:00 AM","T2","Departure","Domestic","117,633"
"2019 Apr 29 01:10:30 PM","2019 Mar 01 12:00:00 AM","Miscellaneous Terminal","Departure","International","6,464"
"2019 Aug 23 03:41:00 PM","2019 Jul 01 12:00:00 AM","T8","Departure","International","11,828"
"2018 Apr 18 03:12:41 PM","2014 Nov 01 12:00:00 AM","Imperial Terminal","Departure","International","119"
"2018 Apr 18 03:12:41 PM","2013 Feb 01 12:00:00 AM","T5","Arrival","International","28,471"
"2018 Apr 18 03:12:41 PM","2013 Jan 01 12:00:00 AM","T6","Arrival","International","62,979"
"2018 Apr 18 03:12:41 PM","2011 Nov 01 12:00:00 AM","T3","Departure","International","70,350"
"2018 Apr 18 03:12:41 PM","2016 Feb 01 12:00:00 AM","Miscellaneous Terminal","Departure","Domestic","87,875"
"2018 Apr 18 03:12:41 PM","2011 Jul 01 12:00:00 AM","T8","Arrival","International","3,926"
"2018 Apr 18 03:12:41 PM","2017 Jun 01 12:00:00 AM","Miscellaneous Terminal","Arrival","International","2,275"
"2018 Oct 29 10:20:51 AM","2018 Sep 01 12:00:00 AM","TBIT","Arrival","Domestic","6,363"
"2018 Apr 18 03:12:41 PM","2007 Aug 01 12:00:00 AM","TBIT","Departure","International","391,634"
"2018 Apr 18 03:12:41 PM","2007 Jan 01 12:00:00 AM","T5","Arrival","International","39,717"
"2018 Apr 18 03:12:41 PM","2016 Jan 01 12:00:00 AM","T4","Departure","Domestic","374,316"
"2018 Apr 18 03:12:41 PM","2009 Apr 01 12:00:00 AM","T5","Departure","Domestic","162,920"
"2018 Apr 18 03:12:41 PM","2017 Feb 01 12:00:00 AM","T3","Departure","International","1,338"
"2018 Apr 18 03:12:41 PM","2008 Oct 01 12:00:00 AM","Miscellaneous Terminal","Departure","Domestic","43"
"2018 Apr 18 03:12:41 PM","2013 Aug 01 12:00:00 AM","T8","Arrival","Domestic","132,770"
"2018 Apr 18 03:12:41 PM","2012 Apr 01 12:00:00 AM","Miscellaneous Terminal","Departure","Domestic","35"
"2018 Apr 18 03:12:41 PM","2013 Dec 01 12:00:00 AM","T1","Departure","Domestic","424,370"
"2018 Apr 18 03:12:41 PM","2016 Feb 01 12:00:00 AM","T7","Arrival","International","58,797"
"2018 Apr 18 03:12:41 PM","2008 Dec 01 12:00:00 AM","T4","Arrival","Domestic","335,512"
"2018 Apr 18 03:12:41 PM","2015 Jul 01 12:00:00 AM","T4","Arrival","International","2,924"
"2018 Apr 18 03:12:41 PM","2007 Jan 01 12:00:00 AM","T6","Departure","Domestic","186,338"
"2018 Apr 18 03:12:41 PM","2013 Jan 01 12:00:00 AM","TBIT","Arrival","International","367,132"
"2020 Feb 28 08:21:30 AM","2020 Jan 01 12:00:00 AM","TBIT","Departure","International","655,505"
"2018 Apr 18 03:12:41 PM","2018 Jan 01 12:00:00 AM","T5","Arrival","Domestic","343,748"
"2018 Apr 18 03:12:41 PM","2018 Feb 01 12:00:00 AM","T6","Departure","International","87,651"
"2020 Jan 22 06:57:11 AM","2019 Nov 01 12:00:00 AM","Miscellaneous Terminal","Arrival","Domestic","104,778"
"2018 Apr 18 03:12:41 PM","2008 Nov 01 12:00:00 AM","T7","Departure","Domestic","201,359"
"2018 Apr 18 03:12:41 PM","2008 May 01 12:00:00 AM","T3","Arrival","Domestic","179,066"
"2019 May 28 06:24:45 AM","2019 Apr 01 12:00:00 AM","T2","Arrival","International","78,450"
"2018 Apr 18 03:12:41 PM","2011 Nov 01 12:00:00 AM","T3","Arrival","International","12,943"
"2018 Apr 18 03:12:41 PM","2007 Apr 01 12:00:00 AM","T5","Departure","Domestic","167,654"
"2018 Apr 18 03:12:41 PM","2006 Apr 01 12:00:00 AM","T2","Arrival","International","154,905"
"2018 Apr 18 03:12:41 PM","2015 Jan 01 12:00:00 AM","T8","Arrival","International","5,652"
"2018 Apr 18 03:12:41 PM","2007 Apr 01 12:00:00 AM","T6","Arrival","International","1,113"
"2018 Apr 18 03:12:41 PM","2006 Apr 01 12:00:00 AM","T1","Arrival","Domestic","435,996"
"2018 Apr 18 03:12:41 PM","2015 Dec 01 12:00:00 AM","T7","Arrival","International","76,490"
"2018 Apr 18 03:12:41 PM","2009 Jan 01 12:00:00 AM","T7","Departure","International","29,241"
"2018 Apr 18 03:12:41 PM","2015 Sep 01 12:00:00 AM","T2","Arrival","Domestic","42,351"
"2018 Apr 18 03:12:41 PM","2006 May 01 12:00:00 AM","Miscellaneous Terminal","Arrival","Domestic","286"
"2018 Apr 18 03:12:41 PM","2011 Aug 01 12:00:00 AM","Miscellaneous Terminal","Departure","Domestic","11"
"2018 Apr 18 03:12:41 PM","2009 Aug 01 12:00:00 AM","T7","Departure","International","32,359"
"2018 Apr 18 03:12:41 PM","2013 Jan 01 12:00:00 AM","T6","Departure","Domestic","278,454"
"2020 Sep 28 04:07:45 PM","2020 Aug 01 12:00:00 AM","T7","Arrival","International","17,484"
"2018 Apr 18 03:12:41 PM","2007 Mar 01 12:00:00 AM","T7","Departure","International","40,181"
"2018 May 23 07:44:39 AM","2018 Apr 01 12:00:00 AM","T3","Departure","International","26,647"
"2018 Apr 18 03:12:41 PM","2014 Apr 01 12:00:00 AM","T2","Departure","Domestic","26,805"
"2018 Apr 18 03:12:41 PM","2007 Jun 01 12:00:00 AM","T8","Arrival","International","2,882"
"2018 Apr 18 03:12:41 PM","2012 Feb 01 12:00:00 AM","T3","Departure","Domestic","216,351"
"2018 Aug 21 11:02:45 AM","2018 Jul 01 12:00:00 AM","T8","Departure","International","18,653"
"2018 Apr 18 03:12:41 PM","2011 Sep 01 12:00:00 AM","T6","Arrival","International","6,192"
"2018 Apr 18 03:12:41 PM","2017 Aug 01 12:00:00 AM","T5","Arrival","Domestic","436,104"
"2018 Apr 18 03:12:41 PM","2013 May 01 12:00:00 AM","T7","Departure","International","50,319"
"2018 Apr 18 03:12:41 PM","2017 Oct 01 12:00:00 AM","T3","Departure","Domestic","289,299"
"2018 Apr 18 03:12:41 PM","2015 Jun 01 12:00:00 AM","T7","Departure","Domestic","307,837"
"2018 Apr 18 03:12:41 PM","2010 Dec 01 12:00:00 AM","T6","Arrival","Domestic","235,415"
"2018 Apr 18 03:12:41 PM","2009 Feb 01 12:00:00 AM","T8","Arrival","Domestic","84,352"
"2018 Apr 18 03:12:41 PM","2013 Mar 01 12:00:00 AM","T5","Departure","International","21,249"
"2018 Apr 18 03:12:41 PM","2013 Oct 01 12:00:00 AM","T6","Departure","International","66,895"
"2018 Apr 18 03:12:41 PM","2011 Feb 01 12:00:00 AM","T6","Arrival","Domestic","134,250"
"2018 Apr 18 03:12:41 PM","2008 Apr 01 12:00:00 AM","T2","Departure","Domestic","95,433"
"2018 Apr 18 03:12:41 PM","2016 May 01 12:00:00 AM","T3","Arrival","Domestic","342,705"
"2018 Apr 18 03:12:41 PM","2007 Jan 01 12:00:00 AM","T4","Arrival","Domestic","395,418"
"2018 Apr 18 03:12:41 PM","2007 Sep 01 12:00:00 AM","T2","Departure","Domestic","94,694"
"2018 Apr 18 03:12:41 PM","2013 Feb 01 12:00:00 AM","TBIT","Arrival","International","291,436"
"2018 Apr 18 03:12:41 PM","2010 Jul 01 12:00:00 AM","T3","Arrival","International","19,743"
"2020 Oct 10 06:01:21 AM","2020 Sep 01 12:00:00 AM","T6","Arrival","Domestic","51,748"
"2018 Apr 18 03:12:41 PM","2006 Aug 01 12:00:00 AM","T5","Arrival","Domestic","184,823"
"2018 Apr 18 03:12:41 PM","2016 Sep 01 12:00:00 AM","T6","Departure","Domestic","286,046"
"2018 Apr 18 03:12:41 PM","2015 Sep 01 12:00:00 AM","T2","Departure","International","161,952"
"2018 Apr 18 03:12:41 PM","2010 Jan 01 12:00:00 AM","Miscellaneous Terminal","Departure","Domestic","1,470"
"2018 Apr 18 03:12:41 PM","2014 Jun 01 12:00:00 AM","T5","Arrival","Domestic","354,635"
"2018 Apr 18 03:12:41 PM","2018 Mar 01 12:00:00 AM","T3","Arrival","International","0"
"2018 Apr 18 03:12:41 PM","2016 Aug 01 12:00:00 AM","T4","Arrival","International","33,150"
"2018 Apr 18 03:12:41 PM","2016 Oct 01 12:00:00 AM","TBIT","Arrival","International","577,653"
"2018 Apr 18 03:12:41 PM","2016 May 01 12:00:00 AM","T3","Departure","Domestic","342,189"
"2018 Apr 18 03:12:41 PM","2015 Sep 01 12:00:00 AM","T5","Arrival","International","66,403"
"2018 Apr 18 03:12:41 PM","2010 Apr 01 12:00:00 AM","TBIT","Arrival","International","406,836"
"2018 Apr 18 03:12:41 PM","2014 Mar 01 12:00:00 AM","T4","Arrival","International","1,557"
"2018 Apr 18 03:12:41 PM","2008 Nov 01 12:00:00 AM","T3","Arrival","International","13,239"
"2018 Apr 18 03:12:41 PM","2013 Jul 01 12:00:00 AM","T3","Departure","Domestic","264,193"
"2018 Apr 18 03:12:41 PM","2007 May 01 12:00:00 AM","Imperial Terminal","Departure","International","21"
"2018 Apr 18 03:12:41 PM","2016 Jan 01 12:00:00 AM","T5","Arrival","Domestic","314,602"
"2018 Apr 18 03:12:41 PM","2009 Oct 01 12:00:00 AM","T6","Departure","International","16,701"
"2018 Apr 18 03:12:41 PM","2008 Mar 01 12:00:00 AM","T5","Departure","Domestic","203,463"
"2018 Apr 18 03:12:41 PM","2009 Jun 01 12:00:00 AM","T3","Departure","Domestic","176,797"
"2018 Jul 11 02:24:22 PM","2018 May 01 12:00:00 AM","Miscellaneous Terminal","Departure","International","6,463"
"2018 Apr 18 03:12:41 PM","2014 Apr 01 12:00:00 AM","TBIT","Arrival","International","451,364"
"2018 Apr 18 03:12:41 PM","2014 Sep 01 12:00:00 AM","T6","Departure","Domestic","266,621"
"2019 Jun 24 01:17:06 PM","2019 May 01 12:00:00 AM","T4","Departure","International","78,488"
"2018 Apr 18 03:12:41 PM","2013 Oct 01 12:00:00 AM","T6","Arrival","International","11,386"
"2018 Apr 18 03:12:41 PM","2007 Jul 01 12:00:00 AM","TBIT","Arrival","International","522,280"
"2018 May 10 07:49:00 AM","2018 Apr 01 12:00:00 AM","T8","Departure","Domestic","145,135"
"2018 Apr 18 03:12:41 PM","2012 Sep 01 12:00:00 AM","T1","Departure","Domestic","381,894"
"2018 Apr 18 03:12:41 PM","2010 Jan 01 12:00:00 AM","T5","Arrival","Domestic","209,023"
"2018 Apr 18 03:12:41 PM","2012 May 01 12:00:00 AM","TBIT","Arrival","International","381,578"
"2018 Apr 18 03:12:41 PM","2009 Jan 01 12:00:00 AM","T4","Arrival","International","33,540"
"2018 Apr 18 03:12:41 PM","2017 Jul 01 12:00:00 AM","T7","Arrival","Domestic","340,304"
"2018 Apr 18 03:12:41 PM","2014 Oct 01 12:00:00 AM","T3","Departure","Domestic","326,120"
"2018 Apr 18 03:12:41 PM","2017 Nov 01 12:00:00 AM","T3","Arrival","Domestic","303,750"
"2018 Apr 18 03:12:41 PM","2014 Jun 01 12:00:00 AM","T2","Departure","International","209,066"
"2018 Apr 18 03:12:41 PM","2018 Mar 01 12:00:00 AM","T6","Departure","International","108,013"
"2018 Apr 18 03:12:41 PM","2011 Feb 01 12:00:00 AM","T8","Departure","International","7,097"
"2018 Apr 18 03:12:41 PM","2012 Jul 01 12:00:00 AM","T4","Arrival","International","19,355"
"2018 Apr 18 03:12:41 PM","2017 Nov 01 12:00:00 AM","T4","Departure","International","74,994"
"2018 Apr 18 03:12:41 PM","2006 May 01 12:00:00 AM","T3","Departure","International","56,538"
"2018 Apr 18 03:12:41 PM","2012 Feb 01 12:00:00 AM","TBIT","Departure","Domestic","4,010"
"2018 Apr 18 03:12:41 PM","2014 Nov 01 12:00:00 AM","T6","Arrival","International","274"
"2018 Apr 18 03:12:41 PM","2017 Oct 01 12:00:00 AM","T7","Departure","Domestic","325,783"
"2018 Apr 18 03:12:41 PM","2007 Jan 01 12:00:00 AM","Miscellaneous Terminal","Arrival","Domestic","664"
"2021 Apr 01 09:37:48 AM","2021 Feb 01 12:00:00 AM","T6","Departure","International","20,720"
"2018 Apr 18 03:12:41 PM","2017 Mar 01 12:00:00 AM","T5","Arrival","Domestic","414,390"
"2018 Apr 18 03:12:41 PM","2012 May 01 12:00:00 AM","TBIT","Arrival","Domestic","5,580"
"2020 Jun 29 07:20:39 AM","2020 May 01 12:00:00 AM","T4","Departure","Domestic","56,604"
"2020 Apr 10 06:01:22 AM","2020 Mar 01 12:00:00 AM","T4","Departure","Domestic","197,142"
"2018 Apr 18 03:12:41 PM","2012 Apr 01 12:00:00 AM","TBIT","Arrival","International","369,543"
"2018 Apr 18 03:12:41 PM","2013 Mar 01 12:00:00 AM","T7","Departure","Domestic","295,073"
"2018 Apr 18 03:12:41 PM","2009 Dec 01 12:00:00 AM","T6","Arrival","International","11,691"
"2018 Apr 18 03:12:41 PM","2013 Apr 01 12:00:00 AM","T1","Departure","Domestic","395,739"
"2018 Apr 18 03:12:41 PM","2010 Sep 01 12:00:00 AM","T7","Departure","Domestic","240,962"
"2018 Apr 18 03:12:41 PM","2018 Feb 01 12:00:00 AM","T8","Arrival","International","4,405"
"2018 Apr 18 03:12:41 PM","2016 Aug 01 12:00:00 AM","T5","Departure","International","63,257"
"2018 Apr 18 03:12:41 PM","2014 Mar 01 12:00:00 AM","T7","Departure","Domestic","266,263"
"2018 Apr 18 03:12:41 PM","2015 Oct 01 12:00:00 AM","T5","Departure","International","63,921"
"2018 Apr 18 03:12:41 PM","2017 Apr 01 12:00:00 AM","T6","Departure","International","47,668"
"2018 Apr 18 03:12:41 PM","2016 Mar 01 12:00:00 AM","T8","Arrival","International","4,519"
"2018 Apr 18 03:12:41 PM","2008 Jul 01 12:00:00 AM","T7","Departure","International","47,294"
"2018 Apr 18 03:12:41 PM","2015 Aug 01 12:00:00 AM","T1","Departure","Domestic","371,991"
"2020 Aug 03 07:35:04 AM","2020 Jun 01 12:00:00 AM","TBIT","Arrival","International","39,919"
"2018 Apr 18 03:12:41 PM","2008 Aug 01 12:00:00 AM","T4","Arrival","International","80,516"
"2018 Apr 18 03:12:41 PM","2006 Apr 01 12:00:00 AM","TBIT","Arrival","International","412,808"
"2019 Mar 14 06:45:08 AM","2019 Feb 01 12:00:00 AM","T3","Arrival","Domestic","239,246"
"2018 Apr 18 03:12:41 PM","2017 May 01 12:00:00 AM","TBIT","Departure","Domestic","27,417"
"2019 Mar 14 06:45:08 AM","2019 Feb 01 12:00:00 AM","T7","Departure","Domestic","279,185"
"2019 May 28 06:24:45 AM","2019 Apr 01 12:00:00 AM","T3","Departure","International","54,842"
"2018 Apr 18 03:12:41 PM","2016 Jul 01 12:00:00 AM","T1","Arrival","Domestic","414,427"
"2018 Apr 18 03:12:41 PM","2015 Jan 01 12:00:00 AM","Miscellaneous Terminal","Departure","International","4,971"
"2018 Apr 18 03:12:41 PM","2017 Aug 01 12:00:00 AM","T4","Departure","Domestic","357,912"
"2018 Apr 18 03:12:41 PM","2008 Nov 01 12:00:00 AM","TBIT","Departure","International","288,548"
"2018 Apr 18 03:12:41 PM","2013 Mar 01 12:00:00 AM","TBIT","Departure","International","318,299"
"2021 Mar 03 10:48:12 AM","2021 Jan 01 12:00:00 AM","T6","Departure","Domestic","59,719"
"2018 Apr 18 03:12:41 PM","2015 Jan 01 12:00:00 AM","T7","Departure","Domestic","294,664"
"2018 Apr 18 03:12:41 PM","2011 Jan 01 12:00:00 AM","T4","Arrival","International","15,543"
"2018 Apr 18 03:12:41 PM","2014 Aug 01 12:00:00 AM","T3","Departure","Domestic","382,725"
"2019 Sep 27 07:57:24 AM","2019 Aug 01 12:00:00 AM","T4","Departure","Domestic","380,918"
"2018 Apr 18 03:12:41 PM","2013 Oct 01 12:00:00 AM","Miscellaneous Terminal","Arrival","Domestic","80,159"
"2018 Apr 18 03:12:41 PM","2007 Mar 01 12:00:00 AM","T6","Arrival","International","1,005"
"2018 Apr 18 03:12:41 PM","2007 Oct 01 12:00:00 AM","Imperial Terminal","Departure","Domestic","32"
"2018 Apr 18 03:12:41 PM","2009 Aug 01 12:00:00 AM","T6","Arrival","International","13,405"
"2018 Apr 18 03:12:41 PM","2008 Sep 01 12:00:00 AM","T7","Arrival","Domestic","219,727"
"2018 Apr 18 03:12:41 PM","2007 Feb 01 12:00:00 AM","T3","Arrival","Domestic","130,171"
"2018 Apr 18 03:12:41 PM","2015 Aug 01 12:00:00 AM","T4","Departure","Domestic","376,448"
"2018 Apr 18 03:12:41 PM","2015 Apr 01 12:00:00 AM","T2","Departure","Domestic","32,677"
"2018 Apr 18 03:12:41 PM","2006 May 01 12:00:00 AM","T5","Departure","Domestic","146,731"
"2018 Nov 25 11:40:39 AM","2018 Oct 01 12:00:00 AM","T5","Arrival","Domestic","373,226"
"2018 Apr 18 03:12:41 PM","2010 Mar 01 12:00:00 AM","T5","Departure","International","11,306"
"2019 Jan 30 07:34:09 AM","2018 Nov 01 12:00:00 AM","Miscellaneous Terminal","Departure","Domestic","115,395"
"2018 Apr 18 03:12:41 PM","2010 Mar 01 12:00:00 AM","T6","Arrival","Domestic","210,347"
"2018 Apr 18 03:12:41 PM","2017 Nov 01 12:00:00 AM","T7","Arrival","International","71,528"
"2018 Apr 18 03:12:41 PM","2009 Jun 01 12:00:00 AM","T8","Departure","International","6,204"
"2018 Apr 18 03:12:41 PM","2006 Nov 01 12:00:00 AM","T3","Departure","Domestic","146,016"
"2018 Apr 18 03:12:41 PM","2016 Oct 01 12:00:00 AM","T5","Departure","Domestic","404,717"
"2018 Apr 18 03:12:41 PM","2010 Feb 01 12:00:00 AM","TBIT","Arrival","Domestic","4,710"
"2018 Apr 18 03:12:41 PM","2009 Feb 01 12:00:00 AM","T1","Arrival","Domestic","312,085"
"2018 Apr 18 03:12:41 PM","2013 Nov 01 12:00:00 AM","T2","Departure","Domestic","27,558"
"2018 Apr 18 03:12:41 PM","2012 Dec 01 12:00:00 AM","Miscellaneous Terminal","Arrival","Domestic","52,361"
"2018 Apr 18 03:12:41 PM","2006 Jul 01 12:00:00 AM","T7","Arrival","Domestic","305,257"
"2018 Apr 18 03:12:41 PM","2008 Jul 01 12:00:00 AM","T5","Departure","Domestic","211,624"
"2018 Dec 10 06:01:26 AM","2018 Nov 01 12:00:00 AM","T8","Arrival","International","2,090"
"2019 Mar 22 10:49:20 AM","2019 Feb 01 12:00:00 AM","TBIT","Departure","International","564,648"
"2018 Apr 18 03:12:41 PM","2009 Dec 01 12:00:00 AM","T2","Departure","International","181,668"
"2018 Apr 18 03:12:41 PM","2010 Nov 01 12:00:00 AM","T1","Departure","Domestic","367,900"
"2018 Apr 18 03:12:41 PM","2008 Sep 01 12:00:00 AM","T5","Arrival","Domestic","141,771"
"2018 Apr 18 03:12:41 PM","2013 Jul 01 12:00:00 AM","T1","Arrival","Domestic","440,242"
"2018 Apr 18 03:12:41 PM","2011 Nov 01 12:00:00 AM","T2","Arrival","International","165,135"
"2018 Oct 29 10:20:51 AM","2018 Sep 01 12:00:00 AM","T4","Departure","International","69,289"
"2018 Apr 18 03:12:41 PM","2010 Oct 01 12:00:00 AM","T8","Departure","Domestic","149,674"
"2018 Apr 18 03:12:41 PM","2008 Jul 01 12:00:00 AM","T5","Arrival","International","39,625"
"2018 Apr 18 03:12:41 PM","2015 Jun 01 12:00:00 AM","T6","Departure","International","49,672"
"2018 Apr 18 03:12:41 PM","2006 Jun 01 12:00:00 AM","T5","Departure","Domestic","182,546"
"2018 Apr 18 03:12:41 PM","2010 May 01 12:00:00 AM","T3","Departure","International","65,506"
"2018 Apr 18 03:12:41 PM","2010 Apr 01 12:00:00 AM","Miscellaneous Terminal","Arrival","International","16"
"2018 Apr 18 03:12:41 PM","2012 Aug 01 12:00:00 AM","T8","Arrival","Domestic","161,754"
"2018 Apr 18 03:12:41 PM","2007 Feb 01 12:00:00 AM","T3","Arrival","International","22,914"
"2018 Apr 18 03:12:41 PM","2011 Feb 01 12:00:00 AM","T8","Arrival","International","3,230"
"2020 Jan 22 06:57:11 AM","2019 Dec 01 12:00:00 AM","TBIT","Arrival","International","704,385"
"2018 Apr 18 03:12:41 PM","2012 May 01 12:00:00 AM","T4","Arrival","Domestic","456,259"
"2018 Apr 18 03:12:41 PM","2007 Feb 01 12:00:00 AM","T6","Departure","Domestic","174,345"
"2018 Apr 18 03:12:41 PM","2012 Apr 01 12:00:00 AM","T1","Arrival","Domestic","373,748"
"2018 Apr 18 03:12:41 PM","2017 Nov 01 12:00:00 AM","T5","Departure","International","1,245"
"2019 Sep 27 07:57:24 AM","2019 Aug 01 12:00:00 AM","T4","Departure","International","77,959"
"2018 Apr 18 03:12:41 PM","2010 Apr 01 12:00:00 AM","T5","Departure","Domestic","217,902"
"2018 Apr 18 03:12:41 PM","2010 Jan 01 12:00:00 AM","T2","Departure","International","171,172"
"2018 Apr 18 03:12:41 PM","2014 Dec 01 12:00:00 AM","T1","Arrival","Domestic","370,330"
"2018 Apr 18 03:12:41 PM","2015 Mar 01 12:00:00 AM","T3","Arrival","Domestic","229,606"
"2018 Apr 18 03:12:41 PM","2010 Feb 01 12:00:00 AM","T5","Departure","International","21,655"
"2018 Apr 18 03:12:41 PM","2013 Mar 01 12:00:00 AM","T4","Departure","Domestic","369,653"
"2018 Apr 18 03:12:41 PM","2017 Jun 01 12:00:00 AM","T7","Arrival","International","75,712"
"2018 Apr 18 03:12:41 PM","2008 Aug 01 12:00:00 AM","T2","Departure","International","183,341"
"2018 Apr 18 03:12:41 PM","2017 Jul 01 12:00:00 AM","T4","Departure","Domestic","371,048"
"2018 Apr 18 03:12:41 PM","2012 Feb 01 12:00:00 AM","T8","Arrival","Domestic","121,063"
"2018 Apr 18 03:12:41 PM","2011 May 01 12:00:00 AM","T1","Arrival","Domestic","403,286"
"2018 Apr 18 03:12:41 PM","2012 May 01 12:00:00 AM","T5","Arrival","Domestic","277,144"
"2018 Apr 18 03:12:41 PM","2012 Mar 01 12:00:00 AM","T7","Arrival","Domestic","204,476"
"2018 Apr 18 03:12:41 PM","2014 Sep 01 12:00:00 AM","Miscellaneous Terminal","Arrival","International","364"
"2018 Jul 11 02:24:22 PM","2018 Jun 01 12:00:00 AM","T5","Arrival","Domestic","425,939"
"2018 Apr 18 03:12:41 PM","2009 May 01 12:00:00 AM","T3","Arrival","International","14,615"
"2018 Apr 18 03:12:41 PM","2013 Sep 01 12:00:00 AM","T3","Departure","International","19,372"
"2019 Aug 23 03:41:00 PM","2019 Jul 01 12:00:00 AM","T4","Arrival","International","67,493"
"2018 Jul 11 02:24:22 PM","2018 May 01 12:00:00 AM","T7","Arrival","Domestic","341,554"
"2018 Apr 18 03:12:41 PM","2006 Dec 01 12:00:00 AM","T4","Departure","International","44,651"
"2018 Sep 26 09:27:08 AM","2018 Aug 01 12:00:00 AM","T3","Departure","International","24,559"
"2018 Apr 18 03:12:41 PM","2014 Aug 01 12:00:00 AM","T3","Arrival","Domestic","370,950"
"2018 Apr 18 03:12:41 PM","2014 Jan 01 12:00:00 AM","T5","Departure","International","37,953"
"2018 Apr 18 03:12:41 PM","2014 Jun 01 12:00:00 AM","TBIT","Arrival","Domestic","13,210"
"2018 Apr 18 03:12:41 PM","2008 Oct 01 12:00:00 AM","T7","Arrival","International","20,545"
"2018 Apr 18 03:12:41 PM","2008 Dec 01 12:00:00 AM","T6","Arrival","Domestic","205,460"
"2018 Apr 18 03:12:41 PM","2008 Feb 01 12:00:00 AM","T3","Departure","International","50,757"
"2018 Apr 18 03:12:41 PM","2013 Jan 01 12:00:00 AM","T7","Arrival","Domestic","208,559"
"2021 Jan 10 06:01:37 AM","2020 Nov 01 12:00:00 AM","T5","Arrival","International","143"
"2018 Apr 18 03:12:41 PM","2009 Apr 01 12:00:00 AM","Miscellaneous Terminal","Departure","Domestic","63"
"2018 Apr 18 03:12:41 PM","2006 Feb 01 12:00:00 AM","Imperial Terminal","Departure","Domestic","166"
"2018 Apr 18 03:12:41 PM","2016 Sep 01 12:00:00 AM","T5","Arrival","Domestic","362,702"
"2018 Apr 18 03:12:41 PM","2016 Nov 01 12:00:00 AM","T3","Arrival","Domestic","334,770"
"2019 Aug 23 03:41:00 PM","2019 Jul 01 12:00:00 AM","T7","Arrival","International","89,142"
"2018 Aug 21 11:02:45 AM","2018 Jul 01 12:00:00 AM","T5","Departure","International","1,163"
"2018 Apr 18 03:12:41 PM","2014 Dec 01 12:00:00 AM","T6","Arrival","International","236"
"2018 Apr 18 03:12:41 PM","2010 Jul 01 12:00:00 AM","T4","Departure","Domestic","411,470"
"2018 Apr 18 03:12:41 PM","2011 Oct 01 12:00:00 AM","T7","Departure","International","33,143"
"2018 Apr 18 03:12:41 PM","2017 Jun 01 12:00:00 AM","T4","Arrival","Domestic","361,972"
"2018 Apr 18 03:12:41 PM","2010 Dec 01 12:00:00 AM","T4","Departure","Domestic","358,127"
"2018 Apr 18 03:12:41 PM","2016 Aug 01 12:00:00 AM","T6","Departure","Domestic","358,153"
"2018 Apr 18 03:12:41 PM","2015 Sep 01 12:00:00 AM","T7","Arrival","Domestic","254,224"
"2018 Apr 18 03:12:41 PM","2011 Jul 01 12:00:00 AM","TBIT","Arrival","International","497,983"
"2020 Apr 08 09:58:08 AM","2020 Feb 01 12:00:00 AM","T4","Arrival","Domestic","351,703"
"2018 Apr 18 03:12:41 PM","2014 Jul 01 12:00:00 AM","T4","Departure","Domestic","394,954"
"2018 Apr 18 03:12:41 PM","2010 Oct 01 12:00:00 AM","T6","Arrival","International","1,842"
"2018 Sep 26 09:27:08 AM","2018 Aug 01 12:00:00 AM","T8","Departure","Domestic","175,344"
"2018 Apr 18 03:12:41 PM","2015 Oct 01 12:00:00 AM","T1","Arrival","Domestic","358,742"
"2020 Jun 29 07:20:39 AM","2020 May 01 12:00:00 AM","TBIT","Departure","International","36,142"
"2020 May 10 06:01:34 AM","2020 Apr 01 12:00:00 AM","T5","Departure","International","15"
"2018 Apr 18 03:12:41 PM","2012 Feb 01 12:00:00 AM","Miscellaneous Terminal","Departure","International","144"
"2018 Apr 18 03:12:41 PM","2015 Jul 01 12:00:00 AM","TBIT","Arrival","International","665,148"
"2019 Jul 18 06:18:08 AM","2019 Jun 01 12:00:00 AM","T3","Departure","International","53,702"
"2019 Nov 10 06:01:31 AM","2019 Sep 01 12:00:00 AM","T3","Departure","Domestic","257,966"
"2019 Mar 14 06:45:08 AM","2019 Feb 01 12:00:00 AM","T2","Arrival","International","62,243"
"2018 Apr 18 03:12:41 PM","2006 Oct 01 12:00:00 AM","Imperial Terminal","Departure","Domestic","149"
"2018 Apr 18 03:12:41 PM","2008 Oct 01 12:00:00 AM","T3","Arrival","International","13,630"
"2018 Apr 18 03:12:41 PM","2010 Mar 01 12:00:00 AM","T1","Arrival","Domestic","360,070"
"2018 Apr 18 03:12:41 PM","2015 Mar 01 12:00:00 AM","T1","Departure","Domestic","368,310"
"2018 Apr 18 03:12:41 PM","2006 Oct 01 12:00:00 AM","TBIT","Departure","International","342,215"
"2018 Apr 18 03:12:41 PM","2011 Jan 01 12:00:00 AM","T6","Departure","International","20,110"
"2018 Apr 18 03:12:41 PM","2006 Aug 01 12:00:00 AM","T4","Departure","Domestic","444,030"
"2019 Jul 10 06:01:27 AM","2019 Jun 01 12:00:00 AM","T1","Departure","International","9,247"
"2018 Sep 26 09:27:08 AM","2018 Aug 01 12:00:00 AM","T1","Arrival","Domestic","419,276"
"2018 Nov 10 06:01:27 AM","2018 Oct 01 12:00:00 AM","T8","Arrival","International","2,461"
"2019 Mar 01 11:09:59 AM","2019 Jan 01 12:00:00 AM","T5","Arrival","Domestic","357,695"
"2018 Apr 18 03:12:41 PM","2007 Jul 01 12:00:00 AM","T5","Arrival","Domestic","238,415"
"2018 Apr 18 03:12:41 PM","2010 Jul 01 12:00:00 AM","T6","Departure","International","8,619"
"2018 Apr 18 03:12:41 PM","2017 Sep 01 12:00:00 AM","T4","Departure","Domestic","314,130"
"2018 Apr 18 03:12:41 PM","2016 Jul 01 12:00:00 AM","T2","Arrival","Domestic","63,399"
"2018 Apr 18 03:12:41 PM","2013 Aug 01 12:00:00 AM","T3","Arrival","Domestic","246,493"
"2018 Apr 18 03:12:41 PM","2016 Dec 01 12:00:00 AM","T1","Arrival","Domestic","401,339"
"2018 Apr 18 03:12:41 PM","2015 Jun 01 12:00:00 AM","Miscellaneous Terminal","Departure","International","5,160"
"2018 Apr 18 03:12:41 PM","2013 Dec 01 12:00:00 AM","T6","Arrival","International","12,897"
"2018 Apr 18 03:12:41 PM","2015 Oct 01 12:00:00 AM","T6","Arrival","International","1,792"
"2018 Apr 18 03:12:41 PM","2011 Jan 01 12:00:00 AM","T7","Arrival","International","30,398"
"2018 Apr 18 03:12:41 PM","2016 Apr 01 12:00:00 AM","T7","Arrival","Domestic","246,039"
"2018 Apr 18 03:12:41 PM","2014 Nov 01 12:00:00 AM","T3","Departure","Domestic","230,955"
"2018 Apr 18 03:12:41 PM","2014 Jan 01 12:00:00 AM","Miscellaneous Terminal","Arrival","International","135"
"2021 Apr 01 09:37:48 AM","2021 Feb 01 12:00:00 AM","T8","Departure","International","1,586"
"2018 Apr 18 03:12:41 PM","2016 Aug 01 12:00:00 AM","T6","Departure","International","47,888"
"2018 Apr 18 03:12:41 PM","2010 Jan 01 12:00:00 AM","T3","Arrival","International","15,320"
"2018 Apr 18 03:12:41 PM","2014 Aug 01 12:00:00 AM","Miscellaneous Terminal","Arrival","Domestic","60,324"
"2018 Apr 18 03:12:41 PM","2006 Nov 01 12:00:00 AM","Miscellaneous Terminal","Departure","Domestic","556"
"2018 Apr 18 03:12:41 PM","2012 Apr 01 12:00:00 AM","T5","Departure","International","18,802"
"2018 Apr 18 03:12:41 PM","2013 Feb 01 12:00:00 AM","T4","Arrival","Domestic","302,438"
"2018 Apr 18 03:12:41 PM","2006 Jan 01 12:00:00 AM","Miscellaneous Terminal","Departure","Domestic","688"
"2018 Apr 18 03:12:41 PM","2013 Jul 01 12:00:00 AM","T4","Departure","Domestic","395,099"
"2018 Apr 18 03:12:41 PM","2012 Jan 01 12:00:00 AM","T7","Departure","Domestic","195,852"
"2018 Apr 18 03:12:41 PM","2008 Dec 01 12:00:00 AM","T6","Departure","International","4,755"
"2018 Apr 18 03:12:41 PM","2011 Mar 01 12:00:00 AM","TBIT","Departure","Domestic","4,349"
"2018 Apr 18 03:12:41 PM","2006 Dec 01 12:00:00 AM","Imperial Terminal","Departure","Domestic","249"
"2018 Apr 18 03:12:41 PM","2018 Feb 01 12:00:00 AM","T2","Departure","Domestic","219,180"
"2018 Apr 18 03:12:41 PM","2013 Feb 01 12:00:00 AM","TBIT","Arrival","Domestic","5,147"
"2018 Apr 18 03:12:41 PM","2012 Jan 01 12:00:00 AM","T6","Arrival","International","8,696"
"2020 Oct 27 08:53:01 AM","2020 Sep 01 12:00:00 AM","T8","Departure","International","358"
"2018 Apr 18 03:12:41 PM","2009 Aug 01 12:00:00 AM","TBIT","Arrival","International","491,753"
"2018 Apr 18 03:12:41 PM","2006 Apr 01 12:00:00 AM","T4","Departure","International","45,322"
"2018 Apr 18 03:12:41 PM","2016 Jun 01 12:00:00 AM","T2","Departure","Domestic","61,327"
"2018 Apr 18 03:12:41 PM","2009 Feb 01 12:00:00 AM","T3","Departure","Domestic","126,670"
"2018 Apr 18 03:12:41 PM","2008 Jan 01 12:00:00 AM","T3","Departure","International","51,059"
"2018 Apr 18 03:12:41 PM","2010 Mar 01 12:00:00 AM","T8","Departure","Domestic","156,791"
"2018 Apr 18 03:12:41 PM","2012 Apr 01 12:00:00 AM","T2","Arrival","International","185,700"
"2018 Apr 18 03:12:41 PM","2008 May 01 12:00:00 AM","T3","Departure","International","56,314"
"2018 Apr 18 03:12:41 PM","2013 Jan 01 12:00:00 AM","T7","Departure","Domestic","232,884"
"2018 Apr 18 03:12:41 PM","2017 Nov 01 12:00:00 AM","T5","Arrival","International","11,705"
"2018 Apr 18 03:12:41 PM","2017 Apr 01 12:00:00 AM","T6","Arrival","International","3,393"
"2018 Apr 18 03:12:41 PM","2016 Jan 01 12:00:00 AM","T4","Arrival","International","887"
"2018 Apr 18 03:12:41 PM","2010 May 01 12:00:00 AM","T5","Arrival","Domestic","226,692"
"2018 Apr 18 03:12:41 PM","2016 Jun 01 12:00:00 AM","Miscellaneous Terminal","Departure","Domestic","126,277"
"2018 Apr 18 03:12:41 PM","2012 Jul 01 12:00:00 AM","T8","Departure","Domestic","170,298"
"2018 Apr 18 03:12:41 PM","2009 Jul 01 12:00:00 AM","TBIT","Departure","Domestic","7,741"
"2018 Apr 18 03:12:41 PM","2012 Feb 01 12:00:00 AM","T7","Departure","Domestic","206,884"
"2018 Apr 18 03:12:41 PM","2013 Sep 01 12:00:00 AM","Miscellaneous Terminal","Departure","Domestic","72,851"
"2018 Apr 18 03:12:41 PM","2016 Jun 01 12:00:00 AM","T1","Departure","International","3,620"
"2018 Jul 12 09:51:10 AM","2018 Jun 01 12:00:00 AM","T6","Arrival","International","82,450"
"2018 Apr 18 03:12:41 PM","2007 Feb 01 12:00:00 AM","T8","Arrival","Domestic","111,075"
"2018 Apr 18 03:12:41 PM","2006 Nov 01 12:00:00 AM","T7","Arrival","International","27,898"
"2018 Apr 18 03:12:41 PM","2011 May 01 12:00:00 AM","T4","Departure","International","46,452"
"2018 Apr 18 03:12:41 PM","2012 Jan 01 12:00:00 AM","T4","Departure","Domestic","395,471"
"2018 Apr 18 03:12:41 PM","2010 May 01 12:00:00 AM","T4","Departure","International","37,572"
"2018 Apr 18 03:12:41 PM","2012 Mar 01 12:00:00 AM","T4","Arrival","International","15,415"
"2018 Apr 18 03:12:41 PM","2008 Jun 01 12:00:00 AM","Imperial Terminal","Arrival","Domestic","292"
"2018 Apr 18 03:12:41 PM","2012 Nov 01 12:00:00 AM","T7","Arrival","International","74,676"
"2018 Apr 18 03:12:41 PM","2008 Feb 01 12:00:00 AM","T8","Departure","International","4,377"
"2018 Apr 18 03:12:41 PM","2013 Mar 01 12:00:00 AM","T2","Arrival","Domestic","28,602"
"2018 Apr 18 03:12:41 PM","2017 Mar 01 12:00:00 AM","TBIT","Departure","International","480,838"
"2018 Apr 18 03:12:41 PM","2013 Mar 01 12:00:00 AM","T4","Arrival","International","5,228"
"2018 Apr 18 03:12:41 PM","2016 Aug 01 12:00:00 AM","T1","Arrival","Domestic","408,646"
"2021 Apr 01 09:37:48 AM","2021 Feb 01 12:00:00 AM","T7","Departure","International","6,414"
"2018 Apr 18 03:12:41 PM","2016 Mar 01 12:00:00 AM","T4","Departure","Domestic","337,740"
"2018 Apr 18 03:12:41 PM","2014 Jan 01 12:00:00 AM","T2","Departure","International","198,805"
"2018 Apr 18 03:12:41 PM","2017 Feb 01 12:00:00 AM","T2","Arrival","Domestic","31,543"
"2018 Apr 18 03:12:41 PM","2013 Aug 01 12:00:00 AM","T7","Arrival","Domestic","286,369"
"2018 Apr 18 03:12:41 PM","2017 Jan 01 12:00:00 AM","Miscellaneous Terminal","Departure","Domestic","112,086"
"2018 Apr 18 03:12:41 PM","2008 Jan 01 12:00:00 AM","Miscellaneous Terminal","Arrival","Domestic","560"
"2018 Apr 18 03:12:41 PM","2013 May 01 12:00:00 AM","T4","Departure","International","42,381"
"2018 Apr 18 03:12:41 PM","2016 Feb 01 12:00:00 AM","T7","Arrival","Domestic","220,106"
"2018 Apr 18 03:12:41 PM","2013 Jan 01 12:00:00 AM","T4","Departure","International","31,105"
"2018 Apr 18 03:12:41 PM","2016 Jul 01 12:00:00 AM","T7","Departure","Domestic","320,139"
"2018 Apr 18 03:12:41 PM","2011 Dec 01 12:00:00 AM","T7","Arrival","International","33,725"
"2018 Apr 18 03:12:41 PM","2011 May 01 12:00:00 AM","T8","Arrival","Domestic","157,407"
"2018 Apr 18 03:12:41 PM","2017 Dec 01 12:00:00 AM","T2","Departure","Domestic","253,464"
"2018 Apr 18 03:12:41 PM","2008 Dec 01 12:00:00 AM","TBIT","Departure","Domestic","5,794"
"2018 Apr 18 03:12:41 PM","2012 Jan 01 12:00:00 AM","T4","Arrival","International","19,657"
"2019 Aug 23 03:41:00 PM","2019 Jul 01 12:00:00 AM","Miscellaneous Terminal","Arrival","Domestic","127,415"
"2018 Apr 18 03:12:41 PM","2008 Dec 01 12:00:00 AM","T8","Departure","Domestic","95,569"
"2018 Apr 18 03:12:41 PM","2016 May 01 12:00:00 AM","T7","Arrival","Domestic","275,110"
"2018 Apr 18 03:12:41 PM","2015 Dec 01 12:00:00 AM","T2","Departure","Domestic","45,923"
"2020 Aug 27 07:15:54 AM","2020 Jul 01 12:00:00 AM","T8","Arrival","Domestic","4,853"
"2018 Apr 18 03:12:41 PM","2017 Oct 01 12:00:00 AM","T7","Departure","International","41,730"
"2018 Apr 18 03:12:41 PM","2016 Feb 01 12:00:00 AM","T8","Departure","Domestic","142,326"
"2018 Apr 18 03:12:41 PM","2009 Mar 01 12:00:00 AM","T7","Departure","Domestic","241,520"
"2018 Apr 18 03:12:41 PM","2016 Feb 01 12:00:00 AM","T7","Departure","Domestic","225,917"
"2018 Apr 18 03:12:41 PM","2007 Jul 01 12:00:00 AM","T2","Departure","Domestic","121,631"
"2018 Apr 18 03:12:41 PM","2006 Mar 01 12:00:00 AM","T5","Departure","International","25,504"
"2018 Apr 18 03:12:41 PM","2008 Feb 01 12:00:00 AM","T2","Departure","International","143,791"
"2018 Apr 18 03:12:41 PM","2012 Apr 01 12:00:00 AM","T3","Arrival","Domestic","186,487"
"2018 Apr 18 03:12:41 PM","2013 Dec 01 12:00:00 AM","T2","Departure","International","208,234"
"2019 Aug 23 03:41:00 PM","2019 Jul 01 12:00:00 AM","T4","Departure","Domestic","399,482"
"2019 Jan 10 06:01:19 AM","2018 Dec 01 12:00:00 AM","T8","Arrival","International","2,148"
"2018 Apr 18 03:12:41 PM","2009 Jan 01 12:00:00 AM","T2","Departure","International","147,354"
"2018 Apr 18 03:12:41 PM","2008 Apr 01 12:00:00 AM","T2","Arrival","International","150,906"
"2019 Sep 10 06:01:34 AM","2019 Aug 01 12:00:00 AM","T8","Arrival","Domestic","154,669"
"2018 Apr 18 03:12:41 PM","2016 Apr 01 12:00:00 AM","T7","Arrival","International","72,319"
"2018 Apr 18 03:12:41 PM","2010 Nov 01 12:00:00 AM","T5","Arrival","International","1,904"
"2018 Apr 18 03:12:41 PM","2015 Feb 01 12:00:00 AM","T5","Departure","International","54,218"
"2018 Apr 18 03:12:41 PM","2012 Apr 01 12:00:00 AM","T4","Departure","International","39,786"
"2018 Apr 18 03:12:41 PM","2007 Aug 01 12:00:00 AM","T7","Arrival","International","33,240"
"2019 May 28 06:24:45 AM","2019 Apr 01 12:00:00 AM","T5","Departure","International","102"
"2018 Apr 18 03:12:41 PM","2008 Dec 01 12:00:00 AM","T7","Departure","Domestic","223,948"
"2018 Apr 18 03:12:41 PM","2009 May 01 12:00:00 AM","T5","Arrival","International","5,728"
"2018 Oct 29 10:20:51 AM","2018 Jul 01 12:00:00 AM","TBIT","Arrival","International","898,357"
"2018 Apr 18 03:12:41 PM","2015 Mar 01 12:00:00 AM","T4","Arrival","International","1,893"
"2018 Apr 18 03:12:41 PM","2017 Jun 01 12:00:00 AM","T2","Departure","International","122,596"
"2018 Apr 18 03:12:41 PM","2012 Aug 01 12:00:00 AM","TBIT","Arrival","International","454,728"
"2018 Apr 18 03:12:41 PM","2009 Dec 01 12:00:00 AM","T3","Arrival","Domestic","168,867"
"2018 Apr 18 03:12:41 PM","2017 Dec 01 12:00:00 AM","T1","Departure","Domestic","393,409"
"2018 Apr 18 03:12:41 PM","2006 Jun 01 12:00:00 AM","T1","Departure","International","652"
"2018 Apr 18 03:12:41 PM","2010 May 01 12:00:00 AM","TBIT","Arrival","International","425,044"
"2018 Apr 18 03:12:41 PM","2017 Mar 01 12:00:00 AM","T8","Departure","Domestic","152,808"
"2019 Nov 10 06:01:31 AM","2019 Oct 01 12:00:00 AM","T1","Arrival","Domestic","398,264"
"2018 Apr 18 03:12:41 PM","2011 Dec 01 12:00:00 AM","T5","Departure","Domestic","176,238"
"2018 Apr 18 03:12:41 PM","2017 Jul 01 12:00:00 AM","T6","Arrival","Domestic","285,600"
"2018 Apr 18 03:12:41 PM","2012 Mar 01 12:00:00 AM","T2","Departure","Domestic","25,768"
"2018 Apr 18 03:12:41 PM","2016 Jul 01 12:00:00 AM","T7","Arrival","Domestic","310,520"
"2018 Apr 18 03:12:41 PM","2018 Mar 01 12:00:00 AM","T5","Arrival","International","13,893"
"2018 Apr 18 03:12:41 PM","2011 Dec 01 12:00:00 AM","T8","Arrival","International","3,426"
"2018 Apr 18 03:12:41 PM","2012 May 01 12:00:00 AM","TBIT","Departure","Domestic","7,343"
"2021 Mar 10 06:01:08 AM","2021 Feb 01 12:00:00 AM","T1","Departure","Domestic","77,727"
"2018 Oct 29 10:20:51 AM","2018 Sep 01 12:00:00 AM","T8","Arrival","Domestic","145,864"
"2018 May 23 07:44:39 AM","2018 Apr 01 12:00:00 AM","T6","Arrival","Domestic","255,199"
"2018 Apr 18 03:12:41 PM","2009 May 01 12:00:00 AM","T4","Arrival","Domestic","386,482"
"2018 May 10 07:49:00 AM","2018 Apr 01 12:00:00 AM","T8","Arrival","Domestic","150,184"
"2018 Apr 18 03:12:41 PM","2012 May 01 12:00:00 AM","T2","Departure","International","193,816"
"2018 Apr 18 03:12:41 PM","2017 Feb 01 12:00:00 AM","T8","Arrival","International","3,540"
"2018 Apr 18 03:12:41 PM","2014 Feb 01 12:00:00 AM","T5","Departure","International","32,917"
"2018 Apr 18 03:12:41 PM","2007 Nov 01 12:00:00 AM","Miscellaneous Terminal","Departure","Domestic","537"
"2018 Apr 18 03:12:41 PM","2006 Feb 01 12:00:00 AM","T2","Arrival","Domestic","88,549"
"2020 Jan 22 06:57:11 AM","2019 Dec 01 12:00:00 AM","TBIT","Departure","International","711,229"
"2018 Apr 18 03:12:41 PM","2006 Nov 01 12:00:00 AM","T7","Departure","Domestic","250,410"
"2018 Apr 18 03:12:41 PM","2006 Nov 01 12:00:00 AM","T7","Arrival","Domestic","244,408"
"2018 Apr 18 03:12:41 PM","2011 Mar 01 12:00:00 AM","T5","Arrival","Domestic","216,615"
"2018 Apr 18 03:12:41 PM","2013 Jun 01 12:00:00 AM","T7","Departure","Domestic","313,288"
"2018 Apr 18 03:12:41 PM","2009 Dec 01 12:00:00 AM","T7","Arrival","Domestic","229,077"
"2018 Apr 18 03:12:41 PM","2013 Jan 01 12:00:00 AM","TBIT","Departure","International","327,865"
"2020 Feb 28 08:21:30 AM","2020 Jan 01 12:00:00 AM","T5","Departure","Domestic","354,706"
"2019 Jun 10 06:01:29 AM","2019 May 01 12:00:00 AM","T8","Arrival","International","2,268"
"2020 May 04 06:39:48 AM","2020 Mar 01 12:00:00 AM","Miscellaneous Terminal","Departure","Domestic","56,161"
"2018 Apr 18 03:12:41 PM","2007 Oct 01 12:00:00 AM","T1","Arrival","Domestic","395,874"
"2018 Apr 18 03:12:41 PM","2011 Jun 01 12:00:00 AM","TBIT","Departure","International","339,758"
"2018 Apr 18 03:12:41 PM","2011 Jul 01 12:00:00 AM","TBIT","Departure","Domestic","5,710"
"2018 Apr 18 03:12:41 PM","2012 Sep 01 12:00:00 AM","TBIT","Departure","International","324,443"
"2018 Apr 18 03:12:41 PM","2008 Jul 01 12:00:00 AM","T1","Departure","Domestic","451,414"
"2018 Apr 18 03:12:41 PM","2012 Jul 01 12:00:00 AM","T7","Departure","Domestic","158,945"
"2018 Apr 18 03:12:41 PM","2011 Nov 01 12:00:00 AM","Miscellaneous Terminal","Arrival","Domestic","171"
"2018 Nov 25 11:40:39 AM","2018 Oct 01 12:00:00 AM","T6","Arrival","International","76,165"
"2018 Apr 18 03:12:41 PM","2008 May 01 12:00:00 AM","T2","Arrival","Domestic","103,088"
"2018 Apr 18 03:12:41 PM","2010 May 01 12:00:00 AM","T3","Departure","Domestic","163,045"
"2018 Apr 18 03:12:41 PM","2007 May 01 12:00:00 AM","Imperial Terminal","Arrival","Domestic","42"
"2018 Apr 18 03:12:41 PM","2016 May 01 12:00:00 AM","T4","Arrival","International","24,389"
"2018 Apr 18 03:12:41 PM","2007 May 01 12:00:00 AM","T6","Arrival","International","193"
"2018 Apr 18 03:12:41 PM","2013 May 01 12:00:00 AM","T5","Arrival","International","46,668"
"2018 Apr 18 03:12:41 PM","2017 Jul 01 12:00:00 AM","T3","Departure","International","31,441"
"2018 Apr 18 03:12:41 PM","2014 Dec 01 12:00:00 AM","T8","Departure","Domestic","148,404"
"2018 Apr 18 03:12:41 PM","2008 Oct 01 12:00:00 AM","TBIT","Departure","Domestic","5,096"
"2018 Apr 18 03:12:41 PM","2015 Aug 01 12:00:00 AM","Miscellaneous Terminal","Arrival","International","5,002"
"2018 Apr 18 03:12:41 PM","2014 Sep 01 12:00:00 AM","T3","Departure","Domestic","307,580"
"2018 Apr 18 03:12:41 PM","2015 Jul 01 12:00:00 AM","Miscellaneous Terminal","Departure","Domestic","100,736"
"2020 Aug 27 07:15:54 AM","2020 Jul 01 12:00:00 AM","Miscellaneous Terminal","Arrival","Domestic","18"
"2020 May 10 06:01:34 AM","2020 Apr 01 12:00:00 AM","T2","Departure","Domestic","30,785"
"2018 Apr 18 03:12:41 PM","2008 Apr 01 12:00:00 AM","TBIT","Arrival","International","409,127"
"2018 Apr 18 03:12:41 PM","2013 Feb 01 12:00:00 AM","T6","Departure","International","65,321"
"2018 Apr 18 03:12:41 PM","2016 Jan 01 12:00:00 AM","T2","Departure","Domestic","36,617"
"2018 Apr 18 03:12:41 PM","2011 Oct 01 12:00:00 AM","T2","Arrival","Domestic","20,725"
"2018 Apr 18 03:12:41 PM","2010 Nov 01 12:00:00 AM","T4","Departure","Domestic","348,350"
"2018 Apr 18 03:12:41 PM","2016 Mar 01 12:00:00 AM","TBIT","Arrival","Domestic","21,455"
"2018 Apr 18 03:12:41 PM","2012 Aug 01 12:00:00 AM","TBIT","Arrival","Domestic","7,122"
"2018 Apr 18 03:12:41 PM","2014 Feb 01 12:00:00 AM","T3","Departure","International","1,284"
"2018 Sep 10 06:01:25 AM","2018 Jun 01 12:00:00 AM","T5","Arrival","International","14,654"
"2018 Apr 18 03:12:41 PM","2006 Mar 01 12:00:00 AM","T2","Arrival","International","152,411"
"2019 Jun 24 01:17:06 PM","2019 May 01 12:00:00 AM","T7","Departure","International","40,043"
"2018 Apr 18 03:12:41 PM","2009 Mar 01 12:00:00 AM","T4","Departure","International","36,185"
"2018 Apr 18 03:12:41 PM","2012 Oct 01 12:00:00 AM","T5","Departure","Domestic","253,658"
"2018 Apr 18 03:12:41 PM","2007 Nov 01 12:00:00 AM","T4","Arrival","Domestic","398,951"
"2018 Apr 18 03:12:41 PM","2016 Jan 01 12:00:00 AM","T1","Arrival","Domestic","333,454"
"2020 Feb 28 08:21:30 AM","2020 Jan 01 12:00:00 AM","T4","Departure","International","73,618"
"2018 Apr 18 03:12:41 PM","2017 Dec 01 12:00:00 AM","TBIT","Departure","International","690,369"
"2018 Apr 18 03:12:41 PM","2011 Apr 01 12:00:00 AM","T6","Departure","Domestic","97,070"
"2018 Dec 26 06:52:40 AM","2018 Nov 01 12:00:00 AM","T8","Departure","Domestic","136,046"
"2020 Dec 07 01:58:36 PM","2020 Oct 01 12:00:00 AM","T6","Departure","International","27,340"
"2020 Feb 10 06:01:27 AM","2020 Jan 01 12:00:00 AM","T1","Arrival","Domestic","325,402"
"2018 Apr 18 03:12:41 PM","2018 Mar 01 12:00:00 AM","T8","Arrival","Domestic","106,857"
"2018 Oct 29 10:20:51 AM","2018 Feb 01 12:00:00 AM","TBIT","Arrival","International","610,796"
"2018 Apr 18 03:12:41 PM","2010 Jul 01 12:00:00 AM","TBIT","Arrival","Domestic","1,343"
"2018 Apr 18 03:12:41 PM","2015 Jan 01 12:00:00 AM","T2","Departure","International","154,542"
"2018 Apr 18 03:12:41 PM","2007 Dec 01 12:00:00 AM","Imperial Terminal","Arrival","Domestic","337"
"2018 Apr 18 03:12:41 PM","2008 Nov 01 12:00:00 AM","T4","Departure","International","48,354"
"2020 May 04 06:39:48 AM","2020 Jan 01 12:00:00 AM","Miscellaneous Terminal","Departure","International","6,012"
"2018 Apr 18 03:12:41 PM","2006 Jul 01 12:00:00 AM","T4","Arrival","International","64,509"
"2018 Apr 18 03:12:41 PM","2008 Apr 01 12:00:00 AM","T5","Arrival","Domestic","182,831"
"2018 Apr 18 03:12:41 PM","2017 Sep 01 12:00:00 AM","Miscellaneous Terminal","Arrival","Domestic","116,684"
"2018 Apr 18 03:12:41 PM","2013 Aug 01 12:00:00 AM","Miscellaneous Terminal","Arrival","International","456"
"2018 Apr 18 03:12:41 PM","2008 Nov 01 12:00:00 AM","T8","Arrival","International","3,129"
"2018 Apr 18 03:12:41 PM","2011 Jul 01 12:00:00 AM","T7","Arrival","International","42,185"
"2018 Apr 18 03:12:41 PM","2009 Oct 01 12:00:00 AM","T6","Arrival","Domestic","202,876"
"2018 Apr 18 03:12:41 PM","2017 Feb 01 12:00:00 AM","T3","Departure","Domestic","294,783"
"2018 Apr 18 03:12:41 PM","2014 Sep 01 12:00:00 AM","T5","Arrival","Domestic","318,835"
"2018 Apr 18 03:12:41 PM","2016 Oct 01 12:00:00 AM","T6","Arrival","Domestic","305,873"
"2020 Jun 10 06:01:27 AM","2020 May 01 12:00:00 AM","T1","Departure","Domestic","53,634"
"2018 Jul 11 02:24:22 PM","2018 Jun 01 12:00:00 AM","T6","Departure","Domestic","283,476"
"2019 Dec 10 06:01:20 AM","2019 Nov 01 12:00:00 AM","T1","Arrival","Domestic","369,041"
"2018 Apr 18 03:12:41 PM","2016 Sep 01 12:00:00 AM","T2","Departure","Domestic","39,677"
"2018 Apr 18 03:12:41 PM","2007 Jul 01 12:00:00 AM","Miscellaneous Terminal","Departure","Domestic","13"
"2018 Apr 18 03:12:41 PM","2014 Oct 01 12:00:00 AM","Miscellaneous Terminal","Arrival","Domestic","50,328"
"2018 Apr 18 03:12:41 PM","2011 Jan 01 12:00:00 AM","T7","Arrival","Domestic","209,146"
"2018 May 23 07:44:39 AM","2018 Apr 01 12:00:00 AM","Miscellaneous Terminal","Departure","Domestic","117,662"
"2018 Apr 18 03:12:41 PM","2008 Feb 01 12:00:00 AM","T8","Arrival","International","4,317"
"2019 Sep 27 07:57:24 AM","2019 Aug 01 12:00:00 AM","TBIT","Departure","International","757,272"
"2018 Apr 18 03:12:41 PM","2008 Mar 01 12:00:00 AM","T2","Departure","International","171,794"
"2018 Apr 18 03:12:41 PM","2014 Oct 01 12:00:00 AM","T6","Departure","International","51,727"
"2018 Apr 18 03:12:41 PM","2016 May 01 12:00:00 AM","T1","Departure","Domestic","404,817"
"2018 Sep 26 09:27:08 AM","2018 Aug 01 12:00:00 AM","T5","Arrival","Domestic","427,344"
"2018 Apr 18 03:12:41 PM","2011 Apr 01 12:00:00 AM","T7","Departure","International","28,741"
"2018 Apr 18 03:12:41 PM","2006 Feb 01 12:00:00 AM","T6","Departure","International","3,839"
"2018 Apr 18 03:12:41 PM","2015 May 01 12:00:00 AM","T8","Arrival","International","4,597"
"2019 May 10 06:01:23 AM","2019 Apr 01 12:00:00 AM","T8","Arrival","International","2,024"
"2018 Apr 18 03:12:41 PM","2012 Sep 01 12:00:00 AM","T3","Departure","Domestic","173,902"
"2018 Apr 18 03:12:41 PM","2013 Nov 01 12:00:00 AM","T6","Departure","Domestic","242,082"
"2018 Apr 18 03:12:41 PM","2017 Feb 01 12:00:00 AM","T6","Arrival","Domestic","268,126"
"2018 Apr 18 03:12:41 PM","2006 Jul 01 12:00:00 AM","T8","Arrival","Domestic","117,910"
"2018 Apr 18 03:12:41 PM","2011 Jun 01 12:00:00 AM","Miscellaneous Terminal","Arrival","Domestic","67"
"2018 Apr 18 03:12:41 PM","2016 Jul 01 12:00:00 AM","TBIT","Arrival","Domestic","28,699"
"2018 Apr 18 03:12:41 PM","2012 Sep 01 12:00:00 AM","T5","Arrival","Domestic","233,920"
"2018 Apr 18 03:12:41 PM","2009 Nov 01 12:00:00 AM","T8","Departure","International","6,269"
"2018 Apr 18 03:12:41 PM","2009 Jun 01 12:00:00 AM","Miscellaneous Terminal","Arrival","Domestic","97"
"2018 Apr 18 03:12:41 PM","2017 Feb 01 12:00:00 AM","TBIT","Departure","Domestic","21,402"
"2018 Apr 18 03:12:41 PM","2007 Feb 01 12:00:00 AM","T7","Departure","International","35,543"
"2019 Jun 10 06:01:29 AM","2019 May 01 12:00:00 AM","T1","Arrival","Domestic","428,315"
"2018 Apr 18 03:12:41 PM","2016 Jun 01 12:00:00 AM","T3","Departure","Domestic","373,700"
"2018 Oct 29 10:20:51 AM","2018 Jun 01 12:00:00 AM","T2","Arrival","International","101,427"
"2018 Apr 18 03:12:41 PM","2014 Dec 01 12:00:00 AM","T3","Arrival","Domestic","240,312"
"2018 Apr 18 03:12:41 PM","2010 Mar 01 12:00:00 AM","T3","Departure","Domestic","163,267"
"2018 Apr 18 03:12:41 PM","2012 Oct 01 12:00:00 AM","T6","Departure","Domestic","256,462"
"2018 Apr 18 03:12:41 PM","2014 Mar 01 12:00:00 AM","Imperial Terminal","Arrival","Domestic","78"
"2018 Apr 18 03:12:41 PM","2008 Jun 01 12:00:00 AM","T3","Arrival","Domestic","187,681"
"2018 Apr 18 03:12:41 PM","2015 Mar 01 12:00:00 AM","T3","Departure","Domestic","236,018"
"2018 Apr 18 03:12:41 PM","2012 Mar 01 12:00:00 AM","T5","Arrival","Domestic","257,806"
"2018 Apr 18 03:12:41 PM","2014 May 01 12:00:00 AM","T5","Arrival","Domestic","338,032"
"2018 Apr 18 03:12:41 PM","2008 Oct 01 12:00:00 AM","T8","Departure","Domestic","103,606"
"2018 Apr 18 03:12:41 PM","2009 Jan 01 12:00:00 AM","TBIT","Departure","International","315,247"
"2018 Apr 18 03:12:41 PM","2015 Nov 01 12:00:00 AM","T4","Arrival","International","1,146"
"2018 Apr 18 03:12:41 PM","2010 Jul 01 12:00:00 AM","TBIT","Departure","International","371,369"
"2018 Apr 18 03:12:41 PM","2011 Sep 01 12:00:00 AM","TBIT","Arrival","International","402,514"
"2018 Apr 18 03:12:41 PM","2010 May 01 12:00:00 AM","T8","Departure","Domestic","148,154"
"2018 Apr 18 03:12:41 PM","2009 Apr 01 12:00:00 AM","T3","Departure","International","56,512"
"2018 Apr 18 03:12:41 PM","2011 Jun 01 12:00:00 AM","T3","Departure","International","74,730"
"2018 Apr 18 03:12:41 PM","2007 Jul 01 12:00:00 AM","T7","Departure","International","42,581"
"2018 Apr 18 03:12:41 PM","2009 Sep 01 12:00:00 AM","T5","Arrival","International","10,130"
"2018 Apr 18 03:12:41 PM","2008 Jun 01 12:00:00 AM","Miscellaneous Terminal","Departure","Domestic","150"
"2018 Apr 18 03:12:41 PM","2011 Apr 01 12:00:00 AM","T7","Departure","Domestic","228,456"
"2018 Apr 18 03:12:41 PM","2007 Sep 01 12:00:00 AM","T5","Arrival","International","24,653"
"2018 Apr 18 03:12:41 PM","2008 Feb 01 12:00:00 AM","T7","Departure","Domestic","203,362"
"2018 Apr 18 03:12:41 PM","2016 Apr 01 12:00:00 AM","T2","Arrival","Domestic","41,252"
"2018 Apr 18 03:12:41 PM","2015 Oct 01 12:00:00 AM","TBIT","Departure","International","531,111"
"2020 Feb 28 08:21:30 AM","2020 Jan 01 12:00:00 AM","TBIT","Departure","Domestic","25,235"
"2018 Apr 18 03:12:41 PM","2006 Feb 01 12:00:00 AM","Miscellaneous Terminal","Departure","Domestic","183"
"2018 Apr 18 03:12:41 PM","2006 Jul 01 12:00:00 AM","Miscellaneous Terminal","Departure","Domestic","8"
"2020 Jan 02 10:43:42 AM","2019 Nov 01 12:00:00 AM","T5","Departure","Domestic","400,231"
"2018 Apr 18 03:12:41 PM","2009 Apr 01 12:00:00 AM","T3","Departure","Domestic","158,064"
"2018 Apr 18 03:12:41 PM","2017 May 01 12:00:00 AM","T1","Departure","Domestic","407,605"
"2018 Apr 18 03:12:41 PM","2008 Jan 01 12:00:00 AM","T7","Arrival","Domestic","207,922"
"2018 Apr 18 03:12:41 PM","2011 Feb 01 12:00:00 AM","T6","Departure","Domestic","122,309"
"2018 Apr 18 03:12:41 PM","2017 Jul 01 12:00:00 AM","T7","Arrival","International","83,875"
"2018 Apr 18 03:12:41 PM","2007 Dec 01 12:00:00 AM","T4","Departure","International","41,723"
"2018 Apr 18 03:12:41 PM","2015 Mar 01 12:00:00 AM","TBIT","Arrival","International","476,843"
"2018 Apr 18 03:12:41 PM","2008 Jan 01 12:00:00 AM","T5","Arrival","International","32,442"
"2018 Apr 18 03:12:41 PM","2014 Jul 01 12:00:00 AM","T1","Departure","Domestic","385,499"
"2018 Apr 18 03:12:41 PM","2016 Feb 01 12:00:00 AM","T8","Arrival","International","4,285"
"2018 Apr 18 03:12:41 PM","2017 May 01 12:00:00 AM","T5","Departure","International","25,706"
"2018 Apr 18 03:12:41 PM","2010 Dec 01 12:00:00 AM","T7","Departure","Domestic","228,208"
"2018 Apr 18 03:12:41 PM","2017 Nov 01 12:00:00 AM","T1","Arrival","Domestic","414,405"
"2018 Jul 11 02:24:22 PM","2018 May 01 12:00:00 AM","T4","Departure","Domestic","346,179"
"2018 Apr 18 03:12:41 PM","2008 Nov 01 12:00:00 AM","T5","Arrival","Domestic","158,332"
"2018 Apr 18 03:12:41 PM","2018 Feb 01 12:00:00 AM","T3","Departure","International","18,283"
"2018 Apr 18 03:12:41 PM","2006 Nov 01 12:00:00 AM","T2","Departure","International","144,960"
"2018 Apr 18 03:12:41 PM","2008 Dec 01 12:00:00 AM","T7","Departure","International","32,016"
"2018 Apr 18 03:12:41 PM","2012 Oct 01 12:00:00 AM","T3","Arrival","Domestic","165,918"
"2018 Apr 18 03:12:41 PM","2007 Mar 01 12:00:00 AM","T7","Departure","Domestic","289,375"
"2018 Apr 18 03:12:41 PM","2014 Mar 01 12:00:00 AM","T5","Arrival","International","48,874"
"2018 Apr 18 03:12:41 PM","2009 Nov 01 12:00:00 AM","T7","Arrival","International","15,991"
"2018 Apr 18 03:12:41 PM","2013 Mar 01 12:00:00 AM","T4","Departure","International","37,029"
"2019 Mar 14 06:45:08 AM","2019 Feb 01 12:00:00 AM","T3","Departure","International","43,479"
"2018 Apr 18 03:12:41 PM","2009 Aug 01 12:00:00 AM","T4","Arrival","International","31,135"
"2018 Jul 11 02:24:22 PM","2018 May 01 12:00:00 AM","T7","Arrival","International","66,755"
"2018 Apr 18 03:12:41 PM","2016 Oct 01 12:00:00 AM","T4","Arrival","Domestic","362,097"
"2021 Jan 10 06:01:37 AM","2020 Dec 01 12:00:00 AM","T2","Departure","Domestic","195,027"
"2018 Apr 18 03:12:41 PM","2007 Aug 01 12:00:00 AM","T1","Departure","Domestic","499,295"
"2018 Apr 18 03:12:41 PM","2007 Nov 01 12:00:00 AM","T1","Arrival","Domestic","398,228"
"2018 Apr 18 03:12:41 PM","2017 May 01 12:00:00 AM","T5","Departure","Domestic","416,787"
"2018 Apr 18 03:12:41 PM","2009 Jan 01 12:00:00 AM","T4","Departure","Domestic","334,931"
"2018 Apr 18 03:12:41 PM","2013 Feb 01 12:00:00 AM","T3","Departure","Domestic","141,864"
"2018 Apr 18 03:12:41 PM","2007 May 01 12:00:00 AM","T2","Departure","International","159,024"
"2018 Apr 18 03:12:41 PM","2007 Jun 01 12:00:00 AM","T7","Departure","Domestic","276,619"
"2018 Apr 18 03:12:41 PM","2010 May 01 12:00:00 AM","Miscellaneous Terminal","Arrival","International","1"
"2018 Apr 18 03:12:41 PM","2009 Jun 01 12:00:00 AM","T7","Arrival","International","22,554"
"2018 Apr 18 03:12:41 PM","2008 Jan 01 12:00:00 AM","T4","Departure","International","42,244"
"2018 Apr 18 03:12:41 PM","2016 Jul 01 12:00:00 AM","T8","Arrival","International","6,274"
"2020 Aug 10 06:01:25 AM","2020 Jul 01 12:00:00 AM","T6","Arrival","International","6,599"
"2020 Dec 07 01:58:36 PM","2020 Oct 01 12:00:00 AM","Miscellaneous Terminal","Arrival","International","10"
"2018 Apr 18 03:12:41 PM","2007 Feb 01 12:00:00 AM","T6","Arrival","Domestic","181,432"
"2018 Apr 18 03:12:41 PM","2013 May 01 12:00:00 AM","TBIT","Departure","International","367,529"
"2018 Apr 18 03:12:41 PM","2014 Dec 01 12:00:00 AM","T7","Arrival","Domestic","320,845"
"2018 Apr 18 03:12:41 PM","2011 Sep 01 12:00:00 AM","T7","Departure","Domestic","205,318"
"2018 Apr 18 03:12:41 PM","2008 Mar 01 12:00:00 AM","Imperial Terminal","Departure","Domestic","187"
"2018 Apr 18 03:12:41 PM","2009 Oct 01 12:00:00 AM","T3","Arrival","Domestic","162,632"
"2019 Apr 29 01:10:30 PM","2018 Mar 01 12:00:00 AM","TBIT","Arrival","International","716,477"
"2018 Apr 18 03:12:41 PM","2013 Apr 01 12:00:00 AM","T4","Departure","International","33,184"
"2018 Apr 18 03:12:41 PM","2016 May 01 12:00:00 AM","T2","Departure","International","199,427"
"2020 Dec 07 01:58:36 PM","2020 Oct 01 12:00:00 AM","T6","Arrival","Domestic","58,428"
"2018 Apr 18 03:12:41 PM","2013 May 01 12:00:00 AM","T2","Departure","International","196,840"
"2018 Apr 18 03:12:41 PM","2015 Dec 01 12:00:00 AM","TBIT","Arrival","Domestic","14,062"
"2018 Apr 18 03:12:41 PM","2016 Nov 01 12:00:00 AM","T6","Arrival","Domestic","292,918"
"2018 Apr 18 03:12:41 PM","2006 Oct 01 12:00:00 AM","T3","Arrival","Domestic","146,297"
"2020 Oct 10 06:01:21 AM","2020 Sep 01 12:00:00 AM","TBIT","Departure","Domestic","14,079"
"2018 Apr 18 03:12:41 PM","2006 Aug 01 12:00:00 AM","T3","Arrival","International","26,357"
"2021 Mar 03 10:48:12 AM","2021 Jan 01 12:00:00 AM","TBIT","Arrival","Domestic","6,446"
"2018 Apr 18 03:12:41 PM","2012 Jul 01 12:00:00 AM","TBIT","Departure","International","382,286"
"2018 Apr 18 03:12:41 PM","2011 Jul 01 12:00:00 AM","T5","Departure","Domestic","264,082"
"2018 Apr 18 03:12:41 PM","2012 Nov 01 12:00:00 AM","TBIT","Departure","International","303,817"
"2018 Apr 18 03:12:41 PM","2006 Jan 01 12:00:00 AM","T5","Departure","International","25,531"
"2019 Jun 24 01:17:06 PM","2019 May 01 12:00:00 AM","T7","Arrival","Domestic","344,730"
"2018 Apr 18 03:12:41 PM","2012 Dec 01 12:00:00 AM","T5","Arrival","International","39,595"
"2018 Apr 18 03:12:41 PM","2015 Feb 01 12:00:00 AM","T3","Arrival","Domestic","194,916"
"2018 Apr 18 03:12:41 PM","2014 Jun 01 12:00:00 AM","T8","Arrival","International","2,737"
"2018 Apr 18 03:12:41 PM","2007 Oct 01 12:00:00 AM","T4","Departure","Domestic","405,240"
"2018 Apr 18 03:12:41 PM","2010 Jul 01 12:00:00 AM","T7","Arrival","Domestic","267,907"
"2018 Apr 18 03:12:41 PM","2015 Jan 01 12:00:00 AM","T4","Arrival","International","12,387"
"2018 Apr 18 03:12:41 PM","2013 Mar 01 12:00:00 AM","T8","Departure","International","3,845"
"2018 Apr 18 03:12:41 PM","2014 Sep 01 12:00:00 AM","T2","Departure","International","189,669"
"2018 Apr 18 03:12:41 PM","2009 Apr 01 12:00:00 AM","T5","Arrival","Domestic","155,998"
"2018 Apr 18 03:12:41 PM","2012 May 01 12:00:00 AM","T7","Departure","International","38,201"
"2018 Apr 18 03:12:41 PM","2010 Dec 01 12:00:00 AM","T4","Arrival","Domestic","368,491"
"2019 Jan 10 06:01:19 AM","2018 Dec 01 12:00:00 AM","T3","Departure","Domestic","262,430"
"2018 Apr 18 03:12:41 PM","2017 Nov 01 12:00:00 AM","T5","Departure","Domestic","367,380"
"2019 Jul 18 06:18:08 AM","2019 Jun 01 12:00:00 AM","T3","Departure","Domestic","326,146"
"2018 Apr 18 03:12:41 PM","2014 Mar 01 12:00:00 AM","Miscellaneous Terminal","Arrival","Domestic","82,175"
"2018 Apr 18 03:12:41 PM","2012 Mar 01 12:00:00 AM","T2","Arrival","Domestic","25,554"
"2018 Apr 18 03:12:41 PM","2017 Jul 01 12:00:00 AM","Miscellaneous Terminal","Departure","International","2,421"
"2018 Apr 18 03:12:41 PM","2012 Sep 01 12:00:00 AM","T8","Departure","International","3,030"
"2018 Apr 18 03:12:41 PM","2011 Jun 01 12:00:00 AM","T2","Departure","Domestic","33,867"
"2018 Apr 18 03:12:41 PM","2010 Dec 01 12:00:00 AM","T1","Arrival","Domestic","383,292"
"2018 Apr 18 03:12:41 PM","2006 Feb 01 12:00:00 AM","TBIT","Arrival","International","323,229"
"2019 Mar 14 06:45:08 AM","2019 Feb 01 12:00:00 AM","T5","Departure","International","158"
"2018 Apr 18 03:12:41 PM","2011 Apr 01 12:00:00 AM","T2","Arrival","Domestic","21,201"
"2018 Apr 18 03:12:41 PM","2016 Apr 01 12:00:00 AM","T2","Departure","Domestic","38,413"
"2018 Apr 18 03:12:41 PM","2012 Feb 01 12:00:00 AM","Miscellaneous Terminal","Arrival","Domestic","174"
"2018 Apr 18 03:12:41 PM","2010 Dec 01 12:00:00 AM","Miscellaneous Terminal","Departure","Domestic","102"
"2018 Apr 18 03:12:41 PM","2017 Mar 01 12:00:00 AM","T7","Departure","Domestic","287,364"
"2020 Apr 08 09:58:08 AM","2020 Feb 01 12:00:00 AM","TBIT","Arrival","International","541,563"
"2018 Oct 29 10:20:51 AM","2016 Jun 01 12:00:00 AM","T2","Arrival","International","201,446"
"2018 Apr 18 03:12:41 PM","2006 Jan 01 12:00:00 AM","T7","Departure","International","43,104"
"2018 Apr 18 03:12:41 PM","2011 Sep 01 12:00:00 AM","T4","Arrival","Domestic","404,050"
"2018 Apr 18 03:12:41 PM","2013 Aug 01 12:00:00 AM","T4","Departure","Domestic","399,545"
"2018 Apr 18 03:12:41 PM","2008 Nov 01 12:00:00 AM","T5","Departure","Domestic","160,763"
"2018 Apr 18 03:12:41 PM","2010 Feb 01 12:00:00 AM","T8","Departure","International","6,000"
"2018 Dec 26 06:52:40 AM","2018 Nov 01 12:00:00 AM","T5","Departure","Domestic","389,079"
"2018 Apr 18 03:12:41 PM","2011 Apr 01 12:00:00 AM","T4","Departure","Domestic","403,107"
"2018 Apr 18 03:12:41 PM","2010 Apr 01 12:00:00 AM","T6","Departure","International","13,982"
"2018 Apr 18 03:12:41 PM","2010 Nov 01 12:00:00 AM","T2","Departure","International","180,185"
"2018 Apr 18 03:12:41 PM","2006 Mar 01 12:00:00 AM","T3","Arrival","Domestic","139,916"
"2018 Apr 18 03:12:41 PM","2011 Dec 01 12:00:00 AM","T4","Arrival","Domestic","407,282"
"2020 Sep 10 06:01:23 AM","2020 Aug 01 12:00:00 AM","T1","Arrival","Domestic","126,475"
"2018 Apr 18 03:12:41 PM","2017 Jan 01 12:00:00 AM","Miscellaneous Terminal","Arrival","Domestic","109,727"
"2018 Jul 11 02:24:22 PM","2018 May 01 12:00:00 AM","Miscellaneous Terminal","Arrival","Domestic","125,139"
"2018 Oct 29 10:20:51 AM","2017 Aug 01 12:00:00 AM","TBIT","Arrival","International","870,062"
"2018 Apr 18 03:12:41 PM","2006 Mar 01 12:00:00 AM","T3","Departure","Domestic","137,800"
"2018 Apr 18 03:12:41 PM","2016 Feb 01 12:00:00 AM","T2","Departure","Domestic","31,759"
"2018 Apr 18 03:12:41 PM","2010 Dec 01 12:00:00 AM","TBIT","Departure","International","279,010"
"2018 Apr 18 03:12:41 PM","2007 Mar 01 12:00:00 AM","Imperial Terminal","Departure","Domestic","43"
"2018 Apr 18 03:12:41 PM","2006 Feb 01 12:00:00 AM","T3","Departure","Domestic","115,461"
"2019 Nov 14 03:00:43 PM","2019 Oct 01 12:00:00 AM","T8","Departure","Domestic","137,502"
"2018 Apr 18 03:12:41 PM","2007 Oct 01 12:00:00 AM","T7","Departure","International","34,897"
"2018 Apr 18 03:12:41 PM","2008 Apr 01 12:00:00 AM","T7","Arrival","Domestic","234,159"
"2018 Apr 18 03:12:41 PM","2007 Oct 01 12:00:00 AM","TBIT","Departure","International","371,276"
"2018 Apr 18 03:12:41 PM","2010 May 01 12:00:00 AM","T8","Arrival","Domestic","151,455"
"2018 Apr 18 03:12:41 PM","2014 Oct 01 12:00:00 AM","T7","Arrival","International","57,126"
"2018 Apr 18 03:12:41 PM","2012 Oct 01 12:00:00 AM","T5","Arrival","Domestic","250,136"
"2019 Jan 30 07:34:09 AM","2018 Dec 01 12:00:00 AM","T7","Arrival","International","62,310"
"2018 Apr 18 03:12:41 PM","2016 Apr 01 12:00:00 AM","T7","Departure","Domestic","245,782"
"2018 Apr 18 03:12:41 PM","2017 Oct 01 12:00:00 AM","TBIT","Departure","Domestic","21,143"
"2018 Apr 18 03:12:41 PM","2011 Apr 01 12:00:00 AM","T1","Departure","Domestic","376,643"
"2019 Nov 26 01:26:41 PM","2019 Oct 01 12:00:00 AM","Miscellaneous Terminal","Arrival","Domestic","114,035"
"2019 Jan 30 07:34:09 AM","2018 Dec 01 12:00:00 AM","T7","Departure","Domestic","350,768"
"2018 Apr 18 03:12:41 PM","2010 Jun 01 12:00:00 AM","T3","Departure","Domestic","181,942"
"2018 Apr 18 03:12:41 PM","2017 Apr 01 12:00:00 AM","T3","Arrival","Domestic","348,387"
"2018 Apr 18 03:12:41 PM","2009 Sep 01 12:00:00 AM","T8","Arrival","Domestic","103,867"
"2018 Apr 18 03:12:41 PM","2006 Jun 01 12:00:00 AM","Miscellaneous Terminal","Departure","Domestic","66"
"2019 Jul 18 06:18:08 AM","2019 Jun 01 12:00:00 AM","T4","Departure","International","79,048"
"2018 Apr 18 03:12:41 PM","2008 Apr 01 12:00:00 AM","T8","Arrival","International","4,791"
"2018 Apr 18 03:12:41 PM","2007 Jun 01 12:00:00 AM","T8","Departure","Domestic","116,453"
"2018 Apr 18 03:12:41 PM","2010 Sep 01 12:00:00 AM","T3","Arrival","International","17,783"
"2018 Nov 25 11:40:39 AM","2018 Oct 01 12:00:00 AM","T4","Arrival","Domestic","375,859"
"2019 Oct 10 06:01:25 AM","2019 Sep 01 12:00:00 AM","T8","Arrival","International","4,337"
"2018 Apr 18 03:12:41 PM","2018 Feb 01 12:00:00 AM","T2","Departure","International","90,964"
"2018 Apr 18 03:12:41 PM","2008 Sep 01 12:00:00 AM","T6","Arrival","Domestic","235,662"
"2018 Apr 18 03:12:41 PM","2016 Aug 01 12:00:00 AM","TBIT","Arrival","Domestic","20,481"
"2018 Apr 18 03:12:41 PM","2007 Jan 01 12:00:00 AM","T2","Departure","Domestic","88,134"
"2018 Apr 18 03:12:41 PM","2011 Oct 01 12:00:00 AM","T2","Departure","International","198,993"
"2018 Nov 25 11:40:39 AM","2018 Oct 01 12:00:00 AM","T6","Arrival","Domestic","253,827"
"2018 Apr 18 03:12:41 PM","2016 Oct 01 12:00:00 AM","T2","Arrival","Domestic","42,432"
"2018 Apr 18 03:12:41 PM","2017 Jan 01 12:00:00 AM","T7","Departure","International","38,619"
"2019 Apr 29 01:10:30 PM","2019 Feb 01 12:00:00 AM","Miscellaneous Terminal","Arrival","International","5,793"
"2019 Jul 10 06:01:27 AM","2019 Jun 01 12:00:00 AM","T7","Arrival","Domestic","366,987"
"2018 Apr 18 03:12:41 PM","2010 May 01 12:00:00 AM","T6","Departure","Domestic","240,225"
"2018 Apr 18 03:12:41 PM","2015 Aug 01 12:00:00 AM","T1","Arrival","Domestic","362,011"
"2020 Oct 27 08:53:01 AM","2020 Sep 01 12:00:00 AM","T8","Departure","Domestic","13,274"
"2018 Apr 18 03:12:41 PM","2011 Sep 01 12:00:00 AM","T5","Departure","International","22,229"
"2018 Apr 18 03:12:41 PM","2017 Jun 01 12:00:00 AM","T8","Arrival","International","4,665"
"2019 Apr 02 02:27:54 PM","2018 Dec 01 12:00:00 AM","TBIT","Arrival","International","695,525"
"2018 Jul 11 02:24:22 PM","2018 May 01 12:00:00 AM","T5","Arrival","Domestic","397,872"
"2018 Apr 18 03:12:41 PM","2008 Jul 01 12:00:00 AM","T6","Departure","International","4,914"
"2018 Apr 18 03:12:41 PM","2013 Nov 01 12:00:00 AM","T5","Departure","Domestic","251,304"
"2019 Jan 10 06:01:19 AM","2018 Dec 01 12:00:00 AM","T3","Arrival","International","27,683"
"2018 Apr 18 03:12:41 PM","2016 May 01 12:00:00 AM","T6","Arrival","Domestic","329,138"
"2018 Apr 18 03:12:41 PM","2008 Dec 01 12:00:00 AM","Miscellaneous Terminal","Departure","Domestic","89"
"2018 Apr 18 03:12:41 PM","2011 Feb 01 12:00:00 AM","T6","Departure","International","20,888"
"2018 Apr 18 03:12:41 PM","2008 Jul 01 12:00:00 AM","T3","Arrival","International","17,105"
"2018 Apr 18 03:12:41 PM","2013 Oct 01 12:00:00 AM","T6","Departure","Domestic","259,599"
"2018 Apr 18 03:12:41 PM","2009 Aug 01 12:00:00 AM","T1","Departure","Domestic","393,405"
"2018 Apr 18 03:12:41 PM","2006 Aug 01 12:00:00 AM","T1","Arrival","Domestic","456,601"
"2018 Apr 18 03:12:41 PM","2014 Mar 01 12:00:00 AM","TBIT","Arrival","Domestic","4,713"
"2018 Apr 18 03:12:41 PM","2006 Nov 01 12:00:00 AM","Miscellaneous Terminal","Arrival","Domestic","706"
"2018 Apr 18 03:12:41 PM","2009 Jul 01 12:00:00 AM","T4","Arrival","International","32,439"
"2019 Aug 23 03:41:00 PM","2019 Jul 01 12:00:00 AM","T8","Departure","Domestic","169,066"
"2018 Apr 18 03:12:41 PM","2010 Aug 01 12:00:00 AM","T2","Arrival","Domestic","29,820"
"2018 Apr 18 03:12:41 PM","2011 Oct 01 12:00:00 AM","T8","Departure","International","7,167"
"2018 Apr 18 03:12:41 PM","2011 Jul 01 12:00:00 AM","T6","Arrival","Domestic","307,256"
"2018 Apr 18 03:12:41 PM","2016 Oct 01 12:00:00 AM","T1","Arrival","Domestic","409,588"
"2018 Apr 18 03:12:41 PM","2015 May 01 12:00:00 AM","TBIT","Departure","Domestic","8,204"
"2018 Apr 18 03:12:41 PM","2015 Oct 01 12:00:00 AM","Miscellaneous Terminal","Arrival","International","3,597"
"2021 Apr 01 09:37:48 AM","2021 Feb 01 12:00:00 AM","T4","Departure","Domestic","115,646"
"2018 Apr 18 03:12:41 PM","2011 Sep 01 12:00:00 AM","T3","Arrival","International","14,536"
"2018 Apr 18 03:12:41 PM","2017 May 01 12:00:00 AM","T1","Departure","International","6,678"
"2018 Dec 26 06:52:40 AM","2018 Nov 01 12:00:00 AM","T5","Departure","International","1,033"
"2018 Apr 18 03:12:41 PM","2006 Oct 01 12:00:00 AM","T2","Arrival","Domestic","103,066"
"2018 Apr 18 03:12:41 PM","2007 Apr 01 12:00:00 AM","T2","Departure","International","147,734"
"2018 Apr 18 03:12:41 PM","2009 Feb 01 12:00:00 AM","T7","Arrival","Domestic","188,975"
"2018 Apr 18 03:12:41 PM","2009 Dec 01 12:00:00 AM","T7","Departure","Domestic","235,195"
"2018 Apr 18 03:12:41 PM","2016 Aug 01 12:00:00 AM","Miscellaneous Terminal","Arrival","International","4,168"
"2018 Apr 18 03:12:41 PM","2016 Dec 01 12:00:00 AM","TBIT","Arrival","Domestic","15,093"
"2018 Apr 18 03:12:41 PM","2008 Nov 01 12:00:00 AM","T4","Arrival","Domestic","335,043"
"2018 Apr 18 03:12:41 PM","2008 Nov 01 12:00:00 AM","T7","Departure","International","26,085"
"2018 Apr 18 03:12:41 PM","2014 Jan 01 12:00:00 AM","T8","Departure","International","4,897"
"2018 Apr 18 03:12:41 PM","2012 Apr 01 12:00:00 AM","TBIT","Departure","International","294,565"
"2018 Apr 18 03:12:41 PM","2011 May 01 12:00:00 AM","T8","Departure","Domestic","154,116"
"2018 Apr 18 03:12:41 PM","2015 Jan 01 12:00:00 AM","T3","Departure","International","1,178"
"2018 Apr 18 03:12:41 PM","2010 Apr 01 12:00:00 AM","T4","Departure","International","32,908"
"2018 Apr 18 03:12:41 PM","2013 Jun 01 12:00:00 AM","Miscellaneous Terminal","Arrival","Domestic","84,206"
"2018 Apr 18 03:12:41 PM","2007 Jun 01 12:00:00 AM","T4","Arrival","Domestic","435,530"
"2019 Mar 01 11:09:59 AM","2019 Jan 01 12:00:00 AM","TBIT","Departure","International","659,500"
"2018 Apr 18 03:12:41 PM","2016 Feb 01 12:00:00 AM","T4","Departure","International","41,268"
"2018 Apr 18 03:12:41 PM","2010 Apr 01 12:00:00 AM","T3","Departure","Domestic","159,820"
"2018 Apr 18 03:12:41 PM","2016 Mar 01 12:00:00 AM","T3","Arrival","Domestic","304,388"
"2018 Apr 18 03:12:41 PM","2011 May 01 12:00:00 AM","T6","Departure","International","27,231"
"2018 Apr 18 03:12:41 PM","2018 Feb 01 12:00:00 AM","TBIT","Arrival","Domestic","5,867"
"2018 Apr 18 03:12:41 PM","2008 Mar 01 12:00:00 AM","T2","Arrival","Domestic","101,469"
"2018 Apr 18 03:12:41 PM","2009 Mar 01 12:00:00 AM","T2","Departure","Domestic","89,400"
"2018 Apr 18 03:12:41 PM","2006 Aug 01 12:00:00 AM","T3","Departure","International","57,395"
"2019 Sep 27 07:57:24 AM","2019 Aug 01 12:00:00 AM","Miscellaneous Terminal","Arrival","Domestic","121,630"
"2018 Nov 10 06:01:27 AM","2018 Oct 01 12:00:00 AM","T7","Arrival","International","56,998"
"2018 Apr 18 03:12:41 PM","2012 May 01 12:00:00 AM","T4","Departure","International","39,246"
"2018 Apr 18 03:12:41 PM","2017 Jul 01 12:00:00 AM","T8","Arrival","Domestic","169,545"
"2018 Apr 18 03:12:41 PM","2013 Aug 01 12:00:00 AM","TBIT","Arrival","International","487,557"
"2018 Apr 18 03:12:41 PM","2015 Jul 01 12:00:00 AM","T7","Departure","Domestic","326,264"
"2018 Apr 18 03:12:41 PM","2009 Jun 01 12:00:00 AM","T1","Arrival","Domestic","389,976"
"2018 Apr 18 03:12:41 PM","2014 Jan 01 12:00:00 AM","T4","Arrival","International","1,370"
"2018 Apr 18 03:12:41 PM","2006 Apr 01 12:00:00 AM","T4","Departure","Domestic","413,701"
"2018 Apr 18 03:12:41 PM","2006 Mar 01 12:00:00 AM","T1","Departure","Domestic","430,774"
"2018 Apr 18 03:12:41 PM","2012 Feb 01 12:00:00 AM","T1","Departure","Domestic","310,392"
"2018 Apr 18 03:12:41 PM","2007 Feb 01 12:00:00 AM","T1","Arrival","Domestic","359,940"
"2018 Apr 18 03:12:41 PM","2017 Apr 01 12:00:00 AM","T6","Arrival","Domestic","308,905"
"2018 Apr 18 03:12:41 PM","2014 Feb 01 12:00:00 AM","T4","Arrival","Domestic","308,950"
"2018 Apr 18 03:12:41 PM","2014 Jan 01 12:00:00 AM","T4","Departure","International","39,552"
"2018 Apr 18 03:12:41 PM","2007 Feb 01 12:00:00 AM","T8","Departure","Domestic","108,997"
"2019 Apr 29 01:10:30 PM","2019 Mar 01 12:00:00 AM","T4","Arrival","International","62,999"
"2018 Apr 18 03:12:41 PM","2011 Mar 01 12:00:00 AM","T4","Arrival","International","16,724"
"2020 Aug 10 06:01:25 AM","2020 Jul 01 12:00:00 AM","T2","Departure","Domestic","114,648"
"2018 Apr 18 03:12:41 PM","2017 Aug 01 12:00:00 AM","T3","Departure","International","27,653"
"2018 Apr 18 03:12:41 PM","2008 Jul 01 12:00:00 AM","TBIT","Departure","International","401,183"
"2018 Apr 18 03:12:41 PM","2006 Jul 01 12:00:00 AM","T6","Arrival","Domestic","269,170"
"2018 Jul 11 02:24:22 PM","2018 May 01 12:00:00 AM","T1","Arrival","Domestic","426,759"
"2021 Apr 01 09:37:48 AM","2021 Feb 01 12:00:00 AM","T5","Arrival","Domestic","122,425"
"2018 Apr 18 03:12:41 PM","2010 Sep 01 12:00:00 AM","T6","Arrival","Domestic","248,083"
"2018 Apr 18 03:12:41 PM","2016 Aug 01 12:00:00 AM","T8","Arrival","International","5,886"
"2019 Mar 01 11:09:59 AM","2019 Jan 01 12:00:00 AM","T6","Arrival","Domestic","215,954"
"2018 Apr 18 03:12:41 PM","2010 Jul 01 12:00:00 AM","T8","Arrival","International","3,813"
"2018 Apr 18 03:12:41 PM","2016 May 01 12:00:00 AM","T1","Arrival","Domestic","414,452"
"2018 Apr 18 03:12:41 PM","2011 Sep 01 12:00:00 AM","Miscellaneous Terminal","Departure","Domestic","4"
"2018 Apr 18 03:12:41 PM","2014 Mar 01 12:00:00 AM","T1","Arrival","Domestic","334,721"
"2018 Apr 18 03:12:41 PM","2006 Jun 01 12:00:00 AM","T2","Arrival","Domestic","108,894"
"2018 Apr 18 03:12:41 PM","2015 Oct 01 12:00:00 AM","T8","Arrival","Domestic","197,128"
"2020 Aug 27 07:15:54 AM","2020 Jul 01 12:00:00 AM","T4","Departure","Domestic","128,076"
"2018 Apr 18 03:12:41 PM","2012 Dec 01 12:00:00 AM","TBIT","Arrival","Domestic","7,670"
"2018 Apr 18 03:12:41 PM","2016 Sep 01 12:00:00 AM","T4","Departure","International","57,977"
"2018 Apr 18 03:12:41 PM","2017 Jul 01 12:00:00 AM","T2","Departure","International","120,754"
"2018 Apr 18 03:12:41 PM","2012 Jan 01 12:00:00 AM","Miscellaneous Terminal","Departure","International","1"
"2018 Jul 11 02:24:22 PM","2018 Jun 01 12:00:00 AM","T8","Departure","International","15,291"
"2020 May 10 06:01:34 AM","2020 Apr 01 12:00:00 AM","Miscellaneous Terminal","Departure","International","369"
"2018 Oct 29 10:20:51 AM","2016 Dec 01 12:00:00 AM","T2","Arrival","International","202,826"
"2019 Mar 01 11:09:59 AM","2019 Jan 01 12:00:00 AM","TBIT","Arrival","Domestic","5,631"
"2020 Jan 10 06:01:24 AM","2019 Dec 01 12:00:00 AM","T1","Departure","Domestic","395,268"
"2018 Apr 18 03:12:41 PM","2012 Jun 01 12:00:00 AM","Miscellaneous Terminal","Arrival","Domestic","108"
"2018 Apr 18 03:12:41 PM","2007 May 01 12:00:00 AM","T2","Arrival","International","142,049"
"2019 Jan 30 07:34:09 AM","2018 Dec 01 12:00:00 AM","T8","Departure","International","5,340"
"2018 Apr 18 03:12:41 PM","2008 Jan 01 12:00:00 AM","T4","Arrival","International","77,906"
"2018 Apr 18 03:12:41 PM","2014 Oct 01 12:00:00 AM","TBIT","Departure","Domestic","8,704"
"2020 Sep 28 04:07:45 PM","2020 Aug 01 12:00:00 AM","T2","Departure","International","7,373"
"2018 Apr 18 03:12:41 PM","2013 Apr 01 12:00:00 AM","T3","Arrival","Domestic","182,605"
"2018 Apr 18 03:12:41 PM","2006 Mar 01 12:00:00 AM","Imperial Terminal","Arrival","Domestic","200"
"2018 Apr 18 03:12:41 PM","2008 Jan 01 12:00:00 AM","T5","Departure","International","42,139"
"2018 Aug 21 11:02:45 AM","2018 Jul 01 12:00:00 AM","T2","Departure","Domestic","266,959"
"2018 Apr 18 03:12:41 PM","2010 Dec 01 12:00:00 AM","T2","Departure","International","201,281"
"2018 Apr 18 03:12:41 PM","2016 Apr 01 12:00:00 AM","TBIT","Departure","Domestic","34,968"
"2018 Apr 18 03:12:41 PM","2006 Jan 01 12:00:00 AM","T4","Departure","International","42,256"
"2018 Apr 18 03:12:41 PM","2013 Sep 01 12:00:00 AM","T8","Departure","Domestic","112,136"
"2020 Nov 10 06:01:35 AM","2020 Oct 01 12:00:00 AM","T7","Departure","Domestic","141,962"
"2018 Apr 18 03:12:41 PM","2014 Aug 01 12:00:00 AM","T4","Departure","International","45,259"
"2019 May 28 06:24:45 AM","2019 Apr 01 12:00:00 AM","T4","Arrival","International","71,191"
"2018 Apr 18 03:12:41 PM","2013 Oct 01 12:00:00 AM","T4","Departure","Domestic","356,248"
"2018 Apr 18 03:12:41 PM","2013 Jan 01 12:00:00 AM","T3","Arrival","Domestic","153,966"
"2018 Apr 18 03:12:41 PM","2014 Mar 01 12:00:00 AM","T4","Arrival","Domestic","367,146"
"2021 Mar 03 10:48:12 AM","2021 Jan 01 12:00:00 AM","T2","Departure","International","10,800"
"2018 Apr 18 03:12:41 PM","2016 Mar 01 12:00:00 AM","T6","Arrival","International","5,420"
"2019 Mar 01 11:09:59 AM","2019 Jan 01 12:00:00 AM","T5","Departure","International","449"
"2018 Apr 18 03:12:41 PM","2009 Jul 01 12:00:00 AM","Imperial Terminal","Arrival","International","240"
"2018 Apr 18 03:12:41 PM","2017 May 01 12:00:00 AM","T2","Departure","Domestic","158,190"
"2018 Apr 18 03:12:41 PM","2017 Jan 01 12:00:00 AM","T5","Departure","International","57,553"
"2018 Apr 18 03:12:41 PM","2009 Sep 01 12:00:00 AM","T7","Arrival","International","21,771"
"2018 Apr 18 03:12:41 PM","2010 Sep 01 12:00:00 AM","T1","Arrival","Domestic","346,148"
"2018 Apr 18 03:12:41 PM","2008 Sep 01 12:00:00 AM","T6","Arrival","International","189"
"2018 Apr 18 03:12:41 PM","2011 Oct 01 12:00:00 AM","T6","Departure","Domestic","220,206"
"2018 Apr 18 03:12:41 PM","2010 Oct 01 12:00:00 AM","T4","Arrival","Domestic","385,041"
"2018 Apr 18 03:12:41 PM","2011 Apr 01 12:00:00 AM","Miscellaneous Terminal","Departure","International","9"
"2018 Apr 18 03:12:41 PM","2009 Feb 01 12:00:00 AM","T6","Arrival","International","368"
"2018 Apr 18 03:12:41 PM","2006 Jan 01 12:00:00 AM","T1","Arrival","Domestic","401,535"
"2018 Apr 18 03:12:41 PM","2010 Feb 01 12:00:00 AM","T2","Departure","International","139,188"
"2018 Apr 18 03:12:41 PM","2013 May 01 12:00:00 AM","T7","Departure","Domestic","270,227"
"2018 Apr 18 03:12:41 PM","2012 Mar 01 12:00:00 AM","Miscellaneous Terminal","Departure","Domestic","152"
"2018 Apr 18 03:12:41 PM","2008 Jun 01 12:00:00 AM","T8","Arrival","International","4,278"
"2018 Apr 18 03:12:41 PM","2012 Dec 01 12:00:00 AM","T1","Departure","Domestic","381,086"
"2018 Apr 18 03:12:41 PM","2008 Apr 01 12:00:00 AM","Imperial Terminal","Arrival","International","25"
"2018 Apr 18 03:12:41 PM","2012 Aug 01 12:00:00 AM","T7","Departure","Domestic","163,815"
"2018 Apr 18 03:12:41 PM","2008 Sep 01 12:00:00 AM","T4","Departure","Domestic","345,080"
"2018 Apr 18 03:12:41 PM","2013 Jan 01 12:00:00 AM","T2","Arrival","Domestic","24,240"
"2020 Aug 10 06:01:25 AM","2020 Jul 01 12:00:00 AM","T3","Arrival","Domestic","8,898"
"2018 Apr 18 03:12:41 PM","2017 Jul 01 12:00:00 AM","T4","Arrival","International","64,344"
"2018 Apr 18 03:12:41 PM","2014 Mar 01 12:00:00 AM","T2","Arrival","Domestic","28,383"
"2018 Apr 18 03:12:41 PM","2007 Apr 01 12:00:00 AM","T2","Arrival","Domestic","91,216"
"2018 Apr 18 03:12:41 PM","2011 Jun 01 12:00:00 AM","T3","Departure","Domestic","268,440"
"2018 Apr 18 03:12:41 PM","2012 Oct 01 12:00:00 AM","T7","Arrival","Domestic","206,332"
"2018 Apr 18 03:12:41 PM","2017 Sep 01 12:00:00 AM","T7","Arrival","International","53,860"
"2018 Apr 18 03:12:41 PM","2008 Oct 01 12:00:00 AM","T2","Departure","International","160,306"
"2018 Apr 18 03:12:41 PM","2017 Oct 01 12:00:00 AM","T4","Departure","International","76,098"
"2018 Apr 18 03:12:41 PM","2007 Jun 01 12:00:00 AM","T8","Departure","International","3,078"
"2018 Jul 11 02:24:22 PM","2018 May 01 12:00:00 AM","T7","Departure","International","48,279"
"2019 Mar 01 11:09:59 AM","2019 Jan 01 12:00:00 AM","Miscellaneous Terminal","Arrival","Domestic","111,219"
"2018 Apr 18 03:12:41 PM","2016 Oct 01 12:00:00 AM","T8","Departure","International","6,219"
"2018 Apr 18 03:12:41 PM","2006 Aug 01 12:00:00 AM","T5","Arrival","International","36,361"
"2018 Apr 18 03:12:41 PM","2016 Aug 01 12:00:00 AM","T3","Departure","Domestic","379,989"
"2018 Apr 18 03:12:41 PM","2015 Aug 01 12:00:00 AM","T4","Arrival","International","5,735"
"2021 Jan 10 06:01:37 AM","2020 Dec 01 12:00:00 AM","T6","Departure","International","32,414"
"2018 Apr 18 03:12:41 PM","2006 Aug 01 12:00:00 AM","T4","Departure","International","48,169"
"2018 Apr 18 03:12:41 PM","2011 Mar 01 12:00:00 AM","T7","Arrival","Domestic","228,638"
"2018 Apr 18 03:12:41 PM","2013 Jul 01 12:00:00 AM","T4","Arrival","International","7,906"
"2018 Apr 18 03:12:41 PM","2009 May 01 12:00:00 AM","TBIT","Departure","Domestic","5,882"
"2018 Apr 18 03:12:41 PM","2014 May 01 12:00:00 AM","T7","Departure","Domestic","285,066"
"2018 Apr 18 03:12:41 PM","2008 Oct 01 12:00:00 AM","T4","Departure","International","45,408"
"2018 Apr 18 03:12:41 PM","2008 Jan 01 12:00:00 AM","Imperial Terminal","Arrival","Domestic","93"
"2018 Apr 18 03:12:41 PM","2007 Jan 01 12:00:00 AM","T3","Departure","International","58,031"
"2018 Apr 18 03:12:41 PM","2013 Jan 01 12:00:00 AM","Miscellaneous Terminal","Arrival","International","1,312"
"2018 Apr 18 03:12:41 PM","2011 Oct 01 12:00:00 AM","T4","Arrival","Domestic","378,426"
"2018 Apr 18 03:12:41 PM","2008 Feb 01 12:00:00 AM","T4","Departure","International","39,489"
"2018 Apr 18 03:12:41 PM","2006 Nov 01 12:00:00 AM","T8","Departure","Domestic","113,728"
"2018 Apr 18 03:12:41 PM","2017 Apr 01 12:00:00 AM","T8","Arrival","International","4,691"
"2018 Apr 18 03:12:41 PM","2008 Oct 01 12:00:00 AM","T8","Departure","International","4,903"
"2018 Apr 18 03:12:41 PM","2010 Aug 01 12:00:00 AM","T1","Departure","Domestic","405,415"
"2018 Apr 18 03:12:41 PM","2016 May 01 12:00:00 AM","Miscellaneous Terminal","Arrival","International","4,678"
"2020 May 10 06:01:34 AM","2020 Apr 01 12:00:00 AM","T7","Departure","International","4"
"2018 Apr 18 03:12:41 PM","2015 Aug 01 12:00:00 AM","TBIT","Departure","International","571,239"
"2018 Apr 18 03:12:41 PM","2007 Aug 01 12:00:00 AM","T2","Arrival","International","179,731"
"2018 Apr 18 03:12:41 PM","2011 Mar 01 12:00:00 AM","T3","Departure","International","80,164"
"2018 Apr 18 03:12:41 PM","2008 Jun 01 12:00:00 AM","T3","Arrival","International","15,454"
"2018 Apr 18 03:12:41 PM","2015 Jul 01 12:00:00 AM","T8","Departure","Domestic","209,885"
"2018 Apr 18 03:12:41 PM","2011 Mar 01 12:00:00 AM","T2","Arrival","International","177,550"
"2018 Apr 18 03:12:41 PM","2006 Jan 01 12:00:00 AM","T2","Arrival","Domestic","98,991"
"2018 Apr 18 03:12:41 PM","2008 Mar 01 12:00:00 AM","TBIT","Arrival","Domestic","213"
"2021 Apr 01 09:37:48 AM","2021 Feb 01 12:00:00 AM","T7","Departure","Domestic","94,719"
"2018 Apr 18 03:12:41 PM","2018 Feb 01 12:00:00 AM","T3","Departure","Domestic","238,210"
"2018 Apr 18 03:12:41 PM","2010 Jan 01 12:00:00 AM","T8","Arrival","Domestic","128,882"
"2018 Apr 18 03:12:41 PM","2014 Oct 01 12:00:00 AM","TBIT","Departure","International","439,507"
"2018 Apr 18 03:12:41 PM","2016 Dec 01 12:00:00 AM","T4","Arrival","International","37,655"
"2018 Apr 18 03:12:41 PM","2013 Apr 01 12:00:00 AM","T5","Departure","International","15,982"
"2018 Apr 18 03:12:41 PM","2009 Feb 01 12:00:00 AM","T4","Arrival","International","29,006"
"2020 Sep 28 04:07:45 PM","2020 Aug 01 12:00:00 AM","T4","Departure","Domestic","140,443"
"2018 Apr 18 03:12:41 PM","2009 Apr 01 12:00:00 AM","Miscellaneous Terminal","Departure","International","163"
"2020 Jan 22 06:57:11 AM","2019 Dec 01 12:00:00 AM","T5","Departure","International","596"
"2018 Apr 18 03:12:41 PM","2007 Aug 01 12:00:00 AM","T6","Departure","Domestic","265,679"
"2018 Apr 18 03:12:41 PM","2016 Apr 01 12:00:00 AM","T8","Arrival","Domestic","164,270"
"2019 May 28 06:24:45 AM","2019 Apr 01 12:00:00 AM","Miscellaneous Terminal","Arrival","Domestic","116,126"
"2018 Apr 18 03:12:41 PM","2012 Mar 01 12:00:00 AM","T1","Departure","Domestic","380,529"
"2018 Apr 18 03:12:41 PM","2013 Feb 01 12:00:00 AM","T3","Arrival","Domestic","139,917"
"2018 Apr 18 03:12:41 PM","2008 Sep 01 12:00:00 AM","TBIT","Departure","Domestic","0"
"2018 Apr 18 03:12:41 PM","2015 Feb 01 12:00:00 AM","T6","Arrival","Domestic","256,763"
"2018 Apr 18 03:12:41 PM","2018 Feb 01 12:00:00 AM","TBIT","Departure","International","582,266"
"2018 Apr 18 03:12:41 PM","2008 May 01 12:00:00 AM","T6","Arrival","International","243"
"2018 Apr 18 03:12:41 PM","2012 Jun 01 12:00:00 AM","T8","Arrival","Domestic","160,055"
"2018 Apr 18 03:12:41 PM","2006 Jul 01 12:00:00 AM","T1","Departure","International","784"
"2018 Apr 18 03:12:41 PM","2016 Nov 01 12:00:00 AM","TBIT","Arrival","Domestic","15,972"
"2020 Aug 27 07:15:54 AM","2020 Jul 01 12:00:00 AM","T4","Arrival","Domestic","130,694"
"2018 Apr 18 03:12:41 PM","2008 Oct 01 12:00:00 AM","T2","Arrival","Domestic","95,757"
"2018 Apr 18 03:12:41 PM","2015 Dec 01 12:00:00 AM","TBIT","Departure","International","476,266"
"2018 Aug 21 11:02:45 AM","2018 Jul 01 12:00:00 AM","Miscellaneous Terminal","Departure","International","6,534"
"2021 Jan 11 11:36:47 AM","2020 Dec 01 12:00:00 AM","T6","Arrival","Domestic","58,991"
"2018 Apr 18 03:12:41 PM","2017 Mar 01 12:00:00 AM","T6","Arrival","Domestic","345,277"
"2018 Apr 18 03:12:41 PM","2011 Jun 01 12:00:00 AM","T7","Arrival","Domestic","238,584"
"2018 Apr 18 03:12:41 PM","2011 Dec 01 12:00:00 AM","T7","Departure","International","33,535"
"2018 Apr 18 03:12:41 PM","2007 Oct 01 12:00:00 AM","TBIT","Arrival","International","380,129"
"2018 Apr 18 03:12:41 PM","2008 Aug 01 12:00:00 AM","Imperial Terminal","Departure","Domestic","586"
"2018 Apr 18 03:12:41 PM","2007 Jul 01 12:00:00 AM","Imperial Terminal","Departure","Domestic","234"
"2018 Apr 18 03:12:41 PM","2010 Sep 01 12:00:00 AM","TBIT","Departure","Domestic","4,633"
"2018 Apr 18 03:12:41 PM","2009 Aug 01 12:00:00 AM","T1","Arrival","Domestic","380,437"
"2018 Apr 18 03:12:41 PM","2016 Dec 01 12:00:00 AM","Miscellaneous Terminal","Departure","International","3,789"
"2018 Apr 18 03:12:41 PM","2015 Jan 01 12:00:00 AM","T1","Departure","Domestic","313,060"
"2018 Apr 18 03:12:41 PM","2016 Jun 01 12:00:00 AM","TBIT","Departure","International","588,012"
"2019 Apr 29 01:10:30 PM","2018 Mar 01 12:00:00 AM","TBIT","Departure","International","681,220"
"2018 Apr 18 03:12:41 PM","2015 Aug 01 12:00:00 AM","TBIT","Arrival","Domestic","15,056"
"2018 Apr 18 03:12:41 PM","2012 Jul 01 12:00:00 AM","T8","Arrival","Domestic","177,887"
"2018 Apr 18 03:12:41 PM","2015 Oct 01 12:00:00 AM","T3","Arrival","Domestic","293,911"
"2019 Apr 29 01:10:30 PM","2019 Mar 01 12:00:00 AM","T2","Arrival","International","78,230"
"2019 Aug 23 03:41:00 PM","2019 Jul 01 12:00:00 AM","T2","Arrival","International","92,691"
"2021 Jan 10 06:01:37 AM","2020 Dec 01 12:00:00 AM","T2","Arrival","International","1,214"
"2018 Apr 18 03:12:41 PM","2007 Dec 01 12:00:00 AM","T6","Departure","Domestic","224,833"
"2018 Apr 18 03:12:41 PM","2006 Jun 01 12:00:00 AM","T3","Departure","Domestic","162,854"
"2018 Apr 18 03:12:41 PM","2011 Jan 01 12:00:00 AM","T8","Departure","International","7,594"
"2019 Apr 10 06:01:25 AM","2019 Mar 01 12:00:00 AM","T7","Arrival","International","69,080"
"2018 Apr 18 03:12:41 PM","2013 Sep 01 12:00:00 AM","T4","Arrival","International","4,467"
"2018 Apr 18 03:12:41 PM","2011 Sep 01 12:00:00 AM","TBIT","Departure","International","302,333"
"2021 Feb 02 08:17:02 AM","2020 Dec 01 12:00:00 AM","T5","Arrival","International","43"
"2021 Jan 10 06:01:37 AM","2020 Dec 01 12:00:00 AM","T8","Departure","Domestic","26,080"
"2018 Apr 18 03:12:41 PM","2017 Dec 01 12:00:00 AM","T3","Departure","International","29,153"
"2018 Apr 18 03:12:41 PM","2007 Oct 01 12:00:00 AM","T3","Arrival","International","15,725"
"2018 Apr 18 03:12:41 PM","2015 Sep 01 12:00:00 AM","T5","Departure","International","62,826"
"2018 Apr 18 03:12:41 PM","2016 Feb 01 12:00:00 AM","T5","Arrival","International","61,646"
"2018 Apr 18 03:12:41 PM","2016 Jan 01 12:00:00 AM","TBIT","Departure","Domestic","6,790"
"2018 Apr 18 03:12:41 PM","2011 Oct 01 12:00:00 AM","T1","Departure","Domestic","372,937"
"2018 Dec 26 06:52:40 AM","2018 Nov 01 12:00:00 AM","Miscellaneous Terminal","Departure","International","5,872"
"2018 Apr 18 03:12:41 PM","2010 Oct 01 12:00:00 AM","T5","Departure","Domestic","256,637"
"2018 Apr 18 03:12:41 PM","2011 Feb 01 12:00:00 AM","T1","Arrival","Domestic","315,291"
"2018 Apr 18 03:12:41 PM","2007 Jul 01 12:00:00 AM","T6","Departure","Domestic","256,200"
"2018 Apr 18 03:12:41 PM","2013 Sep 01 12:00:00 AM","T1","Arrival","Domestic","372,466"
"2019 Mar 01 11:09:59 AM","2019 Jan 01 12:00:00 AM","T2","Departure","Domestic","243,266"
"2018 Apr 18 03:12:41 PM","2010 Nov 01 12:00:00 AM","TBIT","Arrival","International","352,356"
"2018 Apr 18 03:12:41 PM","2006 Dec 01 12:00:00 AM","T4","Arrival","International","62,552"
"2018 Apr 18 03:12:41 PM","2017 Dec 01 12:00:00 AM","T5","Arrival","International","12,660"
"2018 Apr 18 03:12:41 PM","2011 Jan 01 12:00:00 AM","Miscellaneous Terminal","Departure","International","1"
"2018 Apr 18 03:12:41 PM","2016 Mar 01 12:00:00 AM","Miscellaneous Terminal","Departure","Domestic","95,035"
"2018 Apr 18 03:12:41 PM","2014 Jun 01 12:00:00 AM","T7","Arrival","Domestic","285,784"
"2018 Apr 18 03:12:41 PM","2013 Dec 01 12:00:00 AM","T3","Departure","International","2,579"
"2018 Apr 18 03:12:41 PM","2006 Jan 01 12:00:00 AM","T2","Departure","International","156,751"
"2018 Apr 18 03:12:41 PM","2008 Jul 01 12:00:00 AM","T7","Arrival","International","30,115"
"2018 Apr 18 03:12:41 PM","2008 Aug 01 12:00:00 AM","T6","Departure","International","4,572"
"2018 Apr 18 03:12:41 PM","2006 Feb 01 12:00:00 AM","T2","Arrival","International","135,504"
"2018 Apr 18 03:12:41 PM","2013 Jan 01 12:00:00 AM","T8","Departure","Domestic","128,687"
"2018 Apr 18 03:12:41 PM","2012 Oct 01 12:00:00 AM","T1","Arrival","Domestic","405,600"
"2018 Apr 18 03:12:41 PM","2012 Mar 01 12:00:00 AM","TBIT","Arrival","International","373,578"
"2018 Apr 18 03:12:41 PM","2012 Dec 01 12:00:00 AM","T4","Departure","Domestic","375,478"
"2018 Apr 18 03:12:41 PM","2008 Nov 01 12:00:00 AM","T2","Arrival","International","128,014"
"2018 Apr 18 03:12:41 PM","2011 Nov 01 12:00:00 AM","T8","Departure","International","7,501"
"2018 Apr 18 03:12:41 PM","2013 Jul 01 12:00:00 AM","T2","Arrival","Domestic","48,889"
"2020 Apr 08 09:58:08 AM","2020 Feb 01 12:00:00 AM","T5","Departure","Domestic","319,809"
"2018 Apr 18 03:12:41 PM","2017 Mar 01 12:00:00 AM","T1","Arrival","Domestic","405,997"
"2018 Apr 18 03:12:41 PM","2016 Jun 01 12:00:00 AM","T7","Departure","Domestic","297,240"
"2018 May 23 07:44:39 AM","2018 Apr 01 12:00:00 AM","T5","Arrival","Domestic","364,748"
"2018 Apr 18 03:12:41 PM","2006 Apr 01 12:00:00 AM","T8","Departure","Domestic","108,348"
"2018 Apr 18 03:12:41 PM","2006 May 01 12:00:00 AM","T2","Arrival","Domestic","103,178"
"2019 Apr 29 01:10:30 PM","2019 Mar 01 12:00:00 AM","Miscellaneous Terminal","Arrival","International","6,545"
"2018 Apr 18 03:12:41 PM","2007 Oct 01 12:00:00 AM","T1","Departure","International","211"
"2018 Apr 18 03:12:41 PM","2011 Oct 01 12:00:00 AM","Miscellaneous Terminal","Departure","International","29"
"2018 Apr 18 03:12:41 PM","2008 Apr 01 12:00:00 AM","TBIT","Departure","International","326,658"
"2019 Oct 10 06:01:25 AM","2019 Sep 01 12:00:00 AM","T7","Arrival","Domestic","320,302"
"2018 Apr 18 03:12:41 PM","2012 Oct 01 12:00:00 AM","T6","Departure","International","69,023"
"2018 Apr 18 03:12:41 PM","2013 Jun 01 12:00:00 AM","Miscellaneous Terminal","Departure","Domestic","82,885"
"2018 Apr 18 03:12:41 PM","2016 Apr 01 12:00:00 AM","T6","Arrival","Domestic","312,716"
"2018 Apr 18 03:12:41 PM","2018 Feb 01 12:00:00 AM","T5","Departure","International","1,437"
"2018 Apr 18 03:12:41 PM","2012 Jan 01 12:00:00 AM","T3","Arrival","Domestic","220,363"
"2018 Jul 11 02:24:22 PM","2018 May 01 12:00:00 AM","T5","Arrival","International","13,419"
"2018 Apr 18 03:12:41 PM","2006 Jul 01 12:00:00 AM","T5","Arrival","Domestic","196,803"
"2020 Jul 10 06:01:26 AM","2020 Jun 01 12:00:00 AM","T1","Departure","Domestic","99,712"
"2021 Jan 10 06:01:37 AM","2020 Nov 01 12:00:00 AM","T4","Departure","Domestic","150,751"
"2018 Apr 18 03:12:41 PM","2013 Dec 01 12:00:00 AM","T3","Departure","Domestic","230,250"
"2020 Jun 29 07:20:39 AM","2020 May 01 12:00:00 AM","T4","Arrival","Domestic","58,876"
"2018 Apr 18 03:12:41 PM","2009 May 01 12:00:00 AM","TBIT","Arrival","Domestic","5,131"
"2020 Apr 08 09:58:08 AM","2020 Mar 01 12:00:00 AM","T1","Departure","Domestic","154,957"
"2018 Apr 18 03:12:41 PM","2006 Jan 01 12:00:00 AM","T7","Arrival","International","36,658"
"2018 Jul 11 02:24:22 PM","2018 Jun 01 12:00:00 AM","T8","Arrival","Domestic","183,788"
"2018 Apr 18 03:12:41 PM","2007 Feb 01 12:00:00 AM","T8","Departure","International","3,136"
"2020 Oct 10 06:01:21 AM","2020 Sep 01 12:00:00 AM","T6","Departure","International","20,665"
"2018 Apr 18 03:12:41 PM","2017 Aug 01 12:00:00 AM","T8","Departure","Domestic","162,314"
"2018 Apr 18 03:12:41 PM","2015 Sep 01 12:00:00 AM","TBIT","Departure","Domestic","16,817"
"2018 Apr 18 03:12:41 PM","2011 Sep 01 12:00:00 AM","T3","Departure","Domestic","238,387"
"2018 Apr 18 03:12:41 PM","2017 Nov 01 12:00:00 AM","Miscellaneous Terminal","Arrival","Domestic","118,801"
"2018 Apr 18 03:12:41 PM","2010 Apr 01 12:00:00 AM","T8","Arrival","Domestic","147,200"
"2018 Apr 18 03:12:41 PM","2016 Feb 01 12:00:00 AM","TBIT","Departure","International","421,528"
"2018 Apr 18 03:12:41 PM","2015 Oct 01 12:00:00 AM","T6","Arrival","Domestic","345,752"
"2018 Apr 18 03:12:41 PM","2011 May 01 12:00:00 AM","T2","Arrival","Domestic","32,885"
"2018 Apr 18 03:12:41 PM","2016 Aug 01 12:00:00 AM","T1","Departure","International","2,400"
"2018 Apr 18 03:12:41 PM","2007 May 01 12:00:00 AM","T8","Departure","International","3,751"
"2018 Apr 18 03:12:41 PM","2016 Nov 01 12:00:00 AM","Miscellaneous Terminal","Arrival","Domestic","109,134"
"2018 Apr 18 03:12:41 PM","2011 Nov 01 12:00:00 AM","T4","Arrival","Domestic","400,841"
"2018 Apr 18 03:12:41 PM","2009 Jan 01 12:00:00 AM","Miscellaneous Terminal","Departure","Domestic","946"
"2018 Apr 18 03:12:41 PM","2014 Oct 01 12:00:00 AM","T4","Departure","Domestic","381,300"
"2018 Apr 18 03:12:41 PM","2006 Aug 01 12:00:00 AM","Imperial Terminal","Departure","Domestic","238"
"2018 Apr 18 03:12:41 PM","2009 Feb 01 12:00:00 AM","T1","Departure","Domestic","309,153"
"2018 Apr 18 03:12:41 PM","2013 Jun 01 12:00:00 AM","T2","Departure","Domestic","43,449"
"2018 Apr 18 03:12:41 PM","2017 Feb 01 12:00:00 AM","T2","Departure","Domestic","31,390"
"2018 Apr 18 03:12:41 PM","2006 Oct 01 12:00:00 AM","T5","Departure","Domestic","153,750"
"2018 Apr 18 03:12:41 PM","2017 Aug 01 12:00:00 AM","T1","Departure","Domestic","413,587"
"2018 Apr 18 03:12:41 PM","2009 Sep 01 12:00:00 AM","TBIT","Departure","Domestic","8,895"
"2018 Apr 18 03:12:41 PM","2012 Apr 01 12:00:00 AM","T2","Departure","International","184,813"
"2018 Apr 18 03:12:41 PM","2015 Oct 01 12:00:00 AM","Miscellaneous Terminal","Departure","International","3,320"
"2018 Apr 18 03:12:41 PM","2014 Dec 01 12:00:00 AM","T4","Departure","Domestic","355,378"
"2018 Apr 18 03:12:41 PM","2016 Apr 01 12:00:00 AM","Miscellaneous Terminal","Arrival","Domestic","93,537"
"2018 Apr 18 03:12:41 PM","2013 Oct 01 12:00:00 AM","T8","Departure","International","3,367"
"2018 Apr 18 03:12:41 PM","2006 Mar 01 12:00:00 AM","T4","Departure","International","40,511"
"2018 Apr 18 03:12:41 PM","2007 Oct 01 12:00:00 AM","T6","Arrival","Domestic","220,415"
"2018 Apr 18 03:12:41 PM","2009 Apr 01 12:00:00 AM","T2","Arrival","International","134,410"
"2018 Apr 18 03:12:41 PM","2017 Aug 01 12:00:00 AM","Miscellaneous Terminal","Arrival","Domestic","122,828"
"2019 Apr 29 01:10:30 PM","2019 Feb 01 12:00:00 AM","Miscellaneous Terminal","Departure","Domestic","105,532"
"2018 Apr 18 03:12:41 PM","2017 Mar 01 12:00:00 AM","T3","Arrival","Domestic","344,590"
"2018 Apr 18 03:12:41 PM","2012 Aug 01 12:00:00 AM","T4","Departure","International","42,278"
"2018 Apr 18 03:12:41 PM","2012 May 01 12:00:00 AM","T1","Departure","Domestic","406,059"
"2018 Apr 18 03:12:41 PM","2011 Sep 01 12:00:00 AM","T3","Arrival","Domestic","238,832"
"2018 Apr 18 03:12:41 PM","2010 May 01 12:00:00 AM","T4","Arrival","Domestic","393,008"
"2018 Apr 18 03:12:41 PM","2009 Jun 01 12:00:00 AM","T3","Departure","International","54,147"
"2018 Apr 18 03:12:41 PM","2009 Apr 01 12:00:00 AM","T3","Arrival","International","13,321"
"2018 Apr 18 03:12:41 PM","2008 Dec 01 12:00:00 AM","T4","Departure","International","34,635"
"2019 Jun 24 01:17:06 PM","2019 May 01 12:00:00 AM","TBIT","Departure","International","761,603"
"2018 Apr 18 03:12:41 PM","2013 Jan 01 12:00:00 AM","T3","Departure","Domestic","155,626"
"2018 Apr 18 03:12:41 PM","2007 Oct 01 12:00:00 AM","Miscellaneous Terminal","Arrival","Domestic","278"
"2018 May 23 07:44:39 AM","2018 Apr 01 12:00:00 AM","Miscellaneous Terminal","Departure","International","5,934"
"2018 Apr 18 03:12:41 PM","2015 Jan 01 12:00:00 AM","T6","Arrival","International","881"
"2018 Apr 18 03:12:41 PM","2008 Dec 01 12:00:00 AM","T6","Departure","Domestic","201,362"
"2019 Mar 01 11:09:59 AM","2019 Jan 01 12:00:00 AM","T6","Departure","International","93,808"
"2018 Apr 18 03:12:41 PM","2006 Mar 01 12:00:00 AM","T3","Departure","International","66,573"
"2018 Apr 18 03:12:41 PM","2015 Jan 01 12:00:00 AM","TBIT","Arrival","International","470,191"
"2018 Apr 18 03:12:41 PM","2010 Jun 01 12:00:00 AM","T4","Departure","Domestic","398,846"
"2018 Apr 18 03:12:41 PM","2007 Jan 01 12:00:00 AM","T3","Departure","Domestic","139,312"
"2018 Apr 18 03:12:41 PM","2018 Mar 01 12:00:00 AM","T6","Departure","Domestic","265,983"
"2018 Apr 18 03:12:41 PM","2009 Dec 01 12:00:00 AM","TBIT","Departure","International","332,737"
"2018 Apr 18 03:12:41 PM","2006 Mar 01 12:00:00 AM","TBIT","Departure","International","347,678"
"2018 Apr 18 03:12:41 PM","2016 Apr 01 12:00:00 AM","T6","Departure","International","47,429"
"2018 Apr 18 03:12:41 PM","2013 Jul 01 12:00:00 AM","Miscellaneous Terminal","Arrival","International","373"
"2018 Apr 18 03:12:41 PM","2012 Jun 01 12:00:00 AM","T7","Arrival","International","70,777"
"2018 Apr 18 03:12:41 PM","2013 Feb 01 12:00:00 AM","T2","Departure","International","155,971"
"2018 Apr 18 03:12:41 PM","2007 Jan 01 12:00:00 AM","T5","Arrival","Domestic","148,670"
"2018 Apr 18 03:12:41 PM","2009 Jun 01 12:00:00 AM","Miscellaneous Terminal","Arrival","International","121"
"2019 Jun 24 01:17:06 PM","2019 May 01 12:00:00 AM","T8","Departure","International","7,489"
"2018 Apr 18 03:12:41 PM","2008 Aug 01 12:00:00 AM","T3","Departure","International","53,162"
"2018 Apr 18 03:12:41 PM","2016 Sep 01 12:00:00 AM","T7","Arrival","International","53,369"
"2018 Apr 18 03:12:41 PM","2013 May 01 12:00:00 AM","T5","Departure","International","21,068"
"2018 Apr 18 03:12:41 PM","2007 Oct 01 12:00:00 AM","T5","Departure","International","31,604"
"2018 Apr 18 03:12:41 PM","2016 Dec 01 12:00:00 AM","T5","Arrival","Domestic","410,292"
"2018 Apr 18 03:12:41 PM","2013 Jan 01 12:00:00 AM","Miscellaneous Terminal","Departure","Domestic","49,832"
"2018 Sep 26 09:27:08 AM","2018 Aug 01 12:00:00 AM","T5","Departure","Domestic","457,511"
"2018 Apr 18 03:12:41 PM","2015 Apr 01 12:00:00 AM","T8","Departure","International","9,736"
"2018 Apr 18 03:12:41 PM","2008 Mar 01 12:00:00 AM","Miscellaneous Terminal","Departure","Domestic","589"
"2018 Apr 18 03:12:41 PM","2008 Nov 01 12:00:00 AM","T8","Arrival","Domestic","92,965"
"2018 Apr 18 03:12:41 PM","2014 Feb 01 12:00:00 AM","T4","Arrival","International","1,140"
"2018 Apr 18 03:12:41 PM","2007 Aug 01 12:00:00 AM","T3","Departure","International","67,231"
"2018 Apr 18 03:12:41 PM","2011 Sep 01 12:00:00 AM","T6","Arrival","Domestic","213,974"
"2018 Apr 18 03:12:41 PM","2014 Mar 01 12:00:00 AM","T8","Arrival","Domestic","115,357"
"2018 Apr 18 03:12:41 PM","2009 Feb 01 12:00:00 AM","T3","Arrival","Domestic","128,747"
"2018 Apr 18 03:12:41 PM","2012 Feb 01 12:00:00 AM","T7","Arrival","International","15,202"
"2018 Apr 18 03:12:41 PM","2017 Sep 01 12:00:00 AM","Miscellaneous Terminal","Arrival","International","3,857"
"2018 Apr 18 03:12:41 PM","2015 May 01 12:00:00 AM","T6","Arrival","International","1,112"
"2018 Apr 18 03:12:41 PM","2011 May 01 12:00:00 AM","T5","Departure","International","31,684"
"2018 Apr 18 03:12:41 PM","2014 Jul 01 12:00:00 AM","T4","Departure","International","43,546"
"2020 Jan 22 06:57:11 AM","2019 Dec 01 12:00:00 AM","T6","Arrival","Domestic","253,632"
"2018 Apr 18 03:12:41 PM","2007 Dec 01 12:00:00 AM","T7","Arrival","International","38,101"
"2018 Apr 18 03:12:41 PM","2006 Jul 01 12:00:00 AM","T7","Arrival","International","38,300"
"2020 Jan 02 10:43:42 AM","2019 Nov 01 12:00:00 AM","T4","Arrival","International","57,865"
"2018 Apr 18 03:12:41 PM","2013 Apr 01 12:00:00 AM","T6","Arrival","Domestic","305,872"
"2018 Apr 18 03:12:41 PM","2014 Jun 01 12:00:00 AM","T5","Departure","International","38,289"
"2018 Apr 18 03:12:41 PM","2017 Dec 01 12:00:00 AM","T8","Arrival","International","5,085"
"2018 Apr 18 03:12:41 PM","2012 Nov 01 12:00:00 AM","T8","Departure","Domestic","116,312"
"2018 Apr 18 03:12:41 PM","2013 Jul 01 12:00:00 AM","T4","Departure","International","48,728"
"2018 Apr 18 03:12:41 PM","2009 Feb 01 12:00:00 AM","T4","Departure","International","32,632"
"2018 Apr 18 03:12:41 PM","2016 Feb 01 12:00:00 AM","T5","Departure","Domestic","335,369"
"2018 Apr 18 03:12:41 PM","2018 Jan 01 12:00:00 AM","T4","Arrival","International","56,177"
"2018 Apr 18 03:12:41 PM","2013 Feb 01 12:00:00 AM","T2","Departure","Domestic","27,743"
"2018 Apr 18 03:12:41 PM","2011 Mar 01 12:00:00 AM","T8","Departure","Domestic","152,335"
"2018 Apr 18 03:12:41 PM","2017 Feb 01 12:00:00 AM","T6","Arrival","International","8,835"
"2018 Apr 18 03:12:41 PM","2008 May 01 12:00:00 AM","T5","Arrival","International","24,389"
"2018 Apr 18 03:12:41 PM","2016 Oct 01 12:00:00 AM","T8","Departure","Domestic","155,880"
"2018 Apr 18 03:12:41 PM","2006 Feb 01 12:00:00 AM","T7","Arrival","Domestic","226,341"
"2018 Apr 18 03:12:41 PM","2006 Jan 01 12:00:00 AM","TBIT","Arrival","Domestic","2,658"
"2020 Dec 07 01:58:36 PM","2020 Oct 01 12:00:00 AM","T4","Departure","Domestic","171,871"
"2018 Apr 18 03:12:41 PM","2009 Mar 01 12:00:00 AM","T2","Departure","International","144,551"
"2018 Apr 18 03:12:41 PM","2012 Nov 01 12:00:00 AM","TBIT","Departure","Domestic","7,295"
"2020 Dec 10 06:01:38 AM","2020 Nov 01 12:00:00 AM","T2","Arrival","International","1,150"
"2018 Apr 18 03:12:41 PM","2010 Sep 01 12:00:00 AM","T4","Arrival","International","16,509"
"2018 Apr 18 03:12:41 PM","2013 Nov 01 12:00:00 AM","T8","Arrival","International","3,331"
"2018 Apr 18 03:12:41 PM","2011 Sep 01 12:00:00 AM","T2","Departure","Domestic","22,051"
"2018 Apr 18 03:12:41 PM","2006 Dec 01 12:00:00 AM","T5","Departure","Domestic","159,526"
"2019 Mar 14 06:45:08 AM","2019 Feb 01 12:00:00 AM","T8","Departure","International","2,409"
"2018 Apr 18 03:12:41 PM","2008 Jul 01 12:00:00 AM","T6","Departure","Domestic","278,880"
"2018 Apr 18 03:12:41 PM","2008 Jan 01 12:00:00 AM","T5","Departure","Domestic","181,902"
"2018 Dec 26 06:52:40 AM","2018 Nov 01 12:00:00 AM","T2","Departure","International","105,096"
"2019 Nov 26 01:26:41 PM","2019 Oct 01 12:00:00 AM","TBIT","Departure","Domestic","23,851"
"2018 Apr 18 03:12:41 PM","2008 Mar 01 12:00:00 AM","T6","Departure","Domestic","227,729"
"2018 Apr 18 03:12:41 PM","2006 Jan 01 12:00:00 AM","T7","Departure","Domestic","231,679"
"2018 Apr 18 03:12:41 PM","2012 Jun 01 12:00:00 AM","T7","Departure","Domestic","149,525"
"2018 Jul 12 02:24:30 PM","2018 Jun 01 12:00:00 AM","T3","Departure","Domestic","360,319"
"2018 Apr 18 03:12:41 PM","2012 Apr 01 12:00:00 AM","T6","Arrival","Domestic","291,095"
"2019 Jul 18 06:18:08 AM","2019 Jun 01 12:00:00 AM","T3","Arrival","Domestic","344,959"
"2018 Dec 26 06:52:40 AM","2018 Nov 01 12:00:00 AM","T7","Departure","Domestic","338,807"
"2018 Apr 18 03:12:41 PM","2012 Jul 01 12:00:00 AM","T3","Departure","International","23,007"
"2018 Apr 18 03:12:41 PM","2010 Aug 01 12:00:00 AM","T7","Departure","International","30,087"
"2018 Apr 18 03:12:41 PM","2010 Jun 01 12:00:00 AM","TBIT","Arrival","Domestic","6,663"
"2018 Apr 18 03:12:41 PM","2006 May 01 12:00:00 AM","T6","Arrival","Domestic","218,606"
"2018 Apr 18 03:12:41 PM","2009 Sep 01 12:00:00 AM","T5","Departure","Domestic","229,082"
"2019 Sep 27 07:57:24 AM","2019 Aug 01 12:00:00 AM","T4","Arrival","Domestic","399,118"
"2018 Apr 18 03:12:41 PM","2009 Jan 01 12:00:00 AM","T5","Departure","International","25,624"
"2018 Apr 18 03:12:41 PM","2006 Jul 01 12:00:00 AM","T4","Departure","Domestic","456,673"
"2018 Apr 18 03:12:41 PM","2013 Oct 01 12:00:00 AM","T2","Departure","Domestic","33,566"
"2018 Apr 18 03:12:41 PM","2013 Sep 01 12:00:00 AM","T7","Departure","International","39,521"
"2018 Apr 18 03:12:41 PM","2008 Apr 01 12:00:00 AM","Miscellaneous Terminal","Departure","Domestic","278"
"2018 Apr 18 03:12:41 PM","2011 Jun 01 12:00:00 AM","T6","Departure","International","24,715"
"2018 Apr 18 03:12:41 PM","2006 Mar 01 12:00:00 AM","T8","Arrival","Domestic","123,912"
"2018 Apr 18 03:12:41 PM","2012 Apr 01 12:00:00 AM","T1","Departure","Domestic","373,557"
"2018 Apr 18 03:12:41 PM","2012 Apr 01 12:00:00 AM","T6","Departure","International","78,004"
"2018 Apr 18 03:12:41 PM","2013 Aug 01 12:00:00 AM","Miscellaneous Terminal","Departure","International","434"
"2018 Nov 25 11:40:39 AM","2018 Oct 01 12:00:00 AM","T3","Departure","International","22,479"
"2018 May 10 07:49:00 AM","2018 Apr 01 12:00:00 AM","T8","Arrival","International","5,250"
"2018 Apr 18 03:12:41 PM","2009 Oct 01 12:00:00 AM","T4","Arrival","International","27,372"
"2018 Apr 18 03:12:41 PM","2015 Oct 01 12:00:00 AM","TBIT","Arrival","International","534,403"
"2018 Apr 18 03:12:41 PM","2007 Feb 01 12:00:00 AM","T7","Arrival","Domestic","226,053"
"2020 Jan 02 10:43:42 AM","2019 Nov 01 12:00:00 AM","T7","Departure","Domestic","318,602"
"2018 Apr 18 03:12:41 PM","2011 Jan 01 12:00:00 AM","T2","Arrival","International","181,946"
"2018 Apr 18 03:12:41 PM","2011 Nov 01 12:00:00 AM","T7","Departure","International","29,361"
"2018 Apr 18 03:12:41 PM","2017 Oct 01 12:00:00 AM","Miscellaneous Terminal","Departure","International","3,845"
"2018 Apr 18 03:12:41 PM","2009 Sep 01 12:00:00 AM","T7","Departure","International","26,188"
"2018 Apr 18 03:12:41 PM","2016 Mar 01 12:00:00 AM","T8","Arrival","Domestic","171,341"
"2018 Apr 18 03:12:41 PM","2006 Sep 01 12:00:00 AM","T3","Departure","International","45,354"
"2018 Oct 29 10:20:51 AM","2017 Aug 01 12:00:00 AM","T2","Arrival","International","127,427"
"2018 Apr 18 03:12:41 PM","2010 Dec 01 12:00:00 AM","Miscellaneous Terminal","Arrival","Domestic","3,122"
"2018 Apr 18 03:12:41 PM","2006 May 01 12:00:00 AM","T1","Departure","Domestic","435,464"
"2018 Apr 18 03:12:41 PM","2015 Apr 01 12:00:00 AM","TBIT","Departure","Domestic","7,337"
"2018 Apr 18 03:12:41 PM","2006 May 01 12:00:00 AM","T6","Arrival","International","4,187"
"2018 Apr 18 03:12:41 PM","2013 Oct 01 12:00:00 AM","T3","Departure","International","21,428"
"2018 Apr 18 03:12:41 PM","2006 Nov 01 12:00:00 AM","T4","Departure","International","42,307"
"2018 Apr 18 03:12:41 PM","2007 Dec 01 12:00:00 AM","T5","Arrival","Domestic","202,664"
"2018 Oct 29 10:20:51 AM","2018 Sep 01 12:00:00 AM","T2","Departure","Domestic","224,174"
"2018 Apr 18 03:12:41 PM","2015 May 01 12:00:00 AM","T8","Arrival","Domestic","198,891"
"2018 Apr 18 03:12:41 PM","2007 Nov 01 12:00:00 AM","T3","Departure","Domestic","152,160"
"2019 Aug 23 03:41:00 PM","2019 Jul 01 12:00:00 AM","T2","Departure","Domestic","340,308"
"2018 Apr 18 03:12:41 PM","2011 Mar 01 12:00:00 AM","T7","Departure","Domestic","238,800"
"2018 Apr 18 03:12:41 PM","2011 Apr 01 12:00:00 AM","Miscellaneous Terminal","Departure","Domestic","14"
"2020 Aug 03 07:35:04 AM","2020 Jun 01 12:00:00 AM","T6","Departure","Domestic","36,786"
"2018 Apr 18 03:12:41 PM","2009 Dec 01 12:00:00 AM","T5","Arrival","Domestic","219,167"
"2018 Apr 18 03:12:41 PM","2010 Apr 01 12:00:00 AM","T8","Departure","Domestic","149,103"
"2020 Jan 02 10:43:42 AM","2019 Nov 01 12:00:00 AM","T8","Arrival","International","1,986"
"2018 Apr 18 03:12:41 PM","2015 Feb 01 12:00:00 AM","T5","Arrival","International","56,944"
"2018 Apr 18 03:12:41 PM","2017 Oct 01 12:00:00 AM","T5","Departure","International","2,270"
"2018 Apr 18 03:12:41 PM","2006 Oct 01 12:00:00 AM","T1","Departure","International","330"
"2018 Apr 18 03:12:41 PM","2016 Apr 01 12:00:00 AM","T1","Departure","International","965"
"2018 Apr 18 03:12:41 PM","2010 Aug 01 12:00:00 AM","T8","Departure","International","10,087"
"2018 Apr 18 03:12:41 PM","2006 Dec 01 12:00:00 AM","T5","Arrival","International","28,230"
"2018 Apr 18 03:12:41 PM","2010 Jan 01 12:00:00 AM","T6","Departure","International","14,680"
"2018 Apr 18 03:12:41 PM","2011 Jul 01 12:00:00 AM","T3","Arrival","International","16,842"
"2018 Apr 18 03:12:41 PM","2010 Jun 01 12:00:00 AM","T6","Arrival","International","2,644"
"2018 Apr 18 03:12:41 PM","2008 Mar 01 12:00:00 AM","T3","Departure","Domestic","167,812"
"2018 Apr 18 03:12:41 PM","2012 Dec 01 12:00:00 AM","T8","Arrival","International","2,257"
"2018 Apr 18 03:12:41 PM","2011 Nov 01 12:00:00 AM","T3","Departure","Domestic","238,839"
"2018 Apr 18 03:12:41 PM","2006 Jul 01 12:00:00 AM","T3","Arrival","International","25,029"
"2018 Apr 18 03:12:41 PM","2007 Sep 01 12:00:00 AM","T4","Departure","Domestic","378,250"
"2019 Nov 10 06:01:31 AM","2019 Oct 01 12:00:00 AM","T7","Arrival","International","52,315"
"2018 Apr 18 03:12:41 PM","2013 Apr 01 12:00:00 AM","TBIT","Departure","International","316,512"
"2018 Apr 18 03:12:41 PM","2013 Jun 01 12:00:00 AM","TBIT","Departure","International","383,146"
"2018 Apr 18 03:12:41 PM","2014 Mar 01 12:00:00 AM","T5","Arrival","Domestic","340,085"
"2018 Apr 18 03:12:41 PM","2009 Nov 01 12:00:00 AM","T6","Arrival","International","11,312"
"2020 May 04 06:39:48 AM","2020 Feb 01 12:00:00 AM","Miscellaneous Terminal","Departure","International","5,758"
"2018 Apr 18 03:12:41 PM","2007 Mar 01 12:00:00 AM","T4","Arrival","International","58,574"
"2018 Apr 18 03:12:41 PM","2008 Dec 01 12:00:00 AM","T2","Arrival","Domestic","100,614"
"2018 Apr 18 03:12:41 PM","2010 Sep 01 12:00:00 AM","T8","Arrival","Domestic","140,107"
"2020 Apr 29 07:14:24 AM","2020 Mar 01 12:00:00 AM","T8","Arrival","Domestic","58,011"
"2018 Sep 26 09:27:08 AM","2018 Aug 01 12:00:00 AM","T7","Departure","International","49,303"
"2019 May 28 06:24:45 AM","2019 Apr 01 12:00:00 AM","Miscellaneous Terminal","Departure","International","6,461"
"2018 Apr 18 03:12:41 PM","2009 Dec 01 12:00:00 AM","T3","Departure","Domestic","166,610"
"2018 Apr 18 03:12:41 PM","2011 May 01 12:00:00 AM","T7","Departure","Domestic","233,004"
"2018 Apr 18 03:12:41 PM","2016 Jul 01 12:00:00 AM","TBIT","Departure","International","601,808"
"2018 Apr 18 03:12:41 PM","2014 May 01 12:00:00 AM","T8","Departure","International","7,305"
"2018 Oct 29 10:20:51 AM","2016 Sep 01 12:00:00 AM","T2","Arrival","International","190,050"
"2018 Apr 18 03:12:41 PM","2009 Nov 01 12:00:00 AM","T6","Arrival","Domestic","186,428"
"2018 Apr 18 03:12:41 PM","2015 Feb 01 12:00:00 AM","T2","Departure","Domestic","29,833"
"2018 Apr 18 03:12:41 PM","2008 Jun 01 12:00:00 AM","T3","Departure","International","50,783"
"2018 Apr 18 03:12:41 PM","2014 May 01 12:00:00 AM","T8","Arrival","Domestic","125,305"
"2018 Apr 18 03:12:41 PM","2015 Apr 01 12:00:00 AM","T4","Arrival","Domestic","356,347"
"2018 Apr 18 03:12:41 PM","2010 Nov 01 12:00:00 AM","T3","Departure","Domestic","190,568"
"2018 Apr 18 03:12:41 PM","2006 Aug 01 12:00:00 AM","TBIT","Arrival","International","484,661"
"2018 Apr 18 03:12:41 PM","2010 May 01 12:00:00 AM","T7","Departure","Domestic","249,788"
"2018 Apr 18 03:12:41 PM","2010 Oct 01 12:00:00 AM","T1","Departure","Domestic","374,770"
"2018 Apr 18 03:12:41 PM","2006 Dec 01 12:00:00 AM","T6","Departure","International","6,820"
"2018 Apr 18 03:12:41 PM","2009 Aug 01 12:00:00 AM","T8","Departure","Domestic","116,220"
"2018 Apr 18 03:12:41 PM","2012 Aug 01 12:00:00 AM","T4","Arrival","International","25,448"
"2018 Apr 18 03:12:41 PM","2008 Jan 01 12:00:00 AM","T6","Arrival","Domestic","201,636"
"2018 May 23 07:44:39 AM","2018 Apr 01 12:00:00 AM","T3","Arrival","Domestic","359,880"
"2018 Apr 18 03:12:41 PM","2007 Apr 01 12:00:00 AM","T5","Departure","International","41,390"
"2018 Apr 18 03:12:41 PM","2009 Apr 01 12:00:00 AM","T8","Arrival","Domestic","101,177"
"2018 Apr 18 03:12:41 PM","2009 Feb 01 12:00:00 AM","T6","Departure","International","4,183"
"2018 Apr 18 03:12:41 PM","2017 Oct 01 12:00:00 AM","T1","Arrival","Domestic","424,096"
"2018 Apr 18 03:12:41 PM","2016 May 01 12:00:00 AM","T4","Departure","Domestic","327,227"
"2018 Apr 18 03:12:41 PM","2008 Jan 01 12:00:00 AM","T3","Arrival","Domestic","146,497"
"2018 Apr 18 03:12:41 PM","2014 Feb 01 12:00:00 AM","Miscellaneous Terminal","Arrival","International","61"
"2018 Apr 18 03:12:41 PM","2007 Jul 01 12:00:00 AM","T6","Arrival","Domestic","266,055"
"2018 Apr 18 03:12:41 PM","2009 Nov 01 12:00:00 AM","T2","Departure","Domestic","14,169"
"2018 Apr 18 03:12:41 PM","2014 Jul 01 12:00:00 AM","Miscellaneous Terminal","Departure","Domestic","80,869"
"2018 Apr 18 03:12:41 PM","2013 Oct 01 12:00:00 AM","T5","Departure","Domestic","296,902"
"2020 Sep 28 04:07:45 PM","2020 Aug 01 12:00:00 AM","T6","Departure","Domestic","45,693"
"2018 Apr 18 03:12:41 PM","2013 Feb 01 12:00:00 AM","T4","Departure","International","20,689"
"2018 Apr 18 03:12:41 PM","2008 Jan 01 12:00:00 AM","T6","Departure","International","4,444"
"2018 Apr 18 03:12:41 PM","2008 Feb 01 12:00:00 AM","T6","Arrival","Domestic","180,920"
"2018 Apr 18 03:12:41 PM","2009 Aug 01 12:00:00 AM","T2","Arrival","International","159,228"
"2018 Apr 18 03:12:41 PM","2014 Jul 01 12:00:00 AM","Miscellaneous Terminal","Departure","International","4"
"2018 Apr 18 03:12:41 PM","2010 Sep 01 12:00:00 AM","T3","Departure","International","55,887"
"2018 Apr 18 03:12:41 PM","2007 Mar 01 12:00:00 AM","Miscellaneous Terminal","Departure","Domestic","704"
"2018 Apr 18 03:12:41 PM","2009 Jul 01 12:00:00 AM","T5","Arrival","Domestic","308,152"
"2018 Apr 18 03:12:41 PM","2010 Nov 01 12:00:00 AM","T6","Arrival","International","17,709"
"2018 Apr 18 03:12:41 PM","2011 Oct 01 12:00:00 AM","T2","Departure","Domestic","20,739"
"2018 Apr 18 03:12:41 PM","2013 Oct 01 12:00:00 AM","T4","Arrival","International","3,349"
"2018 Apr 18 03:12:41 PM","2018 Jan 01 12:00:00 AM","Miscellaneous Terminal","Departure","International","4,148"
"2018 Apr 18 03:12:41 PM","2013 Dec 01 12:00:00 AM","TBIT","Arrival","International","403,262"
"2018 Apr 18 03:12:41 PM","2008 Apr 01 12:00:00 AM","T5","Departure","International","32,644"
"2018 Apr 18 03:12:41 PM","2007 Oct 01 12:00:00 AM","T2","Departure","Domestic","95,768"
"2018 Apr 18 03:12:41 PM","2015 Jul 01 12:00:00 AM","T6","Departure","Domestic","355,330"
"2018 Apr 18 03:12:41 PM","2015 Nov 01 12:00:00 AM","Miscellaneous Terminal","Arrival","Domestic","85,323"
"2018 Apr 18 03:12:41 PM","2013 Mar 01 12:00:00 AM","T6","Arrival","Domestic","327,752"
"2018 Apr 18 03:12:41 PM","2016 Nov 01 12:00:00 AM","T5","Departure","Domestic","399,638"
"2018 Apr 18 03:12:41 PM","2006 Mar 01 12:00:00 AM","T7","Arrival","Domestic","272,761"
"2018 Apr 18 03:12:41 PM","2017 Jun 01 12:00:00 AM","T4","Departure","Domestic","362,645"
"2018 Apr 18 03:12:41 PM","2009 Jun 01 12:00:00 AM","T7","Departure","International","31,683"
"2018 Apr 18 03:12:41 PM","2013 Dec 01 12:00:00 AM","T2","Arrival","Domestic","33,878"
"2018 Apr 18 03:12:41 PM","2009 Nov 01 12:00:00 AM","T7","Arrival","Domestic","217,924"
"2018 Apr 18 03:12:41 PM","2018 Mar 01 12:00:00 AM","TBIT","Departure","Domestic","22,767"
"2018 Apr 18 03:12:41 PM","2009 Sep 01 12:00:00 AM","T8","Departure","International","5,111"
"2018 Apr 18 03:12:41 PM","2010 Nov 01 12:00:00 AM","T3","Arrival","International","14,823"
"2018 Apr 18 03:12:41 PM","2011 Jul 01 12:00:00 AM","T6","Departure","Domestic","294,924"
"2018 Apr 18 03:12:41 PM","2011 Nov 01 12:00:00 AM","TBIT","Departure","Domestic","5,937"
"2018 Apr 18 03:12:41 PM","2007 May 01 12:00:00 AM","T1","Arrival","Domestic","441,650"
"2018 Apr 18 03:12:41 PM","2009 Feb 01 12:00:00 AM","TBIT","Arrival","Domestic","4,034"
"2019 Mar 10 06:01:32 AM","2019 Feb 01 12:00:00 AM","T3","Arrival","International","26,502"
"2018 Apr 18 03:12:41 PM","2009 Oct 01 12:00:00 AM","T8","Departure","International","5,418"
"2018 Dec 26 06:52:40 AM","2018 Nov 01 12:00:00 AM","TBIT","Arrival","International","673,363"
"2018 Apr 18 03:12:41 PM","2008 Oct 01 12:00:00 AM","T4","Departure","Domestic","358,346"
"2020 Dec 10 06:01:38 AM","2020 Nov 01 12:00:00 AM","T6","Departure","Domestic","50,642"
"2021 Apr 01 09:37:48 AM","2021 Feb 01 12:00:00 AM","T6","Departure","Domestic","64,499"
"2018 Apr 18 03:12:41 PM","2016 Jun 01 12:00:00 AM","T3","Arrival","Domestic","366,716"
"2018 Apr 18 03:12:41 PM","2007 Apr 01 12:00:00 AM","T3","Arrival","Domestic","159,461"
"2021 Jan 10 06:01:37 AM","2020 Nov 01 12:00:00 AM","T6","Departure","International","26,466"
"2018 Apr 18 03:12:41 PM","2011 Jan 01 12:00:00 AM","T3","Departure","Domestic","185,592"
"2018 Apr 18 03:12:41 PM","2009 May 01 12:00:00 AM","T3","Departure","Domestic","162,419"
"2018 Apr 18 03:12:41 PM","2013 Feb 01 12:00:00 AM","TBIT","Departure","International","276,977"
"2018 Apr 18 03:12:41 PM","2017 Mar 01 12:00:00 AM","T4","Arrival","International","51,153"
"2018 Apr 18 03:12:41 PM","2006 Jul 01 12:00:00 AM","TBIT","Arrival","International","500,009"
"2018 Apr 18 03:12:41 PM","2015 Feb 01 12:00:00 AM","T7","Arrival","International","59,529"
"2018 Apr 18 03:12:41 PM","2010 Nov 01 12:00:00 AM","T8","Arrival","Domestic","138,503"
"2019 Nov 10 06:01:31 AM","2019 Sep 01 12:00:00 AM","Miscellaneous Terminal","Departure","International","6,355"
"2020 Apr 08 09:58:08 AM","2020 Feb 01 12:00:00 AM","T6","Arrival","Domestic","209,206"
"2018 Apr 18 03:12:41 PM","2006 Jan 01 12:00:00 AM","T2","Arrival","International","163,067"
"2018 Apr 18 03:12:41 PM","2012 Jun 01 12:00:00 AM","TBIT","Arrival","International","437,656"
"2018 Apr 18 03:12:41 PM","2009 Nov 01 12:00:00 AM","T2","Arrival","International","131,707"
"2018 Apr 18 03:12:41 PM","2013 Nov 01 12:00:00 AM","TBIT","Arrival","International","362,339"
"2020 Apr 08 09:58:08 AM","2020 Feb 01 12:00:00 AM","T6","Departure","Domestic","211,054"
"2018 Apr 18 03:12:41 PM","2016 Dec 01 12:00:00 AM","T1","Departure","Domestic","389,480"
"2021 Mar 03 10:48:12 AM","2021 Feb 01 12:00:00 AM","T2","Arrival","International","255"
"2018 Apr 18 03:12:41 PM","2011 Nov 01 12:00:00 AM","Miscellaneous Terminal","Arrival","International","2"
"2018 Apr 18 03:12:41 PM","2013 May 01 12:00:00 AM","T1","Arrival","Domestic","427,904"
"2020 Mar 10 06:01:27 AM","2020 Feb 01 12:00:00 AM","T3","Arrival","International","26,613"
"2018 Apr 18 03:12:41 PM","2006 Apr 01 12:00:00 AM","T4","Arrival","Domestic","408,030"
"2018 Apr 18 03:12:41 PM","2017 Dec 01 12:00:00 AM","T7","Arrival","Domestic","339,834"
"2020 Sep 28 04:07:45 PM","2020 Aug 01 12:00:00 AM","T3","Arrival","Domestic","30,137"
"2018 Apr 18 03:12:41 PM","2014 Feb 01 12:00:00 AM","T6","Departure","International","72,236"
"2019 Oct 10 06:01:25 AM","2019 Sep 01 12:00:00 AM","T3","Arrival","International","32,826"
"2018 Apr 18 03:12:41 PM","2012 Mar 01 12:00:00 AM","T5","Departure","Domestic","260,103"
"2018 Apr 18 03:12:41 PM","2009 Jun 01 12:00:00 AM","T4","Arrival","International","31,304"
"2018 Apr 18 03:12:41 PM","2009 Dec 01 12:00:00 AM","T1","Arrival","Domestic","371,175"
"2018 Apr 18 03:12:41 PM","2015 Jun 01 12:00:00 AM","T1","Arrival","Domestic","381,713"
"2018 Apr 18 03:12:41 PM","2012 Jul 01 12:00:00 AM","T4","Arrival","Domestic","482,025"
"2018 Apr 18 03:12:41 PM","2010 Apr 01 12:00:00 AM","TBIT","Departure","Domestic","6,743"
"2018 Apr 18 03:12:41 PM","2015 Mar 01 12:00:00 AM","T7","Arrival","Domestic","281,564"
"2018 Jul 11 02:24:22 PM","2018 May 01 12:00:00 AM","T4","Arrival","Domestic","375,369"
"2018 Apr 18 03:12:41 PM","2017 Sep 01 12:00:00 AM","Miscellaneous Terminal","Departure","International","3,848"
"2018 Apr 18 03:12:41 PM","2018 Mar 01 12:00:00 AM","T4","Departure","International","82,713"
"2018 Apr 18 03:12:41 PM","2011 Jan 01 12:00:00 AM","T6","Arrival","International","22,825"
"2018 Apr 18 03:12:41 PM","2009 Apr 01 12:00:00 AM","Miscellaneous Terminal","Arrival","International","120"
"2018 Apr 18 03:12:41 PM","2015 Jan 01 12:00:00 AM","T3","Departure","Domestic","215,961"
"2018 Apr 18 03:12:41 PM","2011 Nov 01 12:00:00 AM","T5","Arrival","International","31,023"
"2018 Apr 18 03:12:41 PM","2015 Jul 01 12:00:00 AM","T5","Arrival","Domestic","393,389"
"2018 Apr 18 03:12:41 PM","2017 Sep 01 12:00:00 AM","T2","Departure","Domestic","245,253"
"2018 Apr 18 03:12:41 PM","2012 Jun 01 12:00:00 AM","T2","Departure","Domestic","31,124"
"2018 Apr 18 03:12:41 PM","2017 Jul 01 12:00:00 AM","TBIT","Departure","Domestic","26,024"
"2018 Apr 18 03:12:41 PM","2014 May 01 12:00:00 AM","T1","Departure","Domestic","339,577"
"2018 Apr 18 03:12:41 PM","2007 Jan 01 12:00:00 AM","T7","Departure","Domestic","244,468"
"2021 Jan 10 06:01:37 AM","2020 Nov 01 12:00:00 AM","T6","Arrival","International","10,009"
"2019 Jul 10 06:01:27 AM","2019 May 01 12:00:00 AM","Miscellaneous Terminal","Arrival","Domestic","123,367"
"2020 Feb 28 08:21:30 AM","2020 Jan 01 12:00:00 AM","T4","Arrival","International","71,968"
"2018 Apr 18 03:12:41 PM","2017 May 01 12:00:00 AM","T6","Arrival","International","31,006"
"2019 Feb 10 06:01:29 AM","2019 Jan 01 12:00:00 AM","T3","Arrival","International","27,188"
"2018 Apr 18 03:12:41 PM","2016 Sep 01 12:00:00 AM","Miscellaneous Terminal","Departure","Domestic","112,799"
"2018 Apr 18 03:12:41 PM","2014 Aug 01 12:00:00 AM","T5","Departure","Domestic","404,475"
"2018 Apr 18 03:12:41 PM","2010 Sep 01 12:00:00 AM","T8","Departure","International","6,005"
"2020 Apr 08 09:58:08 AM","2020 Feb 01 12:00:00 AM","T8","Departure","Domestic","107,456"
"2018 Apr 18 03:12:41 PM","2013 May 01 12:00:00 AM","T2","Arrival","Domestic","32,884"
"2018 Apr 18 03:12:41 PM","2006 May 01 12:00:00 AM","T8","Arrival","Domestic","118,195"
"2018 Apr 18 03:12:41 PM","2012 Apr 01 12:00:00 AM","T2","Arrival","Domestic","19,936"
"2018 Apr 18 03:12:41 PM","2006 May 01 12:00:00 AM","T1","Departure","International","577"
"2018 Apr 18 03:12:41 PM","2011 Dec 01 12:00:00 AM","Imperial Terminal","Arrival","Domestic","1,228"
"2018 Apr 18 03:12:41 PM","2016 Jul 01 12:00:00 AM","T7","Departure","International","52,397"
"2021 Jan 10 06:01:37 AM","2020 Nov 01 12:00:00 AM","T2","Departure","International","16,536"
"2018 Apr 18 03:12:41 PM","2017 Jun 01 12:00:00 AM","Miscellaneous Terminal","Departure","Domestic","125,301"
"2018 Apr 18 03:12:41 PM","2012 Jul 01 12:00:00 AM","TBIT","Departure","Domestic","7,070"
"2018 Nov 10 06:01:27 AM","2018 Oct 01 12:00:00 AM","T8","Arrival","Domestic","156,255"
"2018 Apr 18 03:12:41 PM","2013 Dec 01 12:00:00 AM","T1","Arrival","Domestic","441,022"
"2018 Apr 18 03:12:41 PM","2007 Oct 01 12:00:00 AM","T5","Arrival","Domestic","211,245"
"2019 Nov 10 06:01:31 AM","2019 Sep 01 12:00:00 AM","Miscellaneous Terminal","Arrival","Domestic","109,931"
"2018 Apr 18 03:12:41 PM","2015 Jul 01 12:00:00 AM","T3","Departure","Domestic","316,978"
"2018 Apr 18 03:12:41 PM","2013 Jan 01 12:00:00 AM","T2","Arrival","International","182,376"
"2018 Apr 18 03:12:41 PM","2006 Jul 01 12:00:00 AM","T5","Departure","Domestic","195,215"
"2018 Apr 18 03:12:41 PM","2006 May 01 12:00:00 AM","T3","Arrival","Domestic","141,814"
"2019 Sep 27 07:57:24 AM","2019 Aug 01 12:00:00 AM","Miscellaneous Terminal","Departure","International","7,110"
"2018 Apr 18 03:12:41 PM","2017 Nov 01 12:00:00 AM","T8","Departure","International","11,444"
"2020 Jan 10 06:01:24 AM","2019 Dec 01 12:00:00 AM","TBIT","Arrival","Domestic","6,604"
"2018 Apr 18 03:12:41 PM","2014 Sep 01 12:00:00 AM","T6","Arrival","Domestic","289,006"
"2018 Apr 18 03:12:41 PM","2017 Feb 01 12:00:00 AM","T2","Departure","International","167,940"
"2018 Apr 18 03:12:41 PM","2007 Apr 01 12:00:00 AM","T2","Arrival","International","147,804"
"2018 Apr 18 03:12:41 PM","2015 Mar 01 12:00:00 AM","T7","Departure","Domestic","291,535"
"2018 Apr 18 03:12:41 PM","2008 Dec 01 12:00:00 AM","T2","Departure","Domestic","101,793"
"2018 Apr 18 03:12:41 PM","2016 Jul 01 12:00:00 AM","T8","Departure","Domestic","193,903"
"2018 Nov 25 11:40:39 AM","2018 Oct 01 12:00:00 AM","T3","Arrival","Domestic","330,385"
"2018 Apr 18 03:12:41 PM","2015 Oct 01 12:00:00 AM","T4","Departure","Domestic","340,929"
"2019 Sep 10 06:01:34 AM","2019 Aug 01 12:00:00 AM","T7","Arrival","Domestic","372,353"
"2020 Sep 28 04:07:45 PM","2020 Aug 01 12:00:00 AM","Miscellaneous Terminal","Arrival","Domestic","262"
"2018 Apr 18 03:12:41 PM","2011 Aug 01 12:00:00 AM","T7","Arrival","Domestic","243,513"
"2018 Apr 18 03:12:41 PM","2006 May 01 12:00:00 AM","T2","Arrival","International","154,867"
"2018 Apr 18 03:12:41 PM","2007 Feb 01 12:00:00 AM","T2","Departure","International","138,717"
"2018 Apr 18 03:12:41 PM","2015 Dec 01 12:00:00 AM","T7","Departure","Domestic","274,084"
"2018 Apr 18 03:12:41 PM","2015 Apr 01 12:00:00 AM","T2","Arrival","Domestic","35,250"
"2018 Apr 18 03:12:41 PM","2008 Mar 01 12:00:00 AM","T7","Arrival","International","33,542"
"2018 Apr 18 03:12:41 PM","2007 Dec 01 12:00:00 AM","T8","Arrival","International","3,234"
"2018 Apr 18 03:12:41 PM","2009 Feb 01 12:00:00 AM","T7","Arrival","International","13,032"
"2018 Apr 18 03:12:41 PM","2016 May 01 12:00:00 AM","T8","Arrival","Domestic","182,052"
"2018 Apr 18 03:12:41 PM","2013 Sep 01 12:00:00 AM","T4","Departure","Domestic","329,559"
"2018 Apr 18 03:12:41 PM","2011 May 01 12:00:00 AM","T3","Departure","International","76,744"
"2018 Apr 18 03:12:41 PM","2017 Dec 01 12:00:00 AM","T4","Departure","Domestic","336,914"
"2018 Apr 18 03:12:41 PM","2008 Oct 01 12:00:00 AM","T2","Departure","Domestic","94,651"
"2018 Apr 18 03:12:41 PM","2013 Jul 01 12:00:00 AM","T3","Departure","International","22,356"
"2018 Apr 18 03:12:41 PM","2017 Sep 01 12:00:00 AM","T3","Departure","Domestic","261,217"
"2018 Apr 18 03:12:41 PM","2008 Jan 01 12:00:00 AM","T2","Arrival","Domestic","96,098"
"2018 Apr 18 03:12:41 PM","2016 Jan 01 12:00:00 AM","T8","Arrival","Domestic","158,131"
"2018 Apr 18 03:12:41 PM","2007 Mar 01 12:00:00 AM","T4","Arrival","Domestic","416,798"
"2018 Apr 18 03:12:41 PM","2011 Sep 01 12:00:00 AM","Miscellaneous Terminal","Arrival","Domestic","8"
"2018 Apr 18 03:12:41 PM","2010 Mar 01 12:00:00 AM","T8","Arrival","Domestic","156,659"
"2020 Apr 08 09:58:08 AM","2020 Feb 01 12:00:00 AM","T3","Departure","Domestic","232,735"
"2018 Apr 18 03:12:41 PM","2014 Jul 01 12:00:00 AM","T1","Arrival","Domestic","387,940"
"2018 Apr 18 03:12:41 PM","2007 Jan 01 12:00:00 AM","Imperial Terminal","Arrival","Domestic","284"
"2018 Dec 26 06:52:40 AM","2018 Nov 01 12:00:00 AM","T4","Arrival","Domestic","362,623"
"2020 Jun 10 06:01:27 AM","2020 May 01 12:00:00 AM","T1","Arrival","Domestic","54,820"
"2018 May 23 07:44:39 AM","2018 Apr 01 12:00:00 AM","TBIT","Departure","Domestic","12,288"
"2018 Apr 18 03:12:41 PM","2013 May 01 12:00:00 AM","TBIT","Arrival","Domestic","7,755"
"2018 Apr 18 03:12:41 PM","2011 Jul 01 12:00:00 AM","T8","Arrival","Domestic","191,413"
"2020 Oct 10 06:01:21 AM","2020 Sep 01 12:00:00 AM","T2","Departure","International","12,054"
"2020 Feb 10 06:01:27 AM","2020 Jan 01 12:00:00 AM","T6","Departure","Domestic","226,052"
"2018 Apr 18 03:12:41 PM","2008 Jul 01 12:00:00 AM","T2","Departure","Domestic","120,682"
"2018 Apr 18 03:12:41 PM","2007 Aug 01 12:00:00 AM","T4","Departure","Domestic","452,962"
"2018 Apr 18 03:12:41 PM","2014 May 01 12:00:00 AM","T6","Arrival","Domestic","310,371"
"2018 Apr 18 03:12:41 PM","2011 Apr 01 12:00:00 AM","T3","Arrival","International","13,900"
"2018 Apr 18 03:12:41 PM","2017 May 01 12:00:00 AM","T8","Departure","Domestic","160,076"
"2018 Apr 18 03:12:41 PM","2011 Apr 01 12:00:00 AM","T5","Arrival","Domestic","310,785"
"2018 Apr 18 03:12:41 PM","2008 Sep 01 12:00:00 AM","T4","Arrival","Domestic","347,854"
"2018 Apr 18 03:12:41 PM","2006 Apr 01 12:00:00 AM","TBIT","Arrival","Domestic","2,021"
"2019 Nov 14 03:00:43 PM","2019 Oct 01 12:00:00 AM","T4","Departure","Domestic","338,817"
"2018 Apr 18 03:12:41 PM","2006 Oct 01 12:00:00 AM","T6","Arrival","Domestic","219,489"
"2018 Apr 18 03:12:41 PM","2012 Dec 01 12:00:00 AM","T6","Departure","International","70,970"
"2018 Apr 18 03:12:41 PM","2008 Dec 01 12:00:00 AM","T8","Departure","International","3,939"
"2018 Nov 25 11:40:39 AM","2018 Oct 01 12:00:00 AM","T5","Departure","Domestic","388,054"
"2018 Apr 18 03:12:41 PM","2013 Dec 01 12:00:00 AM","T6","Departure","International","69,378"
"2020 Apr 08 09:58:08 AM","2020 Feb 01 12:00:00 AM","T6","Departure","International","92,924"
"2018 Apr 18 03:12:41 PM","2014 Sep 01 12:00:00 AM","TBIT","Departure","International","420,921"
"2018 Apr 18 03:12:41 PM","2012 Sep 01 12:00:00 AM","TBIT","Arrival","Domestic","7,862"
"2018 Apr 18 03:12:41 PM","2016 Apr 01 12:00:00 AM","T3","Departure","International","1,902"
"2018 Apr 18 03:12:41 PM","2014 Aug 01 12:00:00 AM","T7","Departure","International","42,650"
"2018 Apr 18 03:12:41 PM","2007 Nov 01 12:00:00 AM","T8","Arrival","Domestic","110,146"
"2018 Apr 18 03:12:41 PM","2013 Nov 01 12:00:00 AM","Miscellaneous Terminal","Departure","International","1"
"2018 Apr 18 03:12:41 PM","2007 Nov 01 12:00:00 AM","T1","Departure","International","319"
"2018 Apr 18 03:12:41 PM","2006 May 01 12:00:00 AM","T4","Departure","Domestic","416,106"
"2018 Apr 18 03:12:41 PM","2017 Oct 01 12:00:00 AM","T1","Departure","Domestic","416,369"
"2018 Apr 18 03:12:41 PM","2008 Jul 01 12:00:00 AM","T8","Departure","Domestic","109,648"
"2018 Apr 18 03:12:41 PM","2015 Jul 01 12:00:00 AM","TBIT","Arrival","Domestic","16,694"
"2021 Mar 03 10:48:12 AM","2021 Jan 01 12:00:00 AM","T4","Arrival","Domestic","129,267"
"2018 Apr 18 03:12:41 PM","2015 Nov 01 12:00:00 AM","T1","Departure","Domestic","375,693"
"2020 Oct 10 06:01:21 AM","2020 Sep 01 12:00:00 AM","Miscellaneous Terminal","Departure","Domestic","392"
"2018 Apr 18 03:12:41 PM","2013 Feb 01 12:00:00 AM","Miscellaneous Terminal","Arrival","International","445"
"2018 Apr 18 03:12:41 PM","2015 May 01 12:00:00 AM","T8","Departure","Domestic","186,864"
"2018 Apr 18 03:12:41 PM","2012 Feb 01 12:00:00 AM","T2","Arrival","International","164,481"
"2018 Apr 18 03:12:41 PM","2008 Sep 01 12:00:00 AM","T7","Departure","Domestic","213,569"
"2018 Apr 18 03:12:41 PM","2009 Nov 01 12:00:00 AM","T4","Arrival","Domestic","351,824"
"2018 Apr 18 03:12:41 PM","2007 Jan 01 12:00:00 AM","T2","Arrival","Domestic","91,493"
"2018 Oct 29 10:20:51 AM","2018 Sep 01 12:00:00 AM","T5","Departure","Domestic","381,927"
"2020 Aug 27 07:15:54 AM","2020 Jul 01 12:00:00 AM","T6","Departure","International","18,766"
"2018 Apr 18 03:12:41 PM","2012 Jan 01 12:00:00 AM","T5","Departure","International","21,744"
"2018 Apr 18 03:12:41 PM","2016 Nov 01 12:00:00 AM","TBIT","Arrival","International","514,254"
"2018 Apr 18 03:12:41 PM","2011 May 01 12:00:00 AM","T8","Arrival","International","3,560"
"2018 Apr 18 03:12:41 PM","2011 Jul 01 12:00:00 AM","Miscellaneous Terminal","Departure","Domestic","7"
"2018 Apr 18 03:12:41 PM","2017 Apr 01 12:00:00 AM","T2","Arrival","Domestic","39,370"
"2018 Dec 26 06:52:40 AM","2018 Nov 01 12:00:00 AM","T1","Departure","Domestic","408,925"
"2019 Dec 10 06:01:20 AM","2019 Nov 01 12:00:00 AM","T3","Arrival","International","25,895"
"2018 Apr 18 03:12:41 PM","2017 Aug 01 12:00:00 AM","T4","Arrival","International","53,745"
"2018 Apr 18 03:12:41 PM","2014 Mar 01 12:00:00 AM","TBIT","Arrival","International","402,464"
"2020 May 10 06:01:34 AM","2020 Apr 01 12:00:00 AM","T7","Arrival","International","19"
"2018 Apr 18 03:12:41 PM","2011 Jan 01 12:00:00 AM","Miscellaneous Terminal","Departure","Domestic","3,314"
"2018 Apr 18 03:12:41 PM","2013 Dec 01 12:00:00 AM","T8","Arrival","Domestic","132,159"
"2018 Apr 18 03:12:41 PM","2016 Jan 01 12:00:00 AM","T6","Arrival","Domestic","300,302"
"2018 Apr 18 03:12:41 PM","2009 Mar 01 12:00:00 AM","T8","Departure","Domestic","103,554"
"2018 Apr 18 03:12:41 PM","2011 Oct 01 12:00:00 AM","TBIT","Arrival","Domestic","0"
"2018 Apr 18 03:12:41 PM","2010 Dec 01 12:00:00 AM","T3","Arrival","International","18,146"
"2018 Apr 18 03:12:41 PM","2017 Jan 01 12:00:00 AM","T6","Arrival","Domestic","266,800"
"2018 Apr 18 03:12:41 PM","2013 Apr 01 12:00:00 AM","T6","Departure","Domestic","287,458"
"2018 Apr 18 03:12:41 PM","2008 Jul 01 12:00:00 AM","T1","Arrival","Domestic","451,580"
"2021 Jan 10 06:01:37 AM","2020 Dec 01 12:00:00 AM","T7","Departure","International","6,776"
"2018 Apr 18 03:12:41 PM","2010 Jan 01 12:00:00 AM","TBIT","Arrival","Domestic","6,065"
"2018 Apr 18 03:12:41 PM","2010 Dec 01 12:00:00 AM","T2","Departure","Domestic","28,949"
"2018 Apr 18 03:12:41 PM","2016 Jun 01 12:00:00 AM","T7","Arrival","International","78,037"
"2018 Apr 18 03:12:41 PM","2017 Jan 01 12:00:00 AM","T7","Departure","Domestic","263,502"
"2018 Apr 18 03:12:41 PM","2010 Dec 01 12:00:00 AM","T5","Arrival","Domestic","221,976"
"2018 Apr 18 03:12:41 PM","2017 Sep 01 12:00:00 AM","T4","Arrival","Domestic","329,781"
"2018 Apr 18 03:12:41 PM","2006 Mar 01 12:00:00 AM","T4","Arrival","International","71,866"
"2018 Apr 18 03:12:41 PM","2015 Dec 01 12:00:00 AM","T5","Departure","International","71,938"
"2018 Apr 18 03:12:41 PM","2009 Jan 01 12:00:00 AM","T7","Arrival","Domestic","201,931"
"2021 Mar 03 10:48:12 AM","2021 Jan 01 12:00:00 AM","TBIT","Departure","Domestic","32,324"
"2019 Jun 24 01:17:06 PM","2019 May 01 12:00:00 AM","T6","Departure","Domestic","252,051"
"2018 Apr 18 03:12:41 PM","2015 Jun 01 12:00:00 AM","T8","Departure","Domestic","206,420"
"2018 Apr 18 03:12:41 PM","2006 May 01 12:00:00 AM","Miscellaneous Terminal","Departure","Domestic","254"
"2018 Apr 18 03:12:41 PM","2015 Dec 01 12:00:00 AM","Miscellaneous Terminal","Departure","Domestic","93,166"
"2018 Apr 18 03:12:41 PM","2008 Mar 01 12:00:00 AM","T1","Departure","International","300"
"2018 Apr 18 03:12:41 PM","2011 Jul 01 12:00:00 AM","T8","Departure","Domestic","187,133"
"2018 Apr 18 03:12:41 PM","2007 Sep 01 12:00:00 AM","T7","Departure","International","32,143"
"2018 Apr 18 03:12:41 PM","2007 May 01 12:00:00 AM","Miscellaneous Terminal","Departure","Domestic","53"
"2018 Apr 18 03:12:41 PM","2006 May 01 12:00:00 AM","T6","Departure","Domestic","219,638"
"2018 Apr 18 03:12:41 PM","2015 Apr 01 12:00:00 AM","T6","Arrival","Domestic","281,897"
"2018 Jul 11 02:24:22 PM","2018 May 01 12:00:00 AM","T6","Arrival","Domestic","265,966"
"2018 Apr 18 03:12:41 PM","2008 Jul 01 12:00:00 AM","Miscellaneous Terminal","Arrival","Domestic","60"
"2018 Apr 18 03:12:41 PM","2013 Aug 01 12:00:00 AM","T2","Departure","International","249,535"
"2020 Apr 10 06:01:22 AM","2020 Mar 01 12:00:00 AM","T4","Arrival","International","17,779"
"2019 Jul 10 06:01:27 AM","2019 Jun 01 12:00:00 AM","T7","Arrival","International","80,887"
"2019 Jun 24 01:17:06 PM","2019 May 01 12:00:00 AM","T2","Departure","Domestic","316,756"
"2018 Apr 18 03:12:41 PM","2006 Aug 01 12:00:00 AM","T1","Departure","International","694"
"2018 Jul 12 02:24:30 PM","2018 Jun 01 12:00:00 AM","T2","Arrival","Domestic","205,096"
"2018 Apr 18 03:12:41 PM","2017 Sep 01 12:00:00 AM","T6","Departure","International","107,647"
"2018 Apr 18 03:12:41 PM","2013 Apr 01 12:00:00 AM","TBIT","Arrival","International","385,170"
"2018 Apr 18 03:12:41 PM","2010 Feb 01 12:00:00 AM","T8","Arrival","Domestic","128,771"
"2018 Apr 18 03:12:41 PM","2010 Jul 01 12:00:00 AM","T2","Departure","Domestic","29,820"
"2018 Apr 18 03:12:41 PM","2007 Jan 01 12:00:00 AM","T2","Departure","International","158,121"
"2018 Apr 18 03:12:41 PM","2007 Apr 01 12:00:00 AM","T7","Arrival","Domestic","265,226"
"2019 Mar 14 06:45:08 AM","2019 Feb 01 12:00:00 AM","T3","Departure","Domestic","225,254"
"2018 Apr 18 03:12:41 PM","2009 Jan 01 12:00:00 AM","TBIT","Arrival","International","417,811"
"2020 Oct 10 06:01:21 AM","2020 Sep 01 12:00:00 AM","T4","Arrival","International","1,050"
"2018 Apr 18 03:12:41 PM","2006 Jul 01 12:00:00 AM","T5","Departure","International","44,069"
"2018 Apr 18 03:12:41 PM","2007 Jan 01 12:00:00 AM","T8","Arrival","Domestic","114,032"
"2020 Jan 02 10:43:42 AM","2019 Nov 01 12:00:00 AM","T2","Arrival","International","58,216"
"2018 Apr 18 03:12:41 PM","2016 Oct 01 12:00:00 AM","T8","Arrival","International","3,780"
"2018 Apr 18 03:12:41 PM","2009 Jul 01 12:00:00 AM","T3","Arrival","Domestic","181,632"
"2018 Apr 18 03:12:41 PM","2010 Aug 01 12:00:00 AM","T5","Arrival","International","17,336"
"2018 Apr 18 03:12:41 PM","2008 Nov 01 12:00:00 AM","Miscellaneous Terminal","Arrival","International","39"
"2018 May 10 07:49:00 AM","2018 Apr 01 12:00:00 AM","T7","Departure","Domestic","328,970"
"2018 Apr 18 03:12:41 PM","2017 May 01 12:00:00 AM","T5","Arrival","International","27,347"
"2020 May 04 06:39:48 AM","2020 Mar 01 12:00:00 AM","Miscellaneous Terminal","Arrival","International","3,477"
"2019 Jul 18 06:18:08 AM","2019 Jun 01 12:00:00 AM","TBIT","Departure","Domestic","27,262"
"2018 Apr 18 03:12:41 PM","2017 Oct 01 12:00:00 AM","T5","Arrival","International","11,252"
"2018 Apr 18 03:12:41 PM","2009 Feb 01 12:00:00 AM","T5","Arrival","International","6,938"
"2019 Mar 10 06:01:32 AM","2019 Jan 01 12:00:00 AM","T8","Departure","International","3,054"
"2018 Apr 18 03:12:41 PM","2013 May 01 12:00:00 AM","T8","Departure","International","4,685"
"2018 Apr 18 03:12:41 PM","2013 Jul 01 12:00:00 AM","T6","Arrival","Domestic","319,129"
"2020 Aug 10 06:01:25 AM","2020 Jul 01 12:00:00 AM","T1","Departure","Domestic","115,144"
"2018 Apr 18 03:12:41 PM","2011 Sep 01 12:00:00 AM","T4","Departure","International","38,778"
"2019 Mar 01 11:09:59 AM","2019 Jan 01 12:00:00 AM","T6","Arrival","International","64,363"
"2018 Apr 18 03:12:41 PM","2006 May 01 12:00:00 AM","T8","Departure","Domestic","113,395"
"2018 Apr 18 03:12:41 PM","2009 Oct 01 12:00:00 AM","T3","Arrival","International","11,329"
"2019 Mar 14 06:45:08 AM","2019 Feb 01 12:00:00 AM","T2","Arrival","Domestic","209,494"
"2018 Apr 18 03:12:41 PM","2011 Apr 01 12:00:00 AM","TBIT","Departure","Domestic","5,422"
"2019 Mar 01 11:09:59 AM","2019 Jan 01 12:00:00 AM","T8","Arrival","Domestic","125,553"
"2018 Apr 18 03:12:41 PM","2013 Jun 01 12:00:00 AM","T4","Arrival","Domestic","385,211"
"2018 Jul 11 02:24:22 PM","2018 May 01 12:00:00 AM","T3","Arrival","Domestic","386,698"
"2018 Apr 18 03:12:41 PM","2009 Aug 01 12:00:00 AM","T4","Departure","International","32,905"
"2018 Apr 18 03:12:41 PM","2006 Nov 01 12:00:00 AM","TBIT","Departure","International","305,383"
"2018 Apr 18 03:12:41 PM","2008 Jun 01 12:00:00 AM","T2","Arrival","Domestic","108,787"
"2018 Apr 18 03:12:41 PM","2015 Apr 01 12:00:00 AM","Miscellaneous Terminal","Departure","International","5,692"
"2018 Apr 18 03:12:41 PM","2017 Aug 01 12:00:00 AM","T7","Departure","International","43,369"
"2018 Apr 18 03:12:41 PM","2013 Mar 01 12:00:00 AM","T7","Departure","International","51,824"
"2018 Apr 18 03:12:41 PM","2016 Jul 01 12:00:00 AM","T8","Arrival","Domestic","201,518"
"2018 Apr 18 03:12:41 PM","2011 Feb 01 12:00:00 AM","Miscellaneous Terminal","Arrival","International","33"
"2018 Apr 18 03:12:41 PM","2009 Nov 01 12:00:00 AM","T8","Departure","Domestic","129,676"
"2018 Apr 18 03:12:41 PM","2015 Sep 01 12:00:00 AM","Miscellaneous Terminal","Arrival","International","3,095"
"2018 Apr 18 03:12:41 PM","2007 Jun 01 12:00:00 AM","T2","Arrival","International","151,593"
"2018 Apr 18 03:12:41 PM","2009 Jun 01 12:00:00 AM","T7","Departure","Domestic","316,429"
"2020 Jan 10 06:01:24 AM","2019 Dec 01 12:00:00 AM","T8","Arrival","Domestic","161,579"
"2018 Apr 18 03:12:41 PM","2010 Jan 01 12:00:00 AM","T2","Departure","Domestic","15,326"
"2019 Mar 01 11:09:59 AM","2019 Jan 01 12:00:00 AM","T4","Departure","Domestic","325,064"
"2018 Apr 18 03:12:41 PM","2006 May 01 12:00:00 AM","T4","Arrival","Domestic","421,319"
"2018 Apr 18 03:12:41 PM","2010 Nov 01 12:00:00 AM","T6","Arrival","Domestic","223,356"
"2018 Apr 18 03:12:41 PM","2008 Jun 01 12:00:00 AM","T6","Arrival","International","499"
"2018 Apr 18 03:12:41 PM","2006 Dec 01 12:00:00 AM","T8","Departure","Domestic","112,137"
"2018 Apr 18 03:12:41 PM","2016 Jul 01 12:00:00 AM","Miscellaneous Terminal","Departure","International","4,754"
"2018 Apr 18 03:12:41 PM","2014 Dec 01 12:00:00 AM","T6","Departure","International","62,145"
"2019 Apr 29 01:10:30 PM","2019 Mar 01 12:00:00 AM","T5","Arrival","International","7,336"
"2018 Aug 21 11:02:45 AM","2018 Jul 01 12:00:00 AM","T2","Departure","International","127,966"
"2018 Apr 18 03:12:41 PM","2017 Jan 01 12:00:00 AM","T2","Departure","International","195,085"
"2018 Apr 18 03:12:41 PM","2009 Apr 01 12:00:00 AM","T5","Departure","International","26,050"
"2018 Apr 18 03:12:41 PM","2008 Apr 01 12:00:00 AM","T5","Arrival","International","24,786"
"2018 Apr 18 03:12:41 PM","2017 Aug 01 12:00:00 AM","T3","Arrival","International","4,761"
"2020 Jan 02 10:43:42 AM","2019 Nov 01 12:00:00 AM","T5","Arrival","Domestic","389,912"
"2018 Apr 18 03:12:41 PM","2012 Feb 01 12:00:00 AM","T6","Departure","Domestic","175,270"
"2019 Jun 24 01:17:06 PM","2019 May 01 12:00:00 AM","T2","Departure","International","90,699"
"2018 Apr 18 03:12:41 PM","2012 Aug 01 12:00:00 AM","Miscellaneous Terminal","Departure","Domestic","148"
"2018 Apr 18 03:12:41 PM","2011 Dec 01 12:00:00 AM","T1","Departure","Domestic","367,056"
"2018 Apr 18 03:12:41 PM","2018 Feb 01 12:00:00 AM","T6","Arrival","International","54,481"
"2018 Apr 18 03:12:41 PM","2017 Mar 01 12:00:00 AM","T6","Departure","International","70,230"
"2018 Apr 18 03:12:41 PM","2016 Apr 01 12:00:00 AM","TBIT","Arrival","Domestic","20,421"
"2018 Apr 18 03:12:41 PM","2016 Sep 01 12:00:00 AM","T4","Departure","Domestic","313,181"
"2018 Apr 18 03:12:41 PM","2009 Nov 01 12:00:00 AM","T8","Arrival","Domestic","129,021"
"2018 Apr 18 03:12:41 PM","2015 Apr 01 12:00:00 AM","T6","Departure","Domestic","269,468"
"2018 Apr 18 03:12:41 PM","2010 Aug 01 12:00:00 AM","T1","Arrival","Domestic","394,292"
"2018 Apr 18 03:12:41 PM","2017 Jul 01 12:00:00 AM","T7","Departure","International","52,035"
"2020 Feb 28 08:21:30 AM","2020 Jan 01 12:00:00 AM","T2","Arrival","Domestic","235,553"
"2018 Apr 18 03:12:41 PM","2014 Oct 01 12:00:00 AM","T4","Arrival","Domestic","389,591"
"2018 Apr 18 03:12:41 PM","2013 Mar 01 12:00:00 AM","T3","Departure","Domestic","180,480"
"2020 Aug 03 07:35:04 AM","2020 Jun 01 12:00:00 AM","TBIT","Arrival","Domestic","0"
"2018 Apr 18 03:12:41 PM","2009 Jun 01 12:00:00 AM","T8","Arrival","International","4,742"
"2018 Apr 18 03:12:41 PM","2014 Jun 01 12:00:00 AM","T4","Arrival","Domestic","378,355"
"2018 Apr 18 03:12:41 PM","2010 Jul 01 12:00:00 AM","T8","Arrival","Domestic","176,118"
"2019 Aug 23 03:41:00 PM","2019 Jul 01 12:00:00 AM","TBIT","Departure","Domestic","27,044"
"2018 Apr 18 03:12:41 PM","2007 Mar 01 12:00:00 AM","T6","Arrival","Domestic","214,580"
"2018 Apr 18 03:12:41 PM","2012 Jan 01 12:00:00 AM","T3","Arrival","International","15,325"
"2018 Apr 18 03:12:41 PM","2012 Sep 01 12:00:00 AM","T2","Arrival","International","196,266"
"2018 Apr 18 03:12:41 PM","2011 Mar 01 12:00:00 AM","T8","Arrival","International","3,781"
"2018 Apr 18 03:12:41 PM","2015 Jun 01 12:00:00 AM","T5","Departure","International","72,436"
"2018 Apr 18 03:12:41 PM","2012 Aug 01 12:00:00 AM","T4","Arrival","Domestic","470,197"
"2018 Apr 18 03:12:41 PM","2007 Dec 01 12:00:00 AM","T2","Departure","Domestic","100,670"
"2018 Apr 18 03:12:41 PM","2010 Sep 01 12:00:00 AM","T4","Departure","Domestic","348,656"
"2019 Mar 14 06:45:08 AM","2019 Feb 01 12:00:00 AM","T6","Departure","Domestic","204,641"
"2018 Apr 18 03:12:41 PM","2009 Oct 01 12:00:00 AM","T2","Arrival","International","130,475"
"2019 Jan 30 07:34:09 AM","2018 Dec 01 12:00:00 AM","Miscellaneous Terminal","Arrival","International","6,167"
"2018 Apr 18 03:12:41 PM","2007 Apr 01 12:00:00 AM","T6","Arrival","Domestic","218,441"
"2018 Apr 18 03:12:41 PM","2015 Jun 01 12:00:00 AM","T5","Departure","Domestic","420,349"
"2020 Jan 02 10:43:42 AM","2019 Nov 01 12:00:00 AM","T2","Departure","International","59,607"
"2018 Apr 18 03:12:41 PM","2017 Jul 01 12:00:00 AM","TBIT","Arrival","Domestic","9,949"
"2020 May 10 06:01:34 AM","2020 Apr 01 12:00:00 AM","Miscellaneous Terminal","Arrival","International","33"
"2018 Apr 18 03:12:41 PM","2011 Oct 01 12:00:00 AM","T5","Arrival","International","15,970"
"2018 Apr 18 03:12:41 PM","2017 Jul 01 12:00:00 AM","T3","Arrival","International","4,675"
"2018 Sep 10 06:01:25 AM","2018 Jul 01 12:00:00 AM","T4","Arrival","International","74,659"
"2018 Apr 18 03:12:41 PM","2006 Mar 01 12:00:00 AM","T5","Arrival","International","26,383"
"2018 Apr 18 03:12:41 PM","2014 Nov 01 12:00:00 AM","TBIT","Departure","Domestic","6,415"
"2018 Apr 18 03:12:41 PM","2014 Jun 01 12:00:00 AM","TBIT","Departure","International","474,097"
"2018 Apr 18 03:12:41 PM","2008 Dec 01 12:00:00 AM","T6","Arrival","International","219"
"2018 Apr 18 03:12:41 PM","2016 Jun 01 12:00:00 AM","T3","Departure","International","3,500"
"2018 Apr 18 03:12:41 PM","2016 Dec 01 12:00:00 AM","T3","Arrival","Domestic","333,465"
"2018 Apr 18 03:12:41 PM","2008 Oct 01 12:00:00 AM","Miscellaneous Terminal","Arrival","Domestic","101"
"2018 Apr 18 03:12:41 PM","2014 Jun 01 12:00:00 AM","T2","Arrival","Domestic","37,428"
"2018 Apr 18 03:12:41 PM","2014 Oct 01 12:00:00 AM","T3","Departure","International","2,286"
"2018 Apr 18 03:12:41 PM","2006 Feb 01 12:00:00 AM","T2","Departure","International","135,798"
"2018 Apr 18 03:12:41 PM","2011 May 01 12:00:00 AM","TBIT","Arrival","International","427,028"
"2018 Apr 18 03:12:41 PM","2015 May 01 12:00:00 AM","T5","Arrival","International","62,896"
"2018 Apr 18 03:12:41 PM","2006 Jun 01 12:00:00 AM","Imperial Terminal","Departure","Domestic","74"
"2018 Apr 18 03:12:41 PM","2016 Mar 01 12:00:00 AM","T1","Arrival","Domestic","391,257"
"2018 Apr 18 03:12:41 PM","2016 Jan 01 12:00:00 AM","T6","Arrival","International","3,939"
"2018 Apr 18 03:12:41 PM","2009 Aug 01 12:00:00 AM","TBIT","Departure","International","354,591"
"2021 Jan 10 06:01:37 AM","2020 Nov 01 12:00:00 AM","T4","Departure","International","9,892"
"2018 Apr 18 03:12:41 PM","2017 Jul 01 12:00:00 AM","Miscellaneous Terminal","Departure","Domestic","131,300"
"2018 Apr 18 03:12:41 PM","2011 Dec 01 12:00:00 AM","T6","Departure","Domestic","233,711"
"2018 Apr 18 03:12:41 PM","2012 Mar 01 12:00:00 AM","T8","Departure","International","10,535"
"2018 Apr 18 03:12:41 PM","2009 Nov 01 12:00:00 AM","Miscellaneous Terminal","Departure","Domestic","90"
"2018 Apr 18 03:12:41 PM","2012 Jul 01 12:00:00 AM","T4","Departure","International","42,629"
"2018 Apr 18 03:12:41 PM","2016 Apr 01 12:00:00 AM","T5","Arrival","Domestic","377,718"
"2018 Apr 18 03:12:41 PM","2014 Sep 01 12:00:00 AM","T8","Arrival","Domestic","103,515"
"2018 Apr 18 03:12:41 PM","2013 May 01 12:00:00 AM","T8","Arrival","International","3,036"
"2019 Apr 10 06:01:25 AM","2019 Mar 01 12:00:00 AM","T3","Arrival","Domestic","333,505"
"2018 Apr 18 03:12:41 PM","2017 Nov 01 12:00:00 AM","T7","Arrival","Domestic","303,708"
"2018 Nov 25 11:40:39 AM","2018 Oct 01 12:00:00 AM","T2","Departure","International","110,054"
"2018 May 23 07:44:39 AM","2018 Apr 01 12:00:00 AM","T5","Departure","Domestic","386,724"
"2020 Jul 10 06:01:26 AM","2020 Jun 01 12:00:00 AM","T1","Arrival","Domestic","100,256"
"2018 Apr 18 03:12:41 PM","2010 Jun 01 12:00:00 AM","T3","Arrival","International","15,291"
"2018 Apr 18 03:12:41 PM","2006 Nov 01 12:00:00 AM","T7","Departure","International","37,141"
"2018 Apr 18 03:12:41 PM","2006 Jul 01 12:00:00 AM","T2","Departure","Domestic","121,663"
"2018 Apr 18 03:12:41 PM","2013 Apr 01 12:00:00 AM","T7","Departure","Domestic","240,173"
"2018 Apr 18 03:12:41 PM","2008 Sep 01 12:00:00 AM","T2","Arrival","International","146,495"
"2018 Apr 18 03:12:41 PM","2011 Sep 01 12:00:00 AM","T2","Arrival","International","192,134"
"2018 Apr 18 03:12:41 PM","2015 Jul 01 12:00:00 AM","TBIT","Departure","Domestic","12,711"
"2018 Apr 18 03:12:41 PM","2012 Mar 01 12:00:00 AM","T7","Arrival","International","43,905"
"2018 Apr 18 03:12:41 PM","2012 May 01 12:00:00 AM","T8","Arrival","International","1,747"
"2018 Apr 18 03:12:41 PM","2006 Jul 01 12:00:00 AM","T3","Arrival","Domestic","181,198"
"2018 Apr 18 03:12:41 PM","2006 Sep 01 12:00:00 AM","T6","Departure","Domestic","203,971"
"2018 Apr 18 03:12:41 PM","2012 Aug 01 12:00:00 AM","T2","Departure","Domestic","36,818"
"2018 Apr 18 03:12:41 PM","2006 Mar 01 12:00:00 AM","TBIT","Arrival","International","379,129"
"2018 Apr 18 03:12:41 PM","2015 Mar 01 12:00:00 AM","TBIT","Departure","Domestic","6,912"
"2018 Apr 18 03:12:41 PM","2007 Jan 01 12:00:00 AM","T3","Arrival","International","23,551"
"2018 Apr 18 03:12:41 PM","2017 Jan 01 12:00:00 AM","T5","Arrival","Domestic","381,253"
"2018 Jul 11 02:24:22 PM","2018 May 01 12:00:00 AM","TBIT","Arrival","Domestic","8,005"
"2018 Apr 18 03:12:41 PM","2012 Jan 01 12:00:00 AM","Miscellaneous Terminal","Arrival","International","22"
"2018 Apr 18 03:12:41 PM","2006 Jul 01 12:00:00 AM","T3","Departure","Domestic","185,292"
"2018 Apr 18 03:12:41 PM","2012 Feb 01 12:00:00 AM","T8","Departure","Domestic","119,972"
"2018 Apr 18 03:12:41 PM","2016 May 01 12:00:00 AM","T7","Departure","International","44,019"
"2019 Jul 18 06:18:08 AM","2019 Jun 01 12:00:00 AM","T2","Arrival","Domestic","274,740"
"2018 Apr 18 03:12:41 PM","2009 Oct 01 12:00:00 AM","TBIT","Arrival","Domestic","9,043"
"2018 Apr 18 03:12:41 PM","2006 Jul 01 12:00:00 AM","Miscellaneous Terminal","Arrival","International","4"
"2018 Apr 18 03:12:41 PM","2009 May 01 12:00:00 AM","T7","Arrival","Domestic","279,955"
"2018 Apr 18 03:12:41 PM","2010 Jun 01 12:00:00 AM","T2","Departure","International","195,450"
"2018 Apr 18 03:12:41 PM","2014 Mar 01 12:00:00 AM","TBIT","Departure","International","335,678"
"2018 Apr 18 03:12:41 PM","2010 Dec 01 12:00:00 AM","TBIT","Arrival","International","384,360"
"2018 Apr 18 03:12:41 PM","2009 Jul 01 12:00:00 AM","Miscellaneous Terminal","Arrival","Domestic","75"
"2019 Nov 26 01:26:41 PM","2019 Oct 01 12:00:00 AM","T2","Arrival","Domestic","243,955"
"2018 Apr 18 03:12:41 PM","2017 Nov 01 12:00:00 AM","TBIT","Arrival","Domestic","8,007"
"2018 Apr 18 03:12:41 PM","2017 Oct 01 12:00:00 AM","Miscellaneous Terminal","Arrival","International","3,418"
"2018 Apr 18 03:12:41 PM","2012 Dec 01 12:00:00 AM","T3","Departure","International","19,740"
"2018 Apr 18 03:12:41 PM","2013 May 01 12:00:00 AM","T5","Departure","Domestic","287,029"
"2018 Apr 18 03:12:41 PM","2015 Jan 01 12:00:00 AM","T1","Arrival","Domestic","310,005"
"2018 Apr 18 03:12:41 PM","2017 Oct 01 12:00:00 AM","T4","Departure","Domestic","347,771"
"2018 Apr 18 03:12:41 PM","2016 May 01 12:00:00 AM","TBIT","Arrival","Domestic","15,544"
"2018 Apr 18 03:12:41 PM","2009 Oct 01 12:00:00 AM","TBIT","Departure","International","335,736"
"2018 Apr 18 03:12:41 PM","2009 Aug 01 12:00:00 AM","T7","Departure","Domestic","331,123"
"2018 Apr 18 03:12:41 PM","2015 Aug 01 12:00:00 AM","T3","Departure","Domestic","315,522"
"2018 Apr 18 03:12:41 PM","2009 Mar 01 12:00:00 AM","T7","Departure","International","27,282"
"2018 Apr 18 03:12:41 PM","2017 Jun 01 12:00:00 AM","T7","Departure","International","46,829"
"2018 Apr 18 03:12:41 PM","2014 May 01 12:00:00 AM","T3","Departure","International","2,951"
"2018 Aug 21 11:02:45 AM","2018 Jul 01 12:00:00 AM","T3","Arrival","Domestic","417,138"
"2018 Apr 18 03:12:41 PM","2011 Dec 01 12:00:00 AM","T5","Arrival","Domestic","171,462"
"2018 Apr 18 03:12:41 PM","2015 Sep 01 12:00:00 AM","T7","Arrival","International","56,735"
"2018 Apr 18 03:12:41 PM","2011 Jul 01 12:00:00 AM","TBIT","Departure","International","348,570"
"2019 Jul 10 06:01:27 AM","2019 May 01 12:00:00 AM","Miscellaneous Terminal","Arrival","International","6,838"
"2018 Apr 18 03:12:41 PM","2011 Apr 01 12:00:00 AM","T8","Departure","International","10,751"
"2018 Apr 18 03:12:41 PM","2007 Dec 01 12:00:00 AM","T1","Departure","International","264"
"2018 Apr 18 03:12:41 PM","2009 Aug 01 12:00:00 AM","T2","Departure","International","173,839"
"2018 Apr 18 03:12:41 PM","2017 May 01 12:00:00 AM","T1","Arrival","Domestic","416,522"
"2018 Apr 18 03:12:41 PM","2009 Feb 01 12:00:00 AM","TBIT","Departure","Domestic","3,284"
"2018 Apr 18 03:12:41 PM","2014 Jan 01 12:00:00 AM","T2","Arrival","International","206,664"
"2019 Apr 29 01:10:30 PM","2019 Feb 01 12:00:00 AM","T1","Departure","International","6,379"
"2018 Apr 18 03:12:41 PM","2012 Oct 01 12:00:00 AM","T8","Departure","International","3,122"
"2020 May 10 06:01:34 AM","2020 Apr 01 12:00:00 AM","T4","Departure","International","642"
"2018 Jul 11 02:24:22 PM","2018 May 01 12:00:00 AM","T6","Departure","Domestic","275,595"
"2018 Apr 18 03:12:41 PM","2017 Feb 01 12:00:00 AM","T3","Arrival","Domestic","288,113"
"2018 Apr 18 03:12:41 PM","2010 Oct 01 12:00:00 AM","T7","Arrival","Domestic","246,520"
"2018 Apr 18 03:12:41 PM","2018 Mar 01 12:00:00 AM","T2","Departure","International","109,685"
"2018 Apr 18 03:12:41 PM","2012 Feb 01 12:00:00 AM","T2","Departure","Domestic","17,696"
"2018 Apr 18 03:12:41 PM","2013 Oct 01 12:00:00 AM","TBIT","Departure","International","358,595"
"2018 Oct 29 10:20:51 AM","2018 Sep 01 12:00:00 AM","T2","Departure","International","115,034"
"2018 Apr 18 03:12:41 PM","2008 May 01 12:00:00 AM","T5","Departure","Domestic","183,853"
"2018 Apr 18 03:12:41 PM","2017 Jun 01 12:00:00 AM","T7","Departure","Domestic","317,379"
"2018 Apr 18 03:12:41 PM","2016 Jan 01 12:00:00 AM","Miscellaneous Terminal","Departure","International","4,547"
"2018 Apr 18 03:12:41 PM","2010 Jun 01 12:00:00 AM","T5","Arrival","International","15,391"
"2018 Apr 18 03:12:41 PM","2007 Aug 01 12:00:00 AM","T8","Arrival","International","3,675"
"2018 Apr 18 03:12:41 PM","2017 Jul 01 12:00:00 AM","T8","Arrival","International","6,902"
"2018 Apr 18 03:12:41 PM","2013 Feb 01 12:00:00 AM","T2","Arrival","Domestic","27,158"
"2018 Apr 18 03:12:41 PM","2012 Oct 01 12:00:00 AM","T8","Arrival","International","1,760"
"2018 Apr 18 03:12:41 PM","2015 Aug 01 12:00:00 AM","T3","Departure","International","3,476"
"2018 Apr 18 03:12:41 PM","2016 Aug 01 12:00:00 AM","T4","Departure","International","62,961"
"2019 May 28 06:24:45 AM","2019 Apr 01 12:00:00 AM","T2","Departure","International","81,568"
"2018 Apr 18 03:12:41 PM","2008 Jan 01 12:00:00 AM","T3","Arrival","International","14,729"
"2018 Apr 18 03:12:41 PM","2017 Dec 01 12:00:00 AM","T6","Departure","Domestic","261,583"
"2018 Apr 18 03:12:41 PM","2014 Sep 01 12:00:00 AM","T6","Arrival","International","10,200"
"2018 Apr 18 03:12:41 PM","2006 Nov 01 12:00:00 AM","TBIT","Departure","Domestic","95"
"2018 Apr 18 03:12:41 PM","2011 Dec 01 12:00:00 AM","T8","Departure","International","10,458"
"2018 Apr 18 03:12:41 PM","2010 Jul 01 12:00:00 AM","T5","Departure","Domestic","268,896"
"2018 Apr 18 03:12:41 PM","2013 Sep 01 12:00:00 AM","T5","Arrival","International","35,264"
"2020 Apr 08 09:58:08 AM","2020 Mar 01 12:00:00 AM","T1","Arrival","Domestic","144,724"
"2019 Jan 30 07:34:09 AM","2017 Jan 01 12:00:00 AM","TBIT","Arrival","International","629,044"
"2020 Aug 03 07:35:04 AM","2020 Jun 01 12:00:00 AM","T4","Departure","International","3,213"
"2018 Apr 18 03:12:41 PM","2011 Dec 01 12:00:00 AM","TBIT","Arrival","International","379,737"
"2018 Apr 18 03:12:41 PM","2007 May 01 12:00:00 AM","T3","Arrival","International","23,169"
"2019 Jul 18 06:18:08 AM","2019 Jun 01 12:00:00 AM","T5","Departure","Domestic","463,204"
"2019 Dec 10 06:01:20 AM","2019 Nov 01 12:00:00 AM","T6","Arrival","Domestic","230,781"
"2018 Apr 18 03:12:41 PM","2008 Jan 01 12:00:00 AM","T8","Arrival","International","3,418"
"2019 Sep 10 06:01:34 AM","2019 Aug 01 12:00:00 AM","T8","Arrival","International","3,054"
"2018 Apr 18 03:12:41 PM","2015 May 01 12:00:00 AM","T6","Departure","International","43,853"
"2018 Apr 18 03:12:41 PM","2010 Jun 01 12:00:00 AM","Imperial Terminal","Departure","Domestic","47"
"2018 Apr 18 03:12:41 PM","2007 May 01 12:00:00 AM","T2","Arrival","Domestic","104,777"
"2018 Apr 18 03:12:41 PM","2015 Sep 01 12:00:00 AM","T8","Departure","International","8,126"
"2018 Apr 18 03:12:41 PM","2010 Feb 01 12:00:00 AM","T1","Arrival","Domestic","293,345"
"2018 Apr 18 03:12:41 PM","2009 Jul 01 12:00:00 AM","T2","Arrival","International","158,876"
"2018 Apr 18 03:12:41 PM","2008 Feb 01 12:00:00 AM","T8","Arrival","Domestic","106,120"
"2018 Apr 18 03:12:41 PM","2014 Aug 01 12:00:00 AM","T5","Arrival","International","47,988"
"2018 Apr 18 03:12:41 PM","2008 Apr 01 12:00:00 AM","Miscellaneous Terminal","Arrival","Domestic","236"
"2018 Oct 29 10:20:51 AM","2016 May 01 12:00:00 AM","T2","Arrival","International","189,524"
"2018 Apr 18 03:12:41 PM","2015 Dec 01 12:00:00 AM","T8","Departure","International","13,873"
"2018 Apr 18 03:12:41 PM","2012 Oct 01 12:00:00 AM","Miscellaneous Terminal","Arrival","Domestic","506"
"2018 Apr 18 03:12:41 PM","2015 Jan 01 12:00:00 AM","T4","Departure","Domestic","319,466"
"2018 Apr 18 03:12:41 PM","2006 Dec 01 12:00:00 AM","TBIT","Departure","International","356,403"
"2018 Apr 18 03:12:41 PM","2011 Jan 01 12:00:00 AM","T2","Departure","Domestic","25,121"
"2018 Apr 18 03:12:41 PM","2016 Mar 01 12:00:00 AM","T5","Departure","Domestic","439,230"
"2018 Apr 18 03:12:41 PM","2013 Apr 01 12:00:00 AM","Miscellaneous Terminal","Departure","Domestic","74,560"
"2018 Oct 29 10:20:51 AM","2018 Sep 01 12:00:00 AM","T4","Arrival","International","65,418"
"2018 Apr 18 03:12:41 PM","2010 Feb 01 12:00:00 AM","T5","Arrival","International","21,897"
"2018 Apr 18 03:12:41 PM","2010 Aug 01 12:00:00 AM","T8","Departure","Domestic","170,990"
"2018 Apr 18 03:12:41 PM","2008 Dec 01 12:00:00 AM","T1","Departure","Domestic","391,340"
"2018 Jul 12 02:24:30 PM","2018 Jun 01 12:00:00 AM","T3","Departure","International","25,507"
"2018 Apr 18 03:12:41 PM","2013 Jul 01 12:00:00 AM","T8","Arrival","International","4,319"
"2018 Apr 18 03:12:41 PM","2015 Sep 01 12:00:00 AM","T8","Departure","Domestic","184,255"
"2018 Aug 21 11:02:45 AM","2018 Jul 01 12:00:00 AM","Miscellaneous Terminal","Arrival","International","6,988"
"2018 Apr 18 03:12:41 PM","2016 Jun 01 12:00:00 AM","T8","Departure","International","14,695"
"2018 Apr 18 03:12:41 PM","2011 Oct 01 12:00:00 AM","T5","Departure","International","24,441"
"2019 Sep 10 06:01:34 AM","2019 Aug 01 12:00:00 AM","T7","Arrival","International","77,288"
"2018 Apr 18 03:12:41 PM","2011 Dec 01 12:00:00 AM","T6","Arrival","Domestic","233,645"
"2020 Oct 27 08:53:01 AM","2020 Sep 01 12:00:00 AM","T7","Arrival","International","21,165"
"2020 Jan 02 10:43:42 AM","2019 Nov 01 12:00:00 AM","T2","Arrival","Domestic","228,150"
"2018 Apr 18 03:12:41 PM","2015 Jun 01 12:00:00 AM","T7","Arrival","Domestic","291,552"
"2018 Apr 18 03:12:41 PM","2013 Jan 01 12:00:00 AM","T7","Departure","International","45,756"
"2020 Feb 10 06:01:27 AM","2020 Jan 01 12:00:00 AM","T6","Arrival","Domestic","222,759"
"2018 Apr 18 03:12:41 PM","2011 Aug 01 12:00:00 AM","T3","Departure","Domestic","277,757"
"2018 Apr 18 03:12:41 PM","2013 Jun 01 12:00:00 AM","T5","Departure","Domestic","333,553"
"2019 Mar 10 06:01:32 AM","2019 Jan 01 12:00:00 AM","T8","Departure","Domestic","120,381"
"2018 Apr 18 03:12:41 PM","2012 Oct 01 12:00:00 AM","T7","Departure","Domestic","217,990"
"2018 Apr 18 03:12:41 PM","2011 Oct 01 12:00:00 AM","T4","Arrival","International","13,269"
"2019 Nov 14 03:00:43 PM","2019 Oct 01 12:00:00 AM","T4","Arrival","Domestic","358,476"
"2018 Jul 11 02:24:22 PM","2018 May 01 12:00:00 AM","T8","Arrival","Domestic","170,420"
"2018 Apr 18 03:12:41 PM","2010 Oct 01 12:00:00 AM","TBIT","Arrival","International","376,166"
"2018 Apr 18 03:12:41 PM","2009 Aug 01 12:00:00 AM","TBIT","Arrival","Domestic","8,511"
"2018 Apr 18 03:12:41 PM","2014 Aug 01 12:00:00 AM","T7","Arrival","Domestic","297,599"
"2018 Apr 18 03:12:41 PM","2010 Jan 01 12:00:00 AM","T4","Arrival","International","14,342"
"2018 Apr 18 03:12:41 PM","2017 Dec 01 12:00:00 AM","T8","Arrival","Domestic","117,076"
"2018 Apr 18 03:12:41 PM","2008 Dec 01 12:00:00 AM","T4","Departure","Domestic","362,857"
"2019 May 28 06:24:45 AM","2019 Apr 01 12:00:00 AM","TBIT","Departure","Domestic","19,034"
"2018 Dec 10 06:01:26 AM","2018 Oct 01 12:00:00 AM","Miscellaneous Terminal","Arrival","International","5,778"
"2018 Apr 18 03:12:41 PM","2010 Jan 01 12:00:00 AM","T4","Arrival","Domestic","350,123"
"2018 Apr 18 03:12:41 PM","2009 Nov 01 12:00:00 AM","T5","Arrival","International","14,893"
"2019 Nov 10 06:01:31 AM","2019 Sep 01 12:00:00 AM","TBIT","Departure","International","689,453"
"2018 Apr 18 03:12:41 PM","2011 Sep 01 12:00:00 AM","T1","Arrival","Domestic","354,794"
"2020 Apr 08 09:58:08 AM","2020 Mar 01 12:00:00 AM","T2","Departure","Domestic","150,723"
"2020 Jan 02 10:43:42 AM","2019 Nov 01 12:00:00 AM","T8","Departure","International","4,729"
"2018 Apr 18 03:12:41 PM","2008 Mar 01 12:00:00 AM","T5","Departure","International","45,622"
"2020 Nov 10 06:01:35 AM","2020 Oct 01 12:00:00 AM","T7","Departure","International","6,776"
"2020 Jun 01 07:57:59 AM","2020 Apr 01 12:00:00 AM","T6","Arrival","Domestic","2,122"
"2018 Apr 18 03:12:41 PM","2009 Apr 01 12:00:00 AM","Miscellaneous Terminal","Arrival","Domestic","91"
"2018 Apr 18 03:12:41 PM","2016 Jul 01 12:00:00 AM","T5","Arrival","Domestic","456,188"
"2018 Apr 18 03:12:41 PM","2009 Feb 01 12:00:00 AM","T5","Arrival","Domestic","130,776"
"2018 Nov 25 11:40:39 AM","2018 Oct 01 12:00:00 AM","TBIT","Arrival","International","722,027"
"2018 Apr 18 03:12:41 PM","2008 Mar 01 12:00:00 AM","T4","Departure","Domestic","399,899"
"2018 Apr 18 03:12:41 PM","2007 Apr 01 12:00:00 AM","T4","Departure","Domestic","419,868"
"2018 Apr 18 03:12:41 PM","2007 Jul 01 12:00:00 AM","T4","Departure","Domestic","455,875"
"2018 Apr 18 03:12:41 PM","2016 Apr 01 12:00:00 AM","T4","Departure","International","40,831"
"2019 May 28 06:24:45 AM","2019 Apr 01 12:00:00 AM","T4","Arrival","Domestic","389,152"
"2018 Apr 18 03:12:41 PM","2008 Mar 01 12:00:00 AM","T7","Departure","International","42,894"
"2018 Apr 18 03:12:41 PM","2007 Jan 01 12:00:00 AM","T5","Departure","Domestic","140,066"
"2018 Apr 18 03:12:41 PM","2016 Nov 01 12:00:00 AM","Miscellaneous Terminal","Arrival","International","2,449"
"2018 Dec 26 06:52:40 AM","2018 Nov 01 12:00:00 AM","T8","Arrival","Domestic","140,835"
"2018 Apr 18 03:12:41 PM","2016 Mar 01 12:00:00 AM","T7","Arrival","Domestic","252,744"
"2018 Apr 18 03:12:41 PM","2010 May 01 12:00:00 AM","T1","Arrival","Domestic","379,626"
"2020 Jan 10 06:01:24 AM","2019 Dec 01 12:00:00 AM","T3","Departure","International","43,388"
"2018 Apr 18 03:12:41 PM","2016 Feb 01 12:00:00 AM","T4","Arrival","Domestic","285,140"
"2019 Sep 27 07:57:24 AM","2019 Aug 01 12:00:00 AM","T5","Departure","Domestic","490,527"
"2018 Oct 29 10:20:51 AM","2018 Sep 01 12:00:00 AM","T6","Arrival","Domestic","231,807"
"2018 Apr 18 03:12:41 PM","2017 Sep 01 12:00:00 AM","Miscellaneous Terminal","Departure","Domestic","117,671"
"2018 Apr 18 03:12:41 PM","2012 Jan 01 12:00:00 AM","T1","Arrival","Domestic","336,700"
"2018 Apr 18 03:12:41 PM","2007 Jul 01 12:00:00 AM","T3","Departure","Domestic","232,281"
"2018 Apr 18 03:12:41 PM","2009 Dec 01 12:00:00 AM","T2","Departure","Domestic","19,806"
"2018 Apr 18 03:12:41 PM","2013 Nov 01 12:00:00 AM","T6","Arrival","Domestic","255,497"
"2018 Sep 26 09:27:08 AM","2018 Aug 01 12:00:00 AM","T8","Departure","International","14,694"
"2019 Apr 10 06:01:25 AM","2019 Mar 01 12:00:00 AM","T5","Departure","International","280"
"2020 Jun 01 07:57:59 AM","2020 Apr 01 12:00:00 AM","T6","Departure","Domestic","2,141"
"2018 Apr 18 03:12:41 PM","2006 May 01 12:00:00 AM","T4","Arrival","International","63,381"
"2019 Apr 29 01:10:30 PM","2019 Feb 01 12:00:00 AM","T1","Arrival","Domestic","350,796"
"2018 Apr 18 03:12:41 PM","2014 Aug 01 12:00:00 AM","T5","Departure","International","41,575"
"2018 Apr 18 03:12:41 PM","2016 Aug 01 12:00:00 AM","T8","Arrival","Domestic","197,349"
"2018 May 23 07:44:39 AM","2018 Mar 01 12:00:00 AM","Miscellaneous Terminal","Arrival","Domestic","118,278"
"2018 Dec 26 06:52:40 AM","2018 Nov 01 12:00:00 AM","T7","Arrival","Domestic","332,262"
"2018 Apr 18 03:12:41 PM","2008 Feb 01 12:00:00 AM","T4","Departure","Domestic","355,118"
"2018 Apr 18 03:12:41 PM","2017 Sep 01 12:00:00 AM","T1","Arrival","Domestic","380,077"
"2018 Apr 18 03:12:41 PM","2007 Jan 01 12:00:00 AM","TBIT","Arrival","International","394,233"
"2018 Apr 18 03:12:41 PM","2010 Mar 01 12:00:00 AM","T1","Departure","Domestic","363,379"
"2018 Apr 18 03:12:41 PM","2008 Sep 01 12:00:00 AM","T5","Departure","International","25,441"
"2018 Apr 18 03:12:41 PM","2007 Jun 01 12:00:00 AM","T5","Departure","Domestic","198,178"
"2018 Apr 18 03:12:41 PM","2009 Jun 01 12:00:00 AM","T7","Arrival","Domestic","299,649"
"2018 Apr 18 03:12:41 PM","2006 Nov 01 12:00:00 AM","T4","Departure","Domestic","398,286"
"2018 Dec 26 06:52:40 AM","2018 Nov 01 12:00:00 AM","T6","Departure","Domestic","239,403"
"2018 Apr 18 03:12:41 PM","2008 May 01 12:00:00 AM","T1","Departure","Domestic","424,599"
"2018 Apr 18 03:12:41 PM","2008 Sep 01 12:00:00 AM","T5","Arrival","International","16,926"
"2018 Apr 18 03:12:41 PM","2015 Apr 01 12:00:00 AM","T7","Arrival","Domestic","271,618"
"2018 Apr 18 03:12:41 PM","2016 Apr 01 12:00:00 AM","T3","Arrival","Domestic","309,816"
"2018 Apr 18 03:12:41 PM","2017 Jan 01 12:00:00 AM","T8","Arrival","International","5,442"
"2018 Apr 18 03:12:41 PM","2018 Mar 01 12:00:00 AM","T7","Departure","Domestic","366,663"
"2018 Apr 18 03:12:41 PM","2009 Aug 01 12:00:00 AM","T4","Arrival","Domestic","410,380"
"2018 Apr 18 03:12:41 PM","2012 Sep 01 12:00:00 AM","T1","Arrival","Domestic","382,802"
"2021 Feb 02 08:17:02 AM","2020 Dec 01 12:00:00 AM","TBIT","Departure","Domestic","28,094"
"2018 Apr 18 03:12:41 PM","2006 Jan 01 12:00:00 AM","T6","Arrival","Domestic","195,820"
"2018 Apr 18 03:12:41 PM","2013 Jan 01 12:00:00 AM","T2","Departure","Domestic","23,827"
"2018 Apr 18 03:12:41 PM","2007 Dec 01 12:00:00 AM","T7","Departure","International","51,628"
"2018 Apr 18 03:12:41 PM","2016 Dec 01 12:00:00 AM","T5","Departure","International","61,340"
"2018 Apr 18 03:12:41 PM","2016 Dec 01 12:00:00 AM","T7","Arrival","International","73,309"
"2018 Apr 18 03:12:41 PM","2015 Mar 01 12:00:00 AM","T5","Arrival","Domestic","364,628"
"2018 Apr 18 03:12:41 PM","2012 May 01 12:00:00 AM","T7","Arrival","Domestic","144,987"
"2018 Nov 10 06:01:27 AM","2018 Oct 01 12:00:00 AM","T8","Departure","International","5,739"
"2018 Apr 18 03:12:41 PM","2012 Mar 01 12:00:00 AM","T8","Arrival","Domestic","151,396"
"2018 Apr 18 03:12:41 PM","2006 Dec 01 12:00:00 AM","Miscellaneous Terminal","Arrival","International","3"
"2020 Apr 08 09:58:08 AM","2020 Feb 01 12:00:00 AM","T2","Departure","Domestic","236,040"
"2018 Apr 18 03:12:41 PM","2013 Oct 01 12:00:00 AM","Miscellaneous Terminal","Departure","Domestic","49,241"
"2018 Apr 18 03:12:41 PM","2009 Oct 01 12:00:00 AM","TBIT","Departure","Domestic","7,836"
"2018 Apr 18 03:12:41 PM","2007 Dec 01 12:00:00 AM","T4","Departure","Domestic","421,816"
"2018 Apr 18 03:12:41 PM","2016 May 01 12:00:00 AM","T6","Departure","International","45,514"
"2018 Apr 18 03:12:41 PM","2017 Aug 01 12:00:00 AM","T7","Departure","Domestic","336,641"
"2020 Feb 28 08:21:30 AM","2020 Jan 01 12:00:00 AM","T7","Departure","International","38,241"
"2018 Apr 18 03:12:41 PM","2011 Nov 01 12:00:00 AM","T2","Arrival","Domestic","20,698"
"2018 Apr 18 03:12:41 PM","2015 Jul 01 12:00:00 AM","T3","Arrival","Domestic","322,012"
"2018 Dec 26 06:52:40 AM","2018 Nov 01 12:00:00 AM","TBIT","Arrival","Domestic","6,863"
"2018 Apr 18 03:12:41 PM","2006 Jan 01 12:00:00 AM","T7","Arrival","Domestic","240,807"
"2018 Apr 18 03:12:41 PM","2016 Jul 01 12:00:00 AM","T2","Departure","International","251,712"
"2018 Apr 18 03:12:41 PM","2006 Aug 01 12:00:00 AM","T5","Departure","Domestic","188,285"
"2018 Apr 18 03:12:41 PM","2011 Dec 01 12:00:00 AM","T5","Arrival","International","37,446"
"2018 Apr 18 03:12:41 PM","2012 Oct 01 12:00:00 AM","TBIT","Departure","Domestic","6,003"
"2018 Sep 10 06:01:25 AM","2018 Jun 01 12:00:00 AM","T4","Arrival","International","65,009"
"2021 Jan 10 06:01:37 AM","2020 Dec 01 12:00:00 AM","T1","Departure","Domestic","94,397"
"2018 Apr 18 03:12:41 PM","2012 Jan 01 12:00:00 AM","T5","Arrival","International","35,450"
"2018 Apr 18 03:12:41 PM","2013 Apr 01 12:00:00 AM","T7","Departure","International","43,449"
"2018 Apr 18 03:12:41 PM","2012 May 01 12:00:00 AM","T2","Arrival","Domestic","24,343"
"2018 Apr 18 03:12:41 PM","2015 Dec 01 12:00:00 AM","T8","Arrival","Domestic","180,826"
"2018 Apr 18 03:12:41 PM","2009 Nov 01 12:00:00 AM","T3","Arrival","International","10,930"
"2018 Apr 18 03:12:41 PM","2012 Jul 01 12:00:00 AM","Miscellaneous Terminal","Arrival","Domestic","41"
"2018 Apr 18 03:12:41 PM","2010 Jul 01 12:00:00 AM","T5","Arrival","Domestic","279,427"
"2018 Apr 18 03:12:41 PM","2010 Jul 01 12:00:00 AM","T3","Departure","International","64,054"
"2018 Apr 18 03:12:41 PM","2014 Jul 01 12:00:00 AM","T2","Departure","Domestic","57,003"
"2018 Jul 11 02:24:22 PM","2018 May 01 12:00:00 AM","Miscellaneous Terminal","Departure","Domestic","120,322"
"2018 Apr 18 03:12:41 PM","2016 Jul 01 12:00:00 AM","T7","Arrival","International","84,816"
"2018 Aug 21 11:02:45 AM","2018 Jul 01 12:00:00 AM","T4","Departure","Domestic","369,497"
"2018 Apr 18 03:12:41 PM","2012 Feb 01 12:00:00 AM","T4","Departure","International","35,115"
"2020 Aug 27 07:15:54 AM","2020 Jul 01 12:00:00 AM","Miscellaneous Terminal","Departure","International","1"
"2018 Apr 18 03:12:41 PM","2009 Mar 01 12:00:00 AM","T8","Arrival","International","5,242"
"2018 Apr 18 03:12:41 PM","2007 Sep 01 12:00:00 AM","T3","Departure","International","45,666"
"2018 Apr 18 03:12:41 PM","2007 Mar 01 12:00:00 AM","T1","Departure","Domestic","438,017"
"2018 Apr 18 03:12:41 PM","2010 May 01 12:00:00 AM","T2","Arrival","International","160,993"
"2019 Jan 30 07:34:09 AM","2018 Dec 01 12:00:00 AM","T5","Departure","International","1,229"
"2018 Apr 18 03:12:41 PM","2016 Jan 01 12:00:00 AM","T3","Arrival","Domestic","279,427"
"2018 Aug 10 06:01:24 AM","2018 Jun 01 12:00:00 AM","Miscellaneous Terminal","Arrival","Domestic","119,934"
"2018 Apr 18 03:12:41 PM","2010 Jun 01 12:00:00 AM","T8","Departure","Domestic","166,571"
"2020 Aug 03 07:35:04 AM","2020 Jun 01 12:00:00 AM","T6","Arrival","International","3,945"
"2018 Apr 18 03:12:41 PM","2006 Jan 01 12:00:00 AM","T5","Arrival","International","32,634"
"2018 Oct 29 10:20:51 AM","2018 Aug 01 12:00:00 AM","TBIT","Arrival","International","875,712"
"2018 Apr 18 03:12:41 PM","2014 Nov 01 12:00:00 AM","T5","Departure","Domestic","302,379"
"2018 Apr 18 03:12:41 PM","2012 Jun 01 12:00:00 AM","T6","Departure","International","76,887"
"2018 Apr 18 03:12:41 PM","2016 Feb 01 12:00:00 AM","T4","Arrival","International","35,092"
"2018 Apr 18 03:12:41 PM","2008 Apr 01 12:00:00 AM","T7","Departure","International","38,032"
"2018 Apr 18 03:12:41 PM","2010 Jul 01 12:00:00 AM","T3","Departure","Domestic","187,429"
"2019 May 10 06:01:23 AM","2019 Apr 01 12:00:00 AM","T1","Departure","Domestic","410,231"
"2018 Apr 18 03:12:41 PM","2014 Sep 01 12:00:00 AM","T2","Arrival","International","192,710"
"2018 Apr 18 03:12:41 PM","2010 Apr 01 12:00:00 AM","T1","Departure","Domestic","356,612"
"2018 Apr 18 03:12:41 PM","2006 Feb 01 12:00:00 AM","T4","Departure","International","37,848"
"2018 Apr 18 03:12:41 PM","2011 Jun 01 12:00:00 AM","T4","Departure","International","49,012"
"2018 Apr 18 03:12:41 PM","2017 Sep 01 12:00:00 AM","T6","Arrival","International","67,339"
"2018 Apr 18 03:12:41 PM","2014 Jan 01 12:00:00 AM","T3","Departure","Domestic","215,106"
"2019 Sep 27 07:57:24 AM","2019 Aug 01 12:00:00 AM","T3","Arrival","Domestic","352,023"
"2018 Apr 18 03:12:41 PM","2010 Dec 01 12:00:00 AM","T6","Arrival","International","12,071"
"2018 Apr 18 03:12:41 PM","2011 Jul 01 12:00:00 AM","T2","Arrival","International","224,343"
"2018 Apr 18 03:12:41 PM","2016 Oct 01 12:00:00 AM","T7","Arrival","Domestic","314,898"
"2018 Apr 18 03:12:41 PM","2009 Jan 01 12:00:00 AM","T4","Departure","International","38,005"
"2018 Apr 18 03:12:41 PM","2010 Jan 01 12:00:00 AM","TBIT","Departure","Domestic","5,012"
"2018 Apr 18 03:12:41 PM","2017 Feb 01 12:00:00 AM","T7","Departure","International","31,668"
"2018 Apr 18 03:12:41 PM","2011 May 01 12:00:00 AM","T6","Arrival","Domestic","219,942"
"2018 Apr 18 03:12:41 PM","2007 Jun 01 12:00:00 AM","T3","Departure","International","58,056"
"2019 Apr 29 01:10:30 PM","2019 Jan 01 12:00:00 AM","T1","Departure","International","6,479"
"2018 Apr 18 03:12:41 PM","2011 Oct 01 12:00:00 AM","T6","Departure","International","13,654"
"2018 Apr 18 03:12:41 PM","2015 Apr 01 12:00:00 AM","T4","Departure","Domestic","358,547"
"2021 Feb 02 08:17:02 AM","2020 Dec 01 12:00:00 AM","T5","Arrival","Domestic","151,081"
"2020 Dec 07 01:58:36 PM","2020 Oct 01 12:00:00 AM","Miscellaneous Terminal","Departure","Domestic","635"
"2018 Apr 18 03:12:41 PM","2012 Feb 01 12:00:00 AM","T2","Arrival","Domestic","17,744"
"2018 Apr 18 03:12:41 PM","2006 Jan 01 12:00:00 AM","T4","Departure","Domestic","374,238"
"2018 Apr 18 03:12:41 PM","2010 May 01 12:00:00 AM","T6","Departure","International","16,012"
"2018 Apr 18 03:12:41 PM","2006 Feb 01 12:00:00 AM","T5","Arrival","International","26,363"
"2018 Apr 18 03:12:41 PM","2010 May 01 12:00:00 AM","T2","Departure","Domestic","16,511"
"2018 Apr 18 03:12:41 PM","2008 Oct 01 12:00:00 AM","T3","Arrival","Domestic","97,968"
"2018 Apr 18 03:12:41 PM","2017 Jun 01 12:00:00 AM","T5","Arrival","Domestic","438,808"
"2018 Apr 18 03:12:41 PM","2017 Dec 01 12:00:00 AM","T5","Departure","Domestic","375,843"
"2018 Apr 18 03:12:41 PM","2012 Apr 01 12:00:00 AM","T3","Departure","Domestic","191,660"
"2018 Apr 18 03:12:41 PM","2016 Oct 01 12:00:00 AM","T3","Arrival","Domestic","348,692"
"2018 Apr 18 03:12:41 PM","2012 Sep 01 12:00:00 AM","T6","Departure","Domestic","257,620"
"2018 Apr 18 03:12:41 PM","2018 Jan 01 12:00:00 AM","T6","Arrival","Domestic","242,067"
"2018 Apr 18 03:12:41 PM","2012 Feb 01 12:00:00 AM","T4","Arrival","International","5,995"
"2018 Apr 18 03:12:41 PM","2007 Oct 01 12:00:00 AM","T2","Arrival","Domestic","96,323"
"2019 Aug 23 03:41:00 PM","2019 Jul 01 12:00:00 AM","T5","Departure","International","143"
"2018 Oct 29 10:20:51 AM","2018 Sep 01 12:00:00 AM","Miscellaneous Terminal","Arrival","Domestic","121,861"
"2018 Apr 18 03:12:41 PM","2013 Dec 01 12:00:00 AM","T4","Departure","International","40,821"
"2018 Apr 18 03:12:41 PM","2007 Oct 01 12:00:00 AM","T3","Arrival","Domestic","164,666"
"2018 Apr 18 03:12:41 PM","2016 Sep 01 12:00:00 AM","T6","Arrival","International","11,306"
"2018 Apr 18 03:12:41 PM","2012 Nov 01 12:00:00 AM","T8","Departure","International","5,393"
"2020 Jan 10 06:01:24 AM","2019 Dec 01 12:00:00 AM","T8","Departure","Domestic","150,975"
"2020 May 10 06:01:34 AM","2020 Apr 01 12:00:00 AM","T7","Arrival","Domestic","15,607"
"2018 Apr 18 03:12:41 PM","2010 Aug 01 12:00:00 AM","T5","Departure","Domestic","261,580"
"2020 Jan 10 06:01:24 AM","2019 Dec 01 12:00:00 AM","T7","Departure","Domestic","343,315"
"2018 Apr 18 03:12:41 PM","2014 Jul 01 12:00:00 AM","T2","Arrival","International","241,065"
"2018 Apr 18 03:12:41 PM","2015 May 01 12:00:00 AM","T1","Departure","Domestic","378,406"
"2018 Apr 18 03:12:41 PM","2007 Sep 01 12:00:00 AM","T6","Departure","International","3,622"
"2018 Apr 18 03:12:41 PM","2016 Dec 01 12:00:00 AM","T3","Departure","Domestic","328,574"
"2019 Nov 10 06:01:31 AM","2019 Sep 01 12:00:00 AM","T3","Departure","International","43,242"
"2018 Oct 29 10:20:51 AM","2018 Jun 01 12:00:00 AM","TBIT","Arrival","International","795,067"
"2019 Jan 30 07:34:09 AM","2018 Dec 01 12:00:00 AM","T5","Arrival","Domestic","376,621"
"2018 Apr 18 03:12:41 PM","2007 Apr 01 12:00:00 AM","T8","Departure","Domestic","120,423"
"2018 Apr 18 03:12:41 PM","2012 Apr 01 12:00:00 AM","T3","Departure","International","20,150"
"2018 Apr 18 03:12:41 PM","2008 Jan 01 12:00:00 AM","T1","Arrival","Domestic","379,132"
"2018 Apr 18 03:12:41 PM","2015 May 01 12:00:00 AM","T4","Arrival","International","1,021"
"2018 Apr 18 03:12:41 PM","2015 Jul 01 12:00:00 AM","T2","Departure","Domestic","62,569"
"2018 Apr 18 03:12:41 PM","2010 Sep 01 12:00:00 AM","T5","Arrival","Domestic","224,902"
"2018 Apr 18 03:12:41 PM","2011 Mar 01 12:00:00 AM","Miscellaneous Terminal","Departure","Domestic","212"
"2018 Apr 18 03:12:41 PM","2017 Oct 01 12:00:00 AM","T6","Arrival","International","69,319"
"2019 Jan 30 07:34:09 AM","2018 Dec 01 12:00:00 AM","T4","Arrival","Domestic","386,235"
"2018 Apr 18 03:12:41 PM","2018 Feb 01 12:00:00 AM","TBIT","Departure","Domestic","20,040"
"2018 Apr 18 03:12:41 PM","2014 May 01 12:00:00 AM","TBIT","Departure","International","437,775"
"2018 Apr 18 03:12:41 PM","2016 Dec 01 12:00:00 AM","T4","Departure","International","68,545"
"2018 Apr 18 03:12:41 PM","2013 May 01 12:00:00 AM","T4","Arrival","Domestic","375,711"
"2019 Nov 10 06:01:31 AM","2019 Oct 01 12:00:00 AM","T7","Departure","International","36,105"
"2018 Apr 18 03:12:41 PM","2008 Feb 01 12:00:00 AM","TBIT","Arrival","Domestic","204"
"2018 Apr 18 03:12:41 PM","2011 Sep 01 12:00:00 AM","T7","Arrival","International","32,615"
"2018 Apr 18 03:12:41 PM","2012 Aug 01 12:00:00 AM","T5","Arrival","Domestic","283,053"
"2021 Feb 02 08:17:02 AM","2020 Dec 01 12:00:00 AM","T4","Arrival","International","1,304"
"2019 Apr 10 06:01:25 AM","2019 Mar 01 12:00:00 AM","T2","Departure","Domestic","268,838"
"2018 Apr 18 03:12:41 PM","2006 Oct 01 12:00:00 AM","T8","Arrival","Domestic","124,154"
"2018 Apr 18 03:12:41 PM","2012 Jun 01 12:00:00 AM","T1","Arrival","Domestic","429,152"
"2018 Apr 18 03:12:41 PM","2009 May 01 12:00:00 AM","Miscellaneous Terminal","Arrival","Domestic","57"
"2018 Apr 18 03:12:41 PM","2008 May 01 12:00:00 AM","T5","Arrival","Domestic","184,288"
"2018 Apr 18 03:12:41 PM","2011 Feb 01 12:00:00 AM","T3","Arrival","Domestic","176,948"
"2018 Apr 18 03:12:41 PM","2012 Mar 01 12:00:00 AM","T1","Arrival","Domestic","387,739"
"2018 Apr 18 03:12:41 PM","2006 May 01 12:00:00 AM","T5","Arrival","Domestic","150,001"
"2018 Apr 18 03:12:41 PM","2007 May 01 12:00:00 AM","TBIT","Departure","International","372,269"
"2018 Apr 18 03:12:41 PM","2012 Jun 01 12:00:00 AM","T2","Departure","International","209,660"
"2018 Apr 18 03:12:41 PM","2013 Mar 01 12:00:00 AM","T2","Departure","Domestic","28,779"
"2018 Apr 18 03:12:41 PM","2009 Oct 01 12:00:00 AM","T3","Departure","International","47,695"
"2018 Apr 18 03:12:41 PM","2008 Aug 01 12:00:00 AM","T6","Arrival","International","525"
"2018 Apr 18 03:12:41 PM","2018 Mar 01 12:00:00 AM","T5","Departure","International","2,137"
"2018 Apr 18 03:12:41 PM","2012 Oct 01 12:00:00 AM","T2","Departure","Domestic","31,869"
"2018 Apr 18 03:12:41 PM","2013 Feb 01 12:00:00 AM","Miscellaneous Terminal","Departure","International","270"
"2018 Apr 18 03:12:41 PM","2014 Feb 01 12:00:00 AM","T5","Departure","Domestic","275,123"
"2020 Feb 28 08:21:30 AM","2020 Jan 01 12:00:00 AM","TBIT","Arrival","Domestic","6,092"
"2018 Apr 18 03:12:41 PM","2007 Jun 01 12:00:00 AM","Miscellaneous Terminal","Departure","Domestic","5"
"2018 Apr 18 03:12:41 PM","2016 Nov 01 12:00:00 AM","T8","Arrival","International","4,026"
"2018 Apr 18 03:12:41 PM","2006 Feb 01 12:00:00 AM","T7","Arrival","International","29,077"
"2018 Apr 18 03:12:41 PM","2015 Dec 01 12:00:00 AM","T4","Departure","Domestic","351,640"
"2018 Jul 11 02:24:22 PM","2018 Jun 01 12:00:00 AM","T8","Arrival","International","6,418"
"2018 Apr 18 03:12:41 PM","2010 Apr 01 12:00:00 AM","T8","Departure","International","8,623"
"2018 Apr 18 03:12:41 PM","2008 Jun 01 12:00:00 AM","T5","Departure","Domestic","225,567"
"2018 Apr 18 03:12:41 PM","2016 May 01 12:00:00 AM","Miscellaneous Terminal","Departure","Domestic","100,759"
"2018 Apr 18 03:12:41 PM","2011 Feb 01 12:00:00 AM","T2","Arrival","International","156,696"
